window,train_start,train_end,validation_start,validation_end,target,horizon,model,transform,feature_set,MAE,RMSE,sMAPE,R2,directional_accuracy,UP_count,DOWN_count,UP_recall,DOWN_recall,always_up_accuracy,always_down_accuracy,N
Window_1,2016-01-04,2020-12-24,2021-01-05,2021-12-24,kdci,1d,Persistence,level,none,623.29,849.22,2.18,0.9912,N/A,126,116,N/A,N/A,52.1%,47.9%,242
Window_1,2016-01-04,2020-12-24,2021-01-05,2021-12-24,kdci,1d,Naive_Mean_Change,abs_change,none,623.0,848.88,2.18,0.9912,52.1%,126,116,100.0%,0.0%,52.1%,47.9%,242
Window_1,2016-01-04,2020-12-24,2021-01-05,2021-12-24,kdci,1d,Ridge,abs_change,full,638.04,890.05,2.16,0.9903,58.7%,126,116,98.4%,15.5%,52.1%,47.9%,242
Window_1,2016-01-04,2020-12-24,2021-01-05,2021-12-24,kdci,1d,XGBoost,abs_change,full,423.46,650.5,1.47,0.9948,96.7%,126,116,94.4%,99.1%,52.1%,47.9%,242
Window_1,2016-01-04,2020-12-24,2021-01-05,2021-12-24,kdci,1d,Neural_Net,abs_change,full,1545.5,1846.98,5.69,0.9583,49.2%,126,116,7.9%,94.0%,52.1%,47.9%,242
Window_1,2016-01-04,2020-12-24,2021-01-05,2021-12-24,kdci,1d,Ridge_Residual_Hybrid,abs_change,full,638.72,951.45,2.19,0.9889,66.5%,126,116,98.4%,31.9%,52.1%,47.9%,242
Window_1,2016-01-04,2020-12-24,2021-01-05,2021-12-24,kdci,1d,Validation_Weighted_Ensemble,abs_change,full,423.46,650.5,1.47,0.9948,96.7%,126,116,94.4%,99.1%,52.1%,47.9%,242
Window_1,2016-01-04,2020-12-24,2021-01-05,2021-12-24,kdci,7d,Persistence,level,none,3159.17,3947.98,10.88,0.7991,N/A,136,106,N/A,N/A,56.2%,43.8%,242
Window_1,2016-01-04,2020-12-24,2021-01-05,2021-12-24,kdci,7d,Naive_Mean_Change,abs_change,none,3152.42,3944.62,10.84,0.7994,56.2%,136,106,100.0%,0.0%,56.2%,43.8%,242
Window_1,2016-01-04,2020-12-24,2021-01-05,2021-12-24,kdci,7d,Ridge,abs_change,full,2502.1,3316.32,8.33,0.8582,75.6%,136,106,99.3%,45.3%,56.2%,43.8%,242
Window_1,2016-01-04,2020-12-24,2021-01-05,2021-12-24,kdci,7d,XGBoost,abs_change,full,1891.0,2653.03,6.35,0.9093,100.0%,136,106,100.0%,100.0%,56.2%,43.8%,242
Window_1,2016-01-04,2020-12-24,2021-01-05,2021-12-24,kdci,7d,Neural_Net,abs_change,full,3702.8,4666.15,13.17,0.7193,55.0%,136,106,31.6%,84.9%,56.2%,43.8%,242
Window_1,2016-01-04,2020-12-24,2021-01-05,2021-12-24,kdci,7d,Ridge_Residual_Hybrid,abs_change,full,2166.77,2858.11,7.24,0.8947,85.1%,136,106,99.3%,67.0%,56.2%,43.8%,242
Window_1,2016-01-04,2020-12-24,2021-01-05,2021-12-24,kdci,7d,Validation_Weighted_Ensemble,abs_change,full,1929.52,2655.79,6.47,0.9091,95.5%,136,106,100.0%,89.6%,56.2%,43.8%,242
Window_1,2016-01-04,2020-12-24,2021-01-05,2021-12-24,kdci,14d,Persistence,level,none,4953.96,6334.76,17.07,0.4699,N/A,138,104,N/A,N/A,57.0%,43.0%,242
Window_1,2016-01-04,2020-12-24,2021-01-05,2021-12-24,kdci,14d,Naive_Mean_Change,abs_change,none,4936.41,6329.13,16.96,0.4708,57.0%,138,104,100.0%,0.0%,57.0%,43.0%,242
Window_1,2016-01-04,2020-12-24,2021-01-05,2021-12-24,kdci,14d,Ridge,abs_change,full,3364.1,4582.34,11.26,0.7226,85.5%,138,104,97.1%,70.2%,57.0%,43.0%,242
Window_1,2016-01-04,2020-12-24,2021-01-05,2021-12-24,kdci,14d,XGBoost,abs_change,full,3025.32,4239.83,9.98,0.7625,100.0%,138,104,100.0%,100.0%,57.0%,43.0%,242
Window_1,2016-01-04,2020-12-24,2021-01-05,2021-12-24,kdci,14d,Neural_Net,abs_change,full,7917.33,9565.11,28.47,-0.2087,52.5%,138,104,21.7%,93.3%,57.0%,43.0%,242
Window_1,2016-01-04,2020-12-24,2021-01-05,2021-12-24,kdci,14d,Ridge_Residual_Hybrid,abs_change,full,2998.69,4168.0,9.95,0.7705,90.1%,138,104,97.8%,79.8%,57.0%,43.0%,242
Window_1,2016-01-04,2020-12-24,2021-01-05,2021-12-24,kdci,14d,Validation_Weighted_Ensemble,abs_change,full,2895.01,4103.74,9.58,0.7775,96.3%,138,104,100.0%,91.3%,57.0%,43.0%,242
Window_1,2016-01-04,2020-12-24,2021-01-05,2021-12-24,kdci,30d,Persistence,level,none,7103.86,8988.99,24.34,-0.1705,N/A,156,86,N/A,N/A,64.5%,35.5%,242
Window_1,2016-01-04,2020-12-24,2021-01-05,2021-12-24,kdci,30d,Naive_Mean_Change,abs_change,none,7025.55,8975.36,23.92,-0.167,64.5%,156,86,100.0%,0.0%,64.5%,35.5%,242
Window_1,2016-01-04,2020-12-24,2021-01-05,2021-12-24,kdci,30d,Ridge,abs_change,full,5623.53,6619.32,19.68,0.3653,62.0%,156,86,41.0%,100.0%,64.5%,35.5%,242
Window_1,2016-01-04,2020-12-24,2021-01-05,2021-12-24,kdci,30d,XGBoost,abs_change,full,4978.52,6598.07,17.27,0.3694,100.0%,156,86,100.0%,100.0%,64.5%,35.5%,242
Window_1,2016-01-04,2020-12-24,2021-01-05,2021-12-24,kdci,30d,Neural_Net,abs_change,full,12979.61,14263.94,56.17,-1.9473,36.0%,156,86,1.3%,98.8%,64.5%,35.5%,242
Window_1,2016-01-04,2020-12-24,2021-01-05,2021-12-24,kdci,30d,Ridge_Residual_Hybrid,abs_change,full,4888.93,5839.24,17.36,0.5061,74.0%,156,86,59.6%,100.0%,64.5%,35.5%,242
Window_1,2016-01-04,2020-12-24,2021-01-05,2021-12-24,kdci,30d,Validation_Weighted_Ensemble,abs_change,full,6349.48,7308.03,23.05,0.2263,54.5%,156,86,29.5%,100.0%,64.5%,35.5%,242
Window_1,2016-01-04,2020-12-24,2021-01-05,2021-12-24,cape,1d,Persistence,level,none,1549.67,2157.11,4.57,0.9796,N/A,125,117,N/A,N/A,51.7%,48.3%,242
Window_1,2016-01-04,2020-12-24,2021-01-05,2021-12-24,cape,1d,Naive_Mean_Change,abs_change,none,1549.25,2157.06,4.57,0.9796,51.7%,125,117,100.0%,0.0%,51.7%,48.3%,242
Window_1,2016-01-04,2020-12-24,2021-01-05,2021-12-24,cape,1d,Ridge,abs_change,full,1195.39,1746.43,3.46,0.9867,77.7%,125,117,96.8%,57.3%,51.7%,48.3%,242
Window_1,2016-01-04,2020-12-24,2021-01-05,2021-12-24,cape,1d,XGBoost,abs_change,full,914.3,1467.92,2.63,0.9906,97.9%,125,117,96.0%,100.0%,51.7%,48.3%,242
Window_1,2016-01-04,2020-12-24,2021-01-05,2021-12-24,cape,1d,Neural_Net,abs_change,full,4211.3,4904.4,13.15,0.8947,47.9%,125,117,3.2%,95.7%,51.7%,48.3%,242
Window_1,2016-01-04,2020-12-24,2021-01-05,2021-12-24,cape,1d,Ridge_Residual_Hybrid,abs_change,full,955.89,1414.45,2.83,0.9912,97.1%,125,117,100.0%,94.0%,51.7%,48.3%,242
Window_1,2016-01-04,2020-12-24,2021-01-05,2021-12-24,cape,1d,Validation_Weighted_Ensemble,abs_change,full,882.82,1381.16,2.58,0.9917,100.0%,125,117,100.0%,100.0%,51.7%,48.3%,242
Window_1,2016-01-04,2020-12-24,2021-01-05,2021-12-24,cape,7d,Persistence,level,none,6913.88,9260.94,19.46,0.626,N/A,138,104,N/A,N/A,57.0%,43.0%,242
Window_1,2016-01-04,2020-12-24,2021-01-05,2021-12-24,cape,7d,Naive_Mean_Change,abs_change,none,6904.03,9261.45,19.4,0.626,57.0%,138,104,100.0%,0.0%,57.0%,43.0%,242
Window_1,2016-01-04,2020-12-24,2021-01-05,2021-12-24,cape,7d,Ridge,abs_change,full,6186.88,7939.29,17.21,0.7251,76.9%,138,104,98.6%,48.1%,57.0%,43.0%,242
Window_1,2016-01-04,2020-12-24,2021-01-05,2021-12-24,cape,7d,XGBoost,abs_change,full,4090.22,6238.25,11.03,0.8303,98.3%,138,104,98.6%,98.1%,57.0%,43.0%,242
Window_1,2016-01-04,2020-12-24,2021-01-05,2021-12-24,cape,7d,Neural_Net,abs_change,full,6207.81,8641.98,18.52,0.6743,67.8%,138,104,60.9%,76.9%,57.0%,43.0%,242
Window_1,2016-01-04,2020-12-24,2021-01-05,2021-12-24,cape,7d,Ridge_Residual_Hybrid,abs_change,full,5327.96,6572.34,15.35,0.8116,86.4%,138,104,98.6%,70.2%,57.0%,43.0%,242
Window_1,2016-01-04,2020-12-24,2021-01-05,2021-12-24,cape,7d,Validation_Weighted_Ensemble,abs_change,full,4633.78,6153.57,13.13,0.8349,90.9%,138,104,98.6%,80.8%,57.0%,43.0%,242
Window_1,2016-01-04,2020-12-24,2021-01-05,2021-12-24,cape,14d,Persistence,level,none,10821.29,14477.77,30.39,0.121,N/A,139,103,N/A,N/A,57.4%,42.6%,242
Window_1,2016-01-04,2020-12-24,2021-01-05,2021-12-24,cape,14d,Naive_Mean_Change,abs_change,none,10789.14,14484.51,30.18,0.1201,57.4%,139,103,100.0%,0.0%,57.4%,42.6%,242
Window_1,2016-01-04,2020-12-24,2021-01-05,2021-12-24,cape,14d,Ridge,abs_change,full,7825.28,10753.19,21.87,0.5151,82.6%,139,103,97.8%,62.1%,57.4%,42.6%,242
Window_1,2016-01-04,2020-12-24,2021-01-05,2021-12-24,cape,14d,XGBoost,abs_change,full,6336.64,10228.48,17.38,0.5612,99.2%,139,103,100.0%,98.1%,57.4%,42.6%,242
Window_1,2016-01-04,2020-12-24,2021-01-05,2021-12-24,cape,14d,Neural_Net,abs_change,full,11581.87,15265.29,38.13,0.0227,59.5%,139,103,36.7%,90.3%,57.4%,42.6%,242
Window_1,2016-01-04,2020-12-24,2021-01-05,2021-12-24,cape,14d,Ridge_Residual_Hybrid,abs_change,full,7075.62,9721.7,20.09,0.6036,88.4%,139,103,98.6%,74.8%,57.4%,42.6%,242
Window_1,2016-01-04,2020-12-24,2021-01-05,2021-12-24,cape,14d,Validation_Weighted_Ensemble,abs_change,full,6140.64,9168.17,17.46,0.6475,89.3%,139,103,95.7%,80.6%,57.4%,42.6%,242
Window_1,2016-01-04,2020-12-24,2021-01-05,2021-12-24,cape,30d,Persistence,level,none,14402.2,18426.81,41.93,-0.3688,N/A,132,110,N/A,N/A,54.5%,45.5%,242
Window_1,2016-01-04,2020-12-24,2021-01-05,2021-12-24,cape,30d,Naive_Mean_Change,abs_change,none,14369.46,18444.26,41.6,-0.3714,54.5%,132,110,100.0%,0.0%,54.5%,45.5%,242
Window_1,2016-01-04,2020-12-24,2021-01-05,2021-12-24,cape,30d,Ridge,abs_change,full,7984.84,11015.95,23.04,0.5108,88.0%,132,110,84.1%,92.7%,54.5%,45.5%,242
Window_1,2016-01-04,2020-12-24,2021-01-05,2021-12-24,cape,30d,XGBoost,abs_change,full,8966.13,12705.85,26.88,0.3492,99.6%,132,110,99.2%,100.0%,54.5%,45.5%,242
Window_1,2016-01-04,2020-12-24,2021-01-05,2021-12-24,cape,30d,Neural_Net,abs_change,full,19737.82,24276.89,81.71,-1.3759,49.6%,132,110,9.8%,97.3%,54.5%,45.5%,242
Window_1,2016-01-04,2020-12-24,2021-01-05,2021-12-24,cape,30d,Ridge_Residual_Hybrid,abs_change,full,6748.23,9427.12,20.06,0.6417,94.6%,132,110,94.7%,94.5%,54.5%,45.5%,242
Window_1,2016-01-04,2020-12-24,2021-01-05,2021-12-24,cape,30d,Validation_Weighted_Ensemble,abs_change,full,6744.39,9536.24,20.1,0.6334,93.0%,132,110,91.7%,94.5%,54.5%,45.5%,242
Window_1,2016-01-04,2020-12-24,2021-01-05,2021-12-24,panamax,1d,Persistence,level,none,488.77,748.23,1.85,0.9889,N/A,130,111,N/A,N/A,53.7%,45.9%,242
Window_1,2016-01-04,2020-12-24,2021-01-05,2021-12-24,panamax,1d,Naive_Mean_Change,abs_change,none,488.27,747.77,1.84,0.9889,53.7%,130,111,100.0%,0.0%,53.7%,45.9%,242
Window_1,2016-01-04,2020-12-24,2021-01-05,2021-12-24,panamax,1d,Ridge,abs_change,full,392.47,631.31,1.5,0.9921,80.2%,130,111,92.3%,66.7%,53.7%,45.9%,242
Window_1,2016-01-04,2020-12-24,2021-01-05,2021-12-24,panamax,1d,XGBoost,abs_change,full,401.12,624.15,1.48,0.9922,99.6%,130,111,100.0%,100.0%,53.7%,45.9%,242
Window_1,2016-01-04,2020-12-24,2021-01-05,2021-12-24,panamax,1d,Neural_Net,abs_change,full,1131.49,1320.23,4.03,0.9653,47.1%,130,111,5.4%,96.4%,53.7%,45.9%,242
Window_1,2016-01-04,2020-12-24,2021-01-05,2021-12-24,panamax,1d,Ridge_Residual_Hybrid,abs_change,full,382.05,595.35,1.44,0.9929,91.7%,130,111,99.2%,83.8%,53.7%,45.9%,242
Window_1,2016-01-04,2020-12-24,2021-01-05,2021-12-24,panamax,1d,Validation_Weighted_Ensemble,abs_change,full,381.48,595.09,1.44,0.993,91.7%,130,111,99.2%,83.8%,53.7%,45.9%,242
Window_1,2016-01-04,2020-12-24,2021-01-05,2021-12-24,panamax,7d,Persistence,level,none,2599.29,3447.03,9.65,0.7388,N/A,139,103,N/A,N/A,57.4%,42.6%,242
Window_1,2016-01-04,2020-12-24,2021-01-05,2021-12-24,panamax,7d,Naive_Mean_Change,abs_change,none,2591.75,3441.94,9.61,0.7396,57.4%,139,103,100.0%,0.0%,57.4%,42.6%,242
Window_1,2016-01-04,2020-12-24,2021-01-05,2021-12-24,panamax,7d,Ridge,abs_change,full,2124.38,2864.96,7.9,0.8196,80.2%,139,103,73.4%,89.3%,57.4%,42.6%,242
Window_1,2016-01-04,2020-12-24,2021-01-05,2021-12-24,panamax,7d,XGBoost,abs_change,full,1834.86,2700.52,6.91,0.8397,100.0%,139,103,100.0%,100.0%,57.4%,42.6%,242
Window_1,2016-01-04,2020-12-24,2021-01-05,2021-12-24,panamax,7d,Neural_Net,abs_change,full,6492.19,7238.1,24.75,-0.1516,44.6%,139,103,4.3%,99.0%,57.4%,42.6%,242
Window_1,2016-01-04,2020-12-24,2021-01-05,2021-12-24,panamax,7d,Ridge_Residual_Hybrid,abs_change,full,1950.21,2658.18,7.28,0.8447,86.4%,139,103,81.3%,93.2%,57.4%,42.6%,242
Window_1,2016-01-04,2020-12-24,2021-01-05,2021-12-24,panamax,7d,Validation_Weighted_Ensemble,abs_change,full,1931.59,2652.48,7.22,0.8453,88.0%,139,103,84.2%,93.2%,57.4%,42.6%,242
Window_1,2016-01-04,2020-12-24,2021-01-05,2021-12-24,panamax,14d,Persistence,level,none,3695.67,4909.29,13.67,0.4205,N/A,139,103,N/A,N/A,57.4%,42.6%,242
Window_1,2016-01-04,2020-12-24,2021-01-05,2021-12-24,panamax,14d,Naive_Mean_Change,abs_change,none,3678.43,4897.55,13.57,0.4232,57.4%,139,103,100.0%,0.0%,57.4%,42.6%,242
Window_1,2016-01-04,2020-12-24,2021-01-05,2021-12-24,panamax,14d,Ridge,abs_change,full,3652.45,4328.35,13.22,0.5495,64.0%,139,103,39.6%,97.1%,57.4%,42.6%,242
Window_1,2016-01-04,2020-12-24,2021-01-05,2021-12-24,panamax,14d,XGBoost,abs_change,full,2721.79,3716.57,10.26,0.6679,100.0%,139,103,100.0%,100.0%,57.4%,42.6%,242
Window_1,2016-01-04,2020-12-24,2021-01-05,2021-12-24,panamax,14d,Neural_Net,abs_change,full,11622.9,12863.89,49.07,-2.9791,45.0%,139,103,4.3%,100.0%,57.4%,42.6%,242
Window_1,2016-01-04,2020-12-24,2021-01-05,2021-12-24,panamax,14d,Ridge_Residual_Hybrid,abs_change,full,3572.07,4164.69,12.93,0.5829,69.0%,139,103,47.5%,98.1%,57.4%,42.6%,242
Window_1,2016-01-04,2020-12-24,2021-01-05,2021-12-24,panamax,14d,Validation_Weighted_Ensemble,abs_change,full,3225.46,3908.17,11.81,0.6327,75.6%,139,103,58.3%,99.0%,57.4%,42.6%,242
Window_1,2016-01-04,2020-12-24,2021-01-05,2021-12-24,panamax,30d,Persistence,level,none,5377.11,6781.15,20.19,-0.2738,N/A,152,90,N/A,N/A,62.8%,37.2%,242
Window_1,2016-01-04,2020-12-24,2021-01-05,2021-12-24,panamax,30d,Naive_Mean_Change,abs_change,none,5311.91,6754.41,19.84,-0.2638,62.8%,152,90,100.0%,0.0%,62.8%,37.2%,242
Window_1,2016-01-04,2020-12-24,2021-01-05,2021-12-24,panamax,30d,Ridge,abs_change,full,6372.99,7141.62,24.72,-0.4129,49.2%,152,90,19.1%,100.0%,62.8%,37.2%,242
Window_1,2016-01-04,2020-12-24,2021-01-05,2021-12-24,panamax,30d,XGBoost,abs_change,full,3264.82,4491.52,12.33,0.4411,100.0%,152,90,100.0%,100.0%,62.8%,37.2%,242
Window_1,2016-01-04,2020-12-24,2021-01-05,2021-12-24,panamax,30d,Neural_Net,abs_change,full,12850.19,14191.88,57.27,-4.5794,45.0%,152,90,12.5%,100.0%,62.8%,37.2%,242
Window_1,2016-01-04,2020-12-24,2021-01-05,2021-12-24,panamax,30d,Ridge_Residual_Hybrid,abs_change,full,5519.18,6220.85,20.96,-0.072,50.8%,152,90,21.7%,100.0%,62.8%,37.2%,242
Window_1,2016-01-04,2020-12-24,2021-01-05,2021-12-24,panamax,30d,Validation_Weighted_Ensemble,abs_change,full,5091.51,5754.3,19.18,0.0827,53.7%,152,90,26.3%,100.0%,62.8%,37.2%,242
Window_1,2016-01-04,2020-12-24,2021-01-05,2021-12-24,supramax,1d,Persistence,level,none,338.09,476.99,1.28,0.9962,N/A,158,84,N/A,N/A,65.3%,34.7%,242
Window_1,2016-01-04,2020-12-24,2021-01-05,2021-12-24,supramax,1d,Naive_Mean_Change,abs_change,none,336.76,476.41,1.28,0.9962,65.3%,158,84,100.0%,0.0%,65.3%,34.7%,242
Window_1,2016-01-04,2020-12-24,2021-01-05,2021-12-24,supramax,1d,Ridge,abs_change,full,324.51,484.23,1.19,0.9961,60.3%,158,84,67.7%,46.4%,65.3%,34.7%,242
Window_1,2016-01-04,2020-12-24,2021-01-05,2021-12-24,supramax,1d,XGBoost,abs_change,full,322.29,437.5,1.22,0.9968,62.0%,158,84,41.8%,100.0%,65.3%,34.7%,242
Window_1,2016-01-04,2020-12-24,2021-01-05,2021-12-24,supramax,1d,Neural_Net,abs_change,full,822.15,922.76,3.14,0.9859,34.7%,158,84,0.6%,98.8%,65.3%,34.7%,242
Window_1,2016-01-04,2020-12-24,2021-01-05,2021-12-24,supramax,1d,Ridge_Residual_Hybrid,abs_change,full,333.33,538.19,1.23,0.9952,69.0%,158,84,73.4%,60.7%,65.3%,34.7%,242
Window_1,2016-01-04,2020-12-24,2021-01-05,2021-12-24,supramax,1d,Validation_Weighted_Ensemble,abs_change,full,322.29,437.5,1.22,0.9968,62.0%,158,84,41.8%,100.0%,65.3%,34.7%,242
Window_1,2016-01-04,2020-12-24,2021-01-05,2021-12-24,supramax,7d,Persistence,level,none,2073.42,2759.06,7.95,0.8591,N/A,152,90,N/A,N/A,62.8%,37.2%,242
Window_1,2016-01-04,2020-12-24,2021-01-05,2021-12-24,supramax,7d,Naive_Mean_Change,abs_change,none,2065.2,2754.45,7.9,0.8595,62.8%,152,90,100.0%,0.0%,62.8%,37.2%,242
Window_1,2016-01-04,2020-12-24,2021-01-05,2021-12-24,supramax,7d,Ridge,abs_change,full,1768.2,2366.92,6.47,0.8963,68.2%,152,90,59.9%,82.2%,62.8%,37.2%,242
Window_1,2016-01-04,2020-12-24,2021-01-05,2021-12-24,supramax,7d,XGBoost,abs_change,full,1467.68,2229.67,5.55,0.908,99.2%,152,90,100.0%,97.8%,62.8%,37.2%,242
Window_1,2016-01-04,2020-12-24,2021-01-05,2021-12-24,supramax,7d,Neural_Net,abs_change,full,3147.18,3771.06,11.55,0.7367,40.9%,152,90,15.1%,84.4%,62.8%,37.2%,242
Window_1,2016-01-04,2020-12-24,2021-01-05,2021-12-24,supramax,7d,Ridge_Residual_Hybrid,abs_change,full,1678.73,2290.25,6.11,0.9029,73.1%,152,90,65.1%,86.7%,62.8%,37.2%,242
Window_1,2016-01-04,2020-12-24,2021-01-05,2021-12-24,supramax,7d,Validation_Weighted_Ensemble,abs_change,full,1541.86,2225.53,5.73,0.9083,95.0%,152,90,94.7%,95.6%,62.8%,37.2%,242
Window_1,2016-01-04,2020-12-24,2021-01-05,2021-12-24,supramax,14d,Persistence,level,none,3511.49,4613.42,13.63,0.554,N/A,158,84,N/A,N/A,65.3%,34.7%,242
Window_1,2016-01-04,2020-12-24,2021-01-05,2021-12-24,supramax,14d,Naive_Mean_Change,abs_change,none,3490.5,4603.0,13.5,0.556,65.3%,158,84,100.0%,0.0%,65.3%,34.7%,242
Window_1,2016-01-04,2020-12-24,2021-01-05,2021-12-24,supramax,14d,Ridge,abs_change,full,3321.37,4091.49,12.3,0.6492,62.8%,158,84,46.2%,94.0%,65.3%,34.7%,242
Window_1,2016-01-04,2020-12-24,2021-01-05,2021-12-24,supramax,14d,XGBoost,abs_change,full,2547.35,3640.5,9.86,0.7223,97.5%,158,84,96.2%,100.0%,65.3%,34.7%,242
Window_1,2016-01-04,2020-12-24,2021-01-05,2021-12-24,supramax,14d,Neural_Net,abs_change,full,6215.76,7174.73,23.95,-0.0788,42.1%,158,84,15.2%,92.9%,65.3%,34.7%,242
Window_1,2016-01-04,2020-12-24,2021-01-05,2021-12-24,supramax,14d,Ridge_Residual_Hybrid,abs_change,full,3204.5,3901.09,11.86,0.6811,68.6%,158,84,51.9%,100.0%,65.3%,34.7%,242
Window_1,2016-01-04,2020-12-24,2021-01-05,2021-12-24,supramax,14d,Validation_Weighted_Ensemble,abs_change,full,3039.28,3787.69,11.32,0.6993,74.4%,158,84,60.8%,100.0%,65.3%,34.7%,242
Window_1,2016-01-04,2020-12-24,2021-01-05,2021-12-24,supramax,30d,Persistence,level,none,5257.43,6619.36,20.68,-0.2679,N/A,166,76,N/A,N/A,68.6%,31.4%,242
Window_1,2016-01-04,2020-12-24,2021-01-05,2021-12-24,supramax,30d,Naive_Mean_Change,abs_change,none,5188.5,6584.44,20.3,-0.2546,68.6%,166,76,100.0%,0.0%,68.6%,31.4%,242
Window_1,2016-01-04,2020-12-24,2021-01-05,2021-12-24,supramax,30d,Ridge,abs_change,full,6207.45,6946.95,24.2,-0.3965,45.0%,166,76,19.9%,100.0%,68.6%,31.4%,242
Window_1,2016-01-04,2020-12-24,2021-01-05,2021-12-24,supramax,30d,XGBoost,abs_change,full,3879.5,5188.51,15.29,0.221,99.2%,166,76,98.8%,100.0%,68.6%,31.4%,242
Window_1,2016-01-04,2020-12-24,2021-01-05,2021-12-24,supramax,30d,Neural_Net,abs_change,full,12096.34,12751.82,53.47,-3.7054,40.1%,166,76,12.7%,100.0%,68.6%,31.4%,242
Window_1,2016-01-04,2020-12-24,2021-01-05,2021-12-24,supramax,30d,Ridge_Residual_Hybrid,abs_change,full,6002.72,6725.1,23.3,-0.3087,45.5%,166,76,20.5%,100.0%,68.6%,31.4%,242
Window_1,2016-01-04,2020-12-24,2021-01-05,2021-12-24,supramax,30d,Validation_Weighted_Ensemble,abs_change,full,8056.48,8815.77,32.65,-1.2489,44.6%,166,76,19.3%,100.0%,68.6%,31.4%,242
Window_1,2016-01-04,2020-12-24,2021-01-05,2021-12-24,handy,1d,Persistence,level,none,308.01,444.62,1.37,0.996,N/A,154,87,N/A,N/A,63.6%,36.0%,242
Window_1,2016-01-04,2020-12-24,2021-01-05,2021-12-24,handy,1d,Naive_Mean_Change,abs_change,none,307.05,444.15,1.36,0.996,63.6%,154,87,100.0%,0.0%,63.6%,36.0%,242
Window_1,2016-01-04,2020-12-24,2021-01-05,2021-12-24,handy,1d,Ridge,abs_change,full,294.24,447.0,1.27,0.996,69.0%,154,87,89.0%,34.5%,63.6%,36.0%,242
Window_1,2016-01-04,2020-12-24,2021-01-05,2021-12-24,handy,1d,XGBoost,abs_change,full,223.46,363.34,1.0,0.9973,99.6%,154,87,100.0%,100.0%,63.6%,36.0%,242
Window_1,2016-01-04,2020-12-24,2021-01-05,2021-12-24,handy,1d,Neural_Net,abs_change,full,564.17,677.93,2.46,0.9907,36.4%,154,87,3.2%,95.4%,63.6%,36.0%,242
Window_1,2016-01-04,2020-12-24,2021-01-05,2021-12-24,handy,1d,Ridge_Residual_Hybrid,abs_change,full,301.75,483.35,1.31,0.9953,75.2%,154,87,94.2%,42.5%,63.6%,36.0%,242
Window_1,2016-01-04,2020-12-24,2021-01-05,2021-12-24,handy,1d,Validation_Weighted_Ensemble,abs_change,full,223.46,363.34,1.0,0.9973,99.6%,154,87,100.0%,100.0%,63.6%,36.0%,242
Window_1,2016-01-04,2020-12-24,2021-01-05,2021-12-24,handy,7d,Persistence,level,none,1855.74,2501.04,8.34,0.8576,N/A,149,93,N/A,N/A,61.6%,38.4%,242
Window_1,2016-01-04,2020-12-24,2021-01-05,2021-12-24,handy,7d,Naive_Mean_Change,abs_change,none,1849.57,2497.18,8.3,0.858,61.6%,149,93,100.0%,0.0%,61.6%,38.4%,242
Window_1,2016-01-04,2020-12-24,2021-01-05,2021-12-24,handy,7d,Ridge,abs_change,full,1556.86,2208.46,6.79,0.889,89.3%,149,93,91.9%,84.9%,61.6%,38.4%,242
Window_1,2016-01-04,2020-12-24,2021-01-05,2021-12-24,handy,7d,XGBoost,abs_change,full,1372.14,2088.82,6.1,0.9007,98.8%,149,93,100.0%,96.8%,61.6%,38.4%,242
Window_1,2016-01-04,2020-12-24,2021-01-05,2021-12-24,handy,7d,Neural_Net,abs_change,full,2530.04,3074.91,10.86,0.7847,44.6%,149,93,16.1%,90.3%,61.6%,38.4%,242
Window_1,2016-01-04,2020-12-24,2021-01-05,2021-12-24,handy,7d,Ridge_Residual_Hybrid,abs_change,full,1404.89,2088.17,6.19,0.9007,95.9%,149,93,100.0%,89.2%,61.6%,38.4%,242
Window_1,2016-01-04,2020-12-24,2021-01-05,2021-12-24,handy,7d,Validation_Weighted_Ensemble,abs_change,full,1385.06,2083.47,6.11,0.9012,99.6%,149,93,100.0%,98.9%,61.6%,38.4%,242
Window_1,2016-01-04,2020-12-24,2021-01-05,2021-12-24,handy,14d,Persistence,level,none,3104.38,4253.09,14.16,0.5314,N/A,150,92,N/A,N/A,62.0%,38.0%,242
Window_1,2016-01-04,2020-12-24,2021-01-05,2021-12-24,handy,14d,Naive_Mean_Change,abs_change,none,3090.73,4244.56,14.04,0.5333,62.0%,150,92,100.0%,0.0%,62.0%,38.0%,242
Window_1,2016-01-04,2020-12-24,2021-01-05,2021-12-24,handy,14d,Ridge,abs_change,full,2742.52,3796.61,12.06,0.6266,78.9%,150,92,70.7%,92.4%,62.0%,38.0%,242
Window_1,2016-01-04,2020-12-24,2021-01-05,2021-12-24,handy,14d,XGBoost,abs_change,full,2373.16,3599.57,10.59,0.6643,100.0%,150,92,100.0%,100.0%,62.0%,38.0%,242
Window_1,2016-01-04,2020-12-24,2021-01-05,2021-12-24,handy,14d,Neural_Net,abs_change,full,4913.87,5775.95,21.6,0.1357,49.2%,150,92,18.0%,100.0%,62.0%,38.0%,242
Window_1,2016-01-04,2020-12-24,2021-01-05,2021-12-24,handy,14d,Ridge_Residual_Hybrid,abs_change,full,2551.46,3619.75,11.28,0.6606,90.9%,150,92,86.7%,97.8%,62.0%,38.0%,242
Window_1,2016-01-04,2020-12-24,2021-01-05,2021-12-24,handy,14d,Validation_Weighted_Ensemble,abs_change,full,2638.12,3673.13,11.62,0.6505,81.8%,150,92,70.7%,100.0%,62.0%,38.0%,242
Window_1,2016-01-04,2020-12-24,2021-01-05,2021-12-24,handy,30d,Persistence,level,none,4819.09,6355.9,22.04,-0.4764,N/A,165,77,N/A,N/A,68.2%,31.8%,242
Window_1,2016-01-04,2020-12-24,2021-01-05,2021-12-24,handy,30d,Naive_Mean_Change,abs_change,none,4766.15,6328.41,21.69,-0.4636,68.2%,165,77,100.0%,0.0%,68.2%,31.8%,242
Window_1,2016-01-04,2020-12-24,2021-01-05,2021-12-24,handy,30d,Ridge,abs_change,full,4887.22,5703.48,21.85,-0.1888,47.1%,165,77,22.4%,100.0%,68.2%,31.8%,242
Window_1,2016-01-04,2020-12-24,2021-01-05,2021-12-24,handy,30d,XGBoost,abs_change,full,3573.1,5138.59,16.06,0.035,97.5%,165,77,100.0%,92.2%,68.2%,31.8%,242
Window_1,2016-01-04,2020-12-24,2021-01-05,2021-12-24,handy,30d,Neural_Net,abs_change,full,8613.35,9492.85,41.82,-2.2934,41.7%,165,77,14.5%,100.0%,68.2%,31.8%,242
Window_1,2016-01-04,2020-12-24,2021-01-05,2021-12-24,handy,30d,Ridge_Residual_Hybrid,abs_change,full,4687.29,5499.66,20.81,-0.1054,51.2%,165,77,28.5%,100.0%,68.2%,31.8%,242
Window_1,2016-01-04,2020-12-24,2021-01-05,2021-12-24,handy,30d,Validation_Weighted_Ensemble,abs_change,full,7248.79,8072.07,34.16,-1.3813,43.8%,165,77,17.6%,100.0%,68.2%,31.8%,242
Window_2,2016-01-04,2021-12-24,2022-01-03,2022-12-23,kdci,1d,Persistence,level,none,452.61,620.63,2.23,0.9882,N/A,102,139,N/A,N/A,42.3%,57.7%,241
Window_2,2016-01-04,2021-12-24,2022-01-03,2022-12-23,kdci,1d,Naive_Mean_Change,abs_change,none,454.69,621.77,2.24,0.9882,42.3%,102,139,100.0%,0.0%,42.3%,57.7%,241
Window_2,2016-01-04,2021-12-24,2022-01-03,2022-12-23,kdci,1d,Ridge,abs_change,full,324.49,493.69,1.61,0.9925,88.4%,102,139,85.3%,90.6%,42.3%,57.7%,241
Window_2,2016-01-04,2021-12-24,2022-01-03,2022-12-23,kdci,1d,XGBoost,abs_change,full,285.68,395.9,1.41,0.9952,97.5%,102,139,100.0%,95.7%,42.3%,57.7%,241
Window_2,2016-01-04,2021-12-24,2022-01-03,2022-12-23,kdci,1d,Neural_Net,abs_change,full,2568.29,23611.18,5.65,-16.0419,60.6%,102,139,55.9%,64.0%,42.3%,57.7%,241
Window_2,2016-01-04,2021-12-24,2022-01-03,2022-12-23,kdci,1d,Ridge_Residual_Hybrid,abs_change,full,339.12,509.13,1.68,0.9921,95.9%,102,139,93.1%,97.8%,42.3%,57.7%,241
Window_2,2016-01-04,2021-12-24,2022-01-03,2022-12-23,kdci,1d,Validation_Weighted_Ensemble,abs_change,full,262.98,376.05,1.3,0.9957,97.9%,102,139,100.0%,96.4%,42.3%,57.7%,241
Window_2,2016-01-04,2021-12-24,2022-01-03,2022-12-23,kdci,7d,Persistence,level,none,2266.95,2822.49,11.11,0.7695,N/A,102,139,N/A,N/A,42.3%,57.7%,241
Window_2,2016-01-04,2021-12-24,2022-01-03,2022-12-23,kdci,7d,Naive_Mean_Change,abs_change,none,2281.72,2835.42,11.17,0.7674,42.3%,102,139,100.0%,0.0%,42.3%,57.7%,241
Window_2,2016-01-04,2021-12-24,2022-01-03,2022-12-23,kdci,7d,Ridge,abs_change,full,2193.28,10115.34,8.43,-1.9609,84.6%,102,139,88.2%,82.0%,42.3%,57.7%,241
Window_2,2016-01-04,2021-12-24,2022-01-03,2022-12-23,kdci,7d,XGBoost,abs_change,full,1184.27,1522.54,5.99,0.9329,100.0%,102,139,100.0%,100.0%,42.3%,57.7%,241
Window_2,2016-01-04,2021-12-24,2022-01-03,2022-12-23,kdci,7d,Neural_Net,abs_change,full,5449.82,35234.96,17.23,-34.9265,65.6%,102,139,77.5%,56.8%,42.3%,57.7%,241
Window_2,2016-01-04,2021-12-24,2022-01-03,2022-12-23,kdci,7d,Ridge_Residual_Hybrid,abs_change,full,2184.73,10101.37,8.44,-1.9528,84.6%,102,139,89.2%,81.3%,42.3%,57.7%,241
Window_2,2016-01-04,2021-12-24,2022-01-03,2022-12-23,kdci,7d,Validation_Weighted_Ensemble,abs_change,full,1181.78,1521.82,5.98,0.933,100.0%,102,139,100.0%,100.0%,42.3%,57.7%,241
Window_2,2016-01-04,2021-12-24,2022-01-03,2022-12-23,kdci,14d,Persistence,level,none,3852.88,4497.04,18.85,0.4634,N/A,91,150,N/A,N/A,37.8%,62.2%,241
Window_2,2016-01-04,2021-12-24,2022-01-03,2022-12-23,kdci,14d,Naive_Mean_Change,abs_change,none,3895.75,4523.58,19.02,0.457,37.8%,91,150,100.0%,0.0%,37.8%,62.2%,241
Window_2,2016-01-04,2021-12-24,2022-01-03,2022-12-23,kdci,14d,Ridge,abs_change,full,3512.99,12669.56,14.08,-3.2594,77.6%,91,150,94.5%,67.3%,37.8%,62.2%,241
Window_2,2016-01-04,2021-12-24,2022-01-03,2022-12-23,kdci,14d,XGBoost,abs_change,full,1503.52,1926.4,7.54,0.9015,99.6%,91,150,98.9%,100.0%,37.8%,62.2%,241
Window_2,2016-01-04,2021-12-24,2022-01-03,2022-12-23,kdci,14d,Neural_Net,abs_change,full,8564.62,76704.42,19.96,-155.1209,74.7%,91,150,94.5%,62.7%,37.8%,62.2%,241
Window_2,2016-01-04,2021-12-24,2022-01-03,2022-12-23,kdci,14d,Ridge_Residual_Hybrid,abs_change,full,3549.96,12691.19,14.33,-3.2739,74.3%,91,150,94.5%,62.0%,37.8%,62.2%,241
Window_2,2016-01-04,2021-12-24,2022-01-03,2022-12-23,kdci,14d,Validation_Weighted_Ensemble,abs_change,full,1503.02,1925.79,7.54,0.9016,99.6%,91,150,98.9%,100.0%,37.8%,62.2%,241
Window_2,2016-01-04,2021-12-24,2022-01-03,2022-12-23,kdci,30d,Persistence,level,none,5106.83,6050.88,26.41,0.2086,N/A,84,157,N/A,N/A,34.9%,65.1%,241
Window_2,2016-01-04,2021-12-24,2022-01-03,2022-12-23,kdci,30d,Naive_Mean_Change,abs_change,none,5207.79,6128.43,26.83,0.1882,34.9%,84,157,100.0%,0.0%,34.9%,65.1%,241
Window_2,2016-01-04,2021-12-24,2022-01-03,2022-12-23,kdci,30d,Ridge,abs_change,full,5864.45,15985.59,24.94,-4.5233,61.0%,84,157,83.3%,49.0%,34.9%,65.1%,241
Window_2,2016-01-04,2021-12-24,2022-01-03,2022-12-23,kdci,30d,XGBoost,abs_change,full,2469.53,3243.19,12.85,0.7727,100.0%,84,157,100.0%,100.0%,34.9%,65.1%,241
Window_2,2016-01-04,2021-12-24,2022-01-03,2022-12-23,kdci,30d,Neural_Net,abs_change,full,15734.44,149229.9,35.77,-480.342,67.2%,84,157,40.5%,81.5%,34.9%,65.1%,241
Window_2,2016-01-04,2021-12-24,2022-01-03,2022-12-23,kdci,30d,Ridge_Residual_Hybrid,abs_change,full,5883.74,16015.77,24.85,-4.5442,63.9%,84,157,92.9%,48.4%,34.9%,65.1%,241
Window_2,2016-01-04,2021-12-24,2022-01-03,2022-12-23,kdci,30d,Validation_Weighted_Ensemble,abs_change,full,2465.46,3242.55,12.83,0.7727,100.0%,84,157,100.0%,100.0%,34.9%,65.1%,241
Window_2,2016-01-04,2021-12-24,2022-01-03,2022-12-23,cape,1d,Persistence,level,none,1058.05,1435.08,6.36,0.9462,N/A,108,133,N/A,N/A,44.8%,55.2%,241
Window_2,2016-01-04,2021-12-24,2022-01-03,2022-12-23,cape,1d,Naive_Mean_Change,abs_change,none,1059.52,1435.38,6.37,0.9462,44.8%,108,133,100.0%,0.0%,44.8%,55.2%,241
Window_2,2016-01-04,2021-12-24,2022-01-03,2022-12-23,cape,1d,Ridge,abs_change,full,922.21,2243.52,5.63,0.8685,81.7%,108,133,93.5%,72.2%,44.8%,55.2%,241
Window_2,2016-01-04,2021-12-24,2022-01-03,2022-12-23,cape,1d,XGBoost,abs_change,full,649.45,910.93,3.99,0.9783,95.9%,108,133,98.1%,94.0%,44.8%,55.2%,241
Window_2,2016-01-04,2021-12-24,2022-01-03,2022-12-23,cape,1d,Neural_Net,abs_change,full,3313.64,26547.29,11.14,-17.4154,58.1%,108,133,80.6%,39.8%,44.8%,55.2%,241
Window_2,2016-01-04,2021-12-24,2022-01-03,2022-12-23,cape,1d,Ridge_Residual_Hybrid,abs_change,full,842.24,2211.22,5.21,0.8722,92.9%,108,133,99.1%,88.0%,44.8%,55.2%,241
Window_2,2016-01-04,2021-12-24,2022-01-03,2022-12-23,cape,1d,Validation_Weighted_Ensemble,abs_change,full,651.0,900.14,3.99,0.9788,96.7%,108,133,100.0%,94.0%,44.8%,55.2%,241
Window_2,2016-01-04,2021-12-24,2022-01-03,2022-12-23,cape,7d,Persistence,level,none,4102.74,5192.94,24.24,0.299,N/A,117,123,N/A,N/A,48.5%,51.0%,241
Window_2,2016-01-04,2021-12-24,2022-01-03,2022-12-23,cape,7d,Naive_Mean_Change,abs_change,none,4105.17,5195.63,24.21,0.2983,48.5%,117,123,100.0%,0.0%,48.5%,51.0%,241
Window_2,2016-01-04,2021-12-24,2022-01-03,2022-12-23,cape,7d,Ridge,abs_change,full,3834.88,6624.47,20.89,-0.1407,73.0%,117,123,84.6%,62.6%,48.5%,51.0%,241
Window_2,2016-01-04,2021-12-24,2022-01-03,2022-12-23,cape,7d,XGBoost,abs_change,full,2398.56,3185.34,13.43,0.7362,98.3%,117,123,99.1%,98.4%,48.5%,51.0%,241
Window_2,2016-01-04,2021-12-24,2022-01-03,2022-12-23,cape,7d,Neural_Net,abs_change,full,19386.92,184426.59,47.79,-883.1623,60.6%,117,123,68.4%,53.7%,48.5%,51.0%,241
Window_2,2016-01-04,2021-12-24,2022-01-03,2022-12-23,cape,7d,Ridge_Residual_Hybrid,abs_change,full,3567.91,6350.84,19.42,-0.0484,80.5%,117,123,91.5%,70.7%,48.5%,51.0%,241
Window_2,2016-01-04,2021-12-24,2022-01-03,2022-12-23,cape,7d,Validation_Weighted_Ensemble,abs_change,full,2397.1,3194.99,13.51,0.7346,98.3%,117,123,100.0%,97.6%,48.5%,51.0%,241
Window_2,2016-01-04,2021-12-24,2022-01-03,2022-12-23,cape,14d,Persistence,level,none,6096.29,7668.05,35.12,-0.5033,N/A,110,131,N/A,N/A,45.6%,54.4%,241
Window_2,2016-01-04,2021-12-24,2022-01-03,2022-12-23,cape,14d,Naive_Mean_Change,abs_change,none,6109.02,7674.4,35.06,-0.5058,45.6%,110,131,100.0%,0.0%,45.6%,54.4%,241
Window_2,2016-01-04,2021-12-24,2022-01-03,2022-12-23,cape,14d,Ridge,abs_change,full,5841.87,7525.6,31.1,-0.448,66.0%,110,131,94.5%,42.0%,45.6%,54.4%,241
Window_2,2016-01-04,2021-12-24,2022-01-03,2022-12-23,cape,14d,XGBoost,abs_change,full,3104.55,4096.87,19.15,0.5709,99.6%,110,131,100.0%,99.2%,45.6%,54.4%,241
Window_2,2016-01-04,2021-12-24,2022-01-03,2022-12-23,cape,14d,Neural_Net,abs_change,full,25884.98,253551.57,54.92,-1642.6467,62.2%,110,131,70.0%,55.7%,45.6%,54.4%,241
Window_2,2016-01-04,2021-12-24,2022-01-03,2022-12-23,cape,14d,Ridge_Residual_Hybrid,abs_change,full,5233.02,6840.57,28.27,-0.1964,78.4%,110,131,96.4%,63.4%,45.6%,54.4%,241
Window_2,2016-01-04,2021-12-24,2022-01-03,2022-12-23,cape,14d,Validation_Weighted_Ensemble,abs_change,full,3038.41,4006.63,17.77,0.5896,99.6%,110,131,100.0%,99.2%,45.6%,54.4%,241
Window_2,2016-01-04,2021-12-24,2022-01-03,2022-12-23,cape,30d,Persistence,level,none,7392.8,9367.56,43.78,-0.9632,N/A,105,136,N/A,N/A,43.6%,56.4%,241
Window_2,2016-01-04,2021-12-24,2022-01-03,2022-12-23,cape,30d,Naive_Mean_Change,abs_change,none,7427.51,9389.53,43.66,-0.9724,43.6%,105,136,100.0%,0.0%,43.6%,56.4%,241
Window_2,2016-01-04,2021-12-24,2022-01-03,2022-12-23,cape,30d,Ridge,abs_change,full,9514.09,11614.62,47.48,-2.0179,53.5%,105,136,91.4%,24.3%,43.6%,56.4%,241
Window_2,2016-01-04,2021-12-24,2022-01-03,2022-12-23,cape,30d,XGBoost,abs_change,full,3821.28,5068.41,25.1,0.4253,96.3%,105,136,92.4%,99.3%,43.6%,56.4%,241
Window_2,2016-01-04,2021-12-24,2022-01-03,2022-12-23,cape,30d,Neural_Net,abs_change,full,25081.14,179674.33,111.28,-721.226,61.4%,105,136,22.9%,91.2%,43.6%,56.4%,241
Window_2,2016-01-04,2021-12-24,2022-01-03,2022-12-23,cape,30d,Ridge_Residual_Hybrid,abs_change,full,9812.21,12006.33,47.24,-2.2249,61.0%,105,136,99.0%,31.6%,43.6%,56.4%,241
Window_2,2016-01-04,2021-12-24,2022-01-03,2022-12-23,cape,30d,Validation_Weighted_Ensemble,abs_change,full,3707.48,4830.98,23.12,0.4779,99.2%,105,136,100.0%,98.5%,43.6%,56.4%,241
Window_2,2016-01-04,2021-12-24,2022-01-03,2022-12-23,panamax,1d,Persistence,level,none,383.86,543.85,1.78,0.9893,N/A,88,153,N/A,N/A,36.5%,63.5%,241
Window_2,2016-01-04,2021-12-24,2022-01-03,2022-12-23,panamax,1d,Naive_Mean_Change,abs_change,none,387.85,545.33,1.8,0.9892,36.5%,88,153,100.0%,0.0%,36.5%,63.5%,241
Window_2,2016-01-04,2021-12-24,2022-01-03,2022-12-23,panamax,1d,Ridge,abs_change,full,407.16,2083.22,1.64,0.8425,87.6%,88,153,75.0%,94.8%,36.5%,63.5%,241
Window_2,2016-01-04,2021-12-24,2022-01-03,2022-12-23,panamax,1d,XGBoost,abs_change,full,224.04,347.94,1.07,0.9956,100.0%,88,153,100.0%,100.0%,36.5%,63.5%,241
Window_2,2016-01-04,2021-12-24,2022-01-03,2022-12-23,panamax,1d,Neural_Net,abs_change,full,1767.18,17132.2,3.72,-9.6492,64.3%,88,153,52.3%,71.2%,36.5%,63.5%,241
Window_2,2016-01-04,2021-12-24,2022-01-03,2022-12-23,panamax,1d,Ridge_Residual_Hybrid,abs_change,full,489.63,2078.49,2.02,0.8433,95.9%,88,153,89.8%,99.3%,36.5%,63.5%,241
Window_2,2016-01-04,2021-12-24,2022-01-03,2022-12-23,panamax,1d,Validation_Weighted_Ensemble,abs_change,full,223.65,347.55,1.06,0.9956,100.0%,88,153,100.0%,100.0%,36.5%,63.5%,241
Window_2,2016-01-04,2021-12-24,2022-01-03,2022-12-23,panamax,7d,Persistence,level,none,1982.15,2508.62,9.45,0.7865,N/A,88,153,N/A,N/A,36.5%,63.5%,241
Window_2,2016-01-04,2021-12-24,2022-01-03,2022-12-23,panamax,7d,Naive_Mean_Change,abs_change,none,2010.05,2527.54,9.58,0.7832,36.5%,88,153,100.0%,0.0%,36.5%,63.5%,241
Window_2,2016-01-04,2021-12-24,2022-01-03,2022-12-23,panamax,7d,Ridge,abs_change,full,2675.69,19417.33,7.75,-11.7938,85.1%,88,153,77.3%,89.5%,36.5%,63.5%,241
Window_2,2016-01-04,2021-12-24,2022-01-03,2022-12-23,panamax,7d,XGBoost,abs_change,full,1167.33,1483.85,5.76,0.9253,98.8%,88,153,98.9%,98.7%,36.5%,63.5%,241
Window_2,2016-01-04,2021-12-24,2022-01-03,2022-12-23,panamax,7d,Neural_Net,abs_change,full,7579.99,65157.12,17.02,-143.0604,54.8%,88,153,38.6%,64.1%,36.5%,63.5%,241
Window_2,2016-01-04,2021-12-24,2022-01-03,2022-12-23,panamax,7d,Ridge_Residual_Hybrid,abs_change,full,2433.35,19485.43,6.71,-11.8837,92.9%,88,153,90.9%,94.1%,36.5%,63.5%,241
Window_2,2016-01-04,2021-12-24,2022-01-03,2022-12-23,panamax,7d,Validation_Weighted_Ensemble,abs_change,full,1167.41,1482.97,5.76,0.9254,98.8%,88,153,98.9%,98.7%,36.5%,63.5%,241
Window_2,2016-01-04,2021-12-24,2022-01-03,2022-12-23,panamax,14d,Persistence,level,none,3112.41,3742.17,15.18,0.5771,N/A,91,150,N/A,N/A,37.8%,62.2%,241
Window_2,2016-01-04,2021-12-24,2022-01-03,2022-12-23,panamax,14d,Naive_Mean_Change,abs_change,none,3163.17,3785.73,15.4,0.5672,37.8%,91,150,100.0%,0.0%,37.8%,62.2%,241
Window_2,2016-01-04,2021-12-24,2022-01-03,2022-12-23,panamax,14d,Ridge,abs_change,full,2792.6,14646.0,10.05,-5.4773,88.4%,91,150,79.1%,94.0%,37.8%,62.2%,241
Window_2,2016-01-04,2021-12-24,2022-01-03,2022-12-23,panamax,14d,XGBoost,abs_change,full,1794.72,2210.01,9.0,0.8525,100.0%,91,150,100.0%,100.0%,37.8%,62.2%,241
Window_2,2016-01-04,2021-12-24,2022-01-03,2022-12-23,panamax,14d,Neural_Net,abs_change,full,8985.23,88458.62,17.8,-235.2844,77.2%,91,150,79.1%,76.0%,37.8%,62.2%,241
Window_2,2016-01-04,2021-12-24,2022-01-03,2022-12-23,panamax,14d,Ridge_Residual_Hybrid,abs_change,full,2748.52,14692.87,9.77,-5.5188,96.7%,91,150,94.5%,98.0%,37.8%,62.2%,241
Window_2,2016-01-04,2021-12-24,2022-01-03,2022-12-23,panamax,14d,Validation_Weighted_Ensemble,abs_change,full,1795.01,2207.11,9.0,0.8529,100.0%,91,150,100.0%,100.0%,37.8%,62.2%,241
Window_2,2016-01-04,2021-12-24,2022-01-03,2022-12-23,panamax,30d,Persistence,level,none,4352.45,5147.89,22.19,0.3491,N/A,82,159,N/A,N/A,34.0%,66.0%,241
Window_2,2016-01-04,2021-12-24,2022-01-03,2022-12-23,panamax,30d,Naive_Mean_Change,abs_change,none,4479.65,5260.87,22.75,0.3202,34.0%,82,159,100.0%,0.0%,34.0%,66.0%,241
Window_2,2016-01-04,2021-12-24,2022-01-03,2022-12-23,panamax,30d,Ridge,abs_change,full,5176.14,19411.99,20.01,-8.2558,72.6%,82,159,92.7%,62.3%,34.0%,66.0%,241
Window_2,2016-01-04,2021-12-24,2022-01-03,2022-12-23,panamax,30d,XGBoost,abs_change,full,2470.36,2999.78,12.48,0.779,100.0%,82,159,100.0%,100.0%,34.0%,66.0%,241
Window_2,2016-01-04,2021-12-24,2022-01-03,2022-12-23,panamax,30d,Neural_Net,abs_change,full,9689.68,67274.55,29.27,-110.1665,61.4%,82,159,39.0%,73.0%,34.0%,66.0%,241
Window_2,2016-01-04,2021-12-24,2022-01-03,2022-12-23,panamax,30d,Ridge_Residual_Hybrid,abs_change,full,4874.46,19382.87,18.56,-8.228,83.4%,82,159,98.8%,75.5%,34.0%,66.0%,241
Window_2,2016-01-04,2021-12-24,2022-01-03,2022-12-23,panamax,30d,Validation_Weighted_Ensemble,abs_change,full,2450.43,2975.29,12.41,0.7826,100.0%,82,159,100.0%,100.0%,34.0%,66.0%,241
Window_2,2016-01-04,2021-12-24,2022-01-03,2022-12-23,supramax,1d,Persistence,level,none,357.98,481.78,1.56,0.9954,N/A,103,137,N/A,N/A,42.7%,56.8%,241
Window_2,2016-01-04,2021-12-24,2022-01-03,2022-12-23,supramax,1d,Naive_Mean_Change,abs_change,none,360.21,483.8,1.57,0.9954,42.7%,103,137,100.0%,0.0%,42.7%,56.8%,241
Window_2,2016-01-04,2021-12-24,2022-01-03,2022-12-23,supramax,1d,Ridge,abs_change,full,329.98,1038.88,1.52,0.9787,82.2%,103,137,89.3%,77.4%,42.7%,56.8%,241
Window_2,2016-01-04,2021-12-24,2022-01-03,2022-12-23,supramax,1d,XGBoost,abs_change,full,199.49,316.25,0.89,0.998,98.3%,103,137,97.1%,100.0%,42.7%,56.8%,241
Window_2,2016-01-04,2021-12-24,2022-01-03,2022-12-23,supramax,1d,Neural_Net,abs_change,full,996.48,7006.86,2.81,0.0308,56.4%,103,137,32.0%,75.2%,42.7%,56.8%,241
Window_2,2016-01-04,2021-12-24,2022-01-03,2022-12-23,supramax,1d,Ridge_Residual_Hybrid,abs_change,full,299.84,1020.52,1.39,0.9794,88.8%,103,137,96.1%,83.9%,42.7%,56.8%,241
Window_2,2016-01-04,2021-12-24,2022-01-03,2022-12-23,supramax,1d,Validation_Weighted_Ensemble,abs_change,full,199.19,316.02,0.88,0.998,98.3%,103,137,97.1%,100.0%,42.7%,56.8%,241
Window_2,2016-01-04,2021-12-24,2022-01-03,2022-12-23,supramax,7d,Persistence,level,none,2002.14,2523.15,8.83,0.8825,N/A,106,135,N/A,N/A,44.0%,56.0%,241
Window_2,2016-01-04,2021-12-24,2022-01-03,2022-12-23,supramax,7d,Naive_Mean_Change,abs_change,none,2014.82,2540.65,8.88,0.8809,44.0%,106,135,100.0%,0.0%,44.0%,56.0%,241
Window_2,2016-01-04,2021-12-24,2022-01-03,2022-12-23,supramax,7d,Ridge,abs_change,full,2165.94,14159.94,6.32,-2.701,89.2%,106,135,88.7%,89.6%,44.0%,56.0%,241
Window_2,2016-01-04,2021-12-24,2022-01-03,2022-12-23,supramax,7d,XGBoost,abs_change,full,1151.55,1550.24,5.21,0.9556,98.8%,106,135,97.2%,100.0%,44.0%,56.0%,241
Window_2,2016-01-04,2021-12-24,2022-01-03,2022-12-23,supramax,7d,Neural_Net,abs_change,full,5103.65,45462.83,10.15,-37.1512,70.5%,106,135,42.5%,92.6%,44.0%,56.0%,241
Window_2,2016-01-04,2021-12-24,2022-01-03,2022-12-23,supramax,7d,Ridge_Residual_Hybrid,abs_change,full,2134.98,14186.66,6.29,-2.715,89.6%,106,135,90.6%,88.9%,44.0%,56.0%,241
Window_2,2016-01-04,2021-12-24,2022-01-03,2022-12-23,supramax,7d,Validation_Weighted_Ensemble,abs_change,full,1149.1,1548.96,5.2,0.9557,98.8%,106,135,97.2%,100.0%,44.0%,56.0%,241
Window_2,2016-01-04,2021-12-24,2022-01-03,2022-12-23,supramax,14d,Persistence,level,none,3322.63,3993.03,14.68,0.7319,N/A,95,146,N/A,N/A,39.4%,60.6%,241
Window_2,2016-01-04,2021-12-24,2022-01-03,2022-12-23,supramax,14d,Naive_Mean_Change,abs_change,none,3362.7,4032.39,14.84,0.7266,39.4%,95,146,100.0%,0.0%,39.4%,60.6%,241
Window_2,2016-01-04,2021-12-24,2022-01-03,2022-12-23,supramax,14d,Ridge,abs_change,full,3432.42,19960.91,10.49,-5.6989,87.1%,95,146,88.4%,86.3%,39.4%,60.6%,241
Window_2,2016-01-04,2021-12-24,2022-01-03,2022-12-23,supramax,14d,XGBoost,abs_change,full,1690.37,2231.55,7.88,0.9163,99.2%,95,146,97.9%,100.0%,39.4%,60.6%,241
Window_2,2016-01-04,2021-12-24,2022-01-03,2022-12-23,supramax,14d,Neural_Net,abs_change,full,5873.13,41494.83,15.73,-27.9487,68.5%,95,146,65.3%,70.5%,39.4%,60.6%,241
Window_2,2016-01-04,2021-12-24,2022-01-03,2022-12-23,supramax,14d,Ridge_Residual_Hybrid,abs_change,full,3298.83,19956.2,10.06,-5.6957,91.7%,95,146,97.9%,87.7%,39.4%,60.6%,241
Window_2,2016-01-04,2021-12-24,2022-01-03,2022-12-23,supramax,14d,Validation_Weighted_Ensemble,abs_change,full,1669.93,2208.71,7.81,0.918,99.2%,95,146,97.9%,100.0%,39.4%,60.6%,241
Window_2,2016-01-04,2021-12-24,2022-01-03,2022-12-23,supramax,30d,Persistence,level,none,4810.5,5889.82,22.45,0.5082,N/A,75,166,N/A,N/A,31.1%,68.9%,241
Window_2,2016-01-04,2021-12-24,2022-01-03,2022-12-23,supramax,30d,Naive_Mean_Change,abs_change,none,4960.83,6009.05,23.16,0.488,31.1%,75,166,100.0%,0.0%,31.1%,68.9%,241
Window_2,2016-01-04,2021-12-24,2022-01-03,2022-12-23,supramax,30d,Ridge,abs_change,full,4442.45,17856.36,15.99,-3.5208,85.5%,75,166,66.7%,94.0%,31.1%,68.9%,241
Window_2,2016-01-04,2021-12-24,2022-01-03,2022-12-23,supramax,30d,XGBoost,abs_change,full,2400.45,3578.08,11.38,0.8185,98.3%,75,166,96.0%,99.4%,31.1%,68.9%,241
Window_2,2016-01-04,2021-12-24,2022-01-03,2022-12-23,supramax,30d,Neural_Net,abs_change,full,10808.82,97160.82,22.45,-132.8468,75.9%,75,166,32.0%,95.8%,31.1%,68.9%,241
Window_2,2016-01-04,2021-12-24,2022-01-03,2022-12-23,supramax,30d,Ridge_Residual_Hybrid,abs_change,full,4508.86,17895.02,16.25,-3.5404,85.9%,75,166,68.0%,94.0%,31.1%,68.9%,241
Window_2,2016-01-04,2021-12-24,2022-01-03,2022-12-23,supramax,30d,Validation_Weighted_Ensemble,abs_change,full,2390.54,3573.61,11.35,0.8189,98.3%,75,166,96.0%,99.4%,31.1%,68.9%,241
Window_2,2016-01-04,2021-12-24,2022-01-03,2022-12-23,handy,1d,Persistence,level,none,297.57,413.28,1.46,0.9967,N/A,90,150,N/A,N/A,37.3%,62.2%,241
Window_2,2016-01-04,2021-12-24,2022-01-03,2022-12-23,handy,1d,Naive_Mean_Change,abs_change,none,300.98,415.33,1.48,0.9967,37.3%,90,150,100.0%,0.0%,37.3%,62.2%,241
Window_2,2016-01-04,2021-12-24,2022-01-03,2022-12-23,handy,1d,Ridge,abs_change,full,205.04,301.21,1.05,0.9982,80.1%,90,150,88.9%,75.3%,37.3%,62.2%,241
Window_2,2016-01-04,2021-12-24,2022-01-03,2022-12-23,handy,1d,XGBoost,abs_change,full,172.11,277.06,0.88,0.9985,98.8%,90,150,97.8%,100.0%,37.3%,62.2%,241
Window_2,2016-01-04,2021-12-24,2022-01-03,2022-12-23,handy,1d,Neural_Net,abs_change,full,794.28,5718.31,2.52,0.3686,60.6%,90,150,28.9%,80.0%,37.3%,62.2%,241
Window_2,2016-01-04,2021-12-24,2022-01-03,2022-12-23,handy,1d,Ridge_Residual_Hybrid,abs_change,full,181.73,270.3,0.95,0.9986,87.1%,90,150,92.2%,84.7%,37.3%,62.2%,241
Window_2,2016-01-04,2021-12-24,2022-01-03,2022-12-23,handy,1d,Validation_Weighted_Ensemble,abs_change,full,157.95,256.76,0.81,0.9987,95.4%,90,150,97.8%,94.7%,37.3%,62.2%,241
Window_2,2016-01-04,2021-12-24,2022-01-03,2022-12-23,handy,7d,Persistence,level,none,1730.71,2233.85,8.53,0.91,N/A,89,152,N/A,N/A,36.9%,63.1%,241
Window_2,2016-01-04,2021-12-24,2022-01-03,2022-12-23,handy,7d,Naive_Mean_Change,abs_change,none,1754.95,2250.3,8.71,0.9087,36.9%,89,152,100.0%,0.0%,36.9%,63.1%,241
Window_2,2016-01-04,2021-12-24,2022-01-03,2022-12-23,handy,7d,Ridge,abs_change,full,1905.0,12417.63,6.42,-1.7798,84.2%,89,152,86.5%,82.9%,36.9%,63.1%,241
Window_2,2016-01-04,2021-12-24,2022-01-03,2022-12-23,handy,7d,XGBoost,abs_change,full,1009.09,1459.14,5.06,0.9616,96.3%,89,152,100.0%,94.1%,36.9%,63.1%,241
Window_2,2016-01-04,2021-12-24,2022-01-03,2022-12-23,handy,7d,Neural_Net,abs_change,full,3927.26,33930.25,9.52,-19.7541,61.4%,89,152,47.2%,69.7%,36.9%,63.1%,241
Window_2,2016-01-04,2021-12-24,2022-01-03,2022-12-23,handy,7d,Ridge_Residual_Hybrid,abs_change,full,1942.68,12465.72,6.77,-1.8013,80.5%,89,152,88.8%,75.7%,36.9%,63.1%,241
Window_2,2016-01-04,2021-12-24,2022-01-03,2022-12-23,handy,7d,Validation_Weighted_Ensemble,abs_change,full,1000.81,1450.28,5.03,0.9621,96.3%,89,152,100.0%,94.1%,36.9%,63.1%,241
Window_2,2016-01-04,2021-12-24,2022-01-03,2022-12-23,handy,14d,Persistence,level,none,2959.63,3731.2,14.67,0.7685,N/A,71,170,N/A,N/A,29.5%,70.5%,241
Window_2,2016-01-04,2021-12-24,2022-01-03,2022-12-23,handy,14d,Naive_Mean_Change,abs_change,none,3023.72,3764.97,15.09,0.7643,29.5%,71,170,100.0%,0.0%,29.5%,70.5%,241
Window_2,2016-01-04,2021-12-24,2022-01-03,2022-12-23,handy,14d,Ridge,abs_change,full,3443.59,23170.74,10.71,-7.9282,85.1%,71,170,84.5%,85.3%,29.5%,70.5%,241
Window_2,2016-01-04,2021-12-24,2022-01-03,2022-12-23,handy,14d,XGBoost,abs_change,full,1781.13,2639.39,8.58,0.8842,95.0%,71,170,98.6%,93.5%,29.5%,70.5%,241
Window_2,2016-01-04,2021-12-24,2022-01-03,2022-12-23,handy,14d,Neural_Net,abs_change,full,5713.52,45952.23,15.76,-34.1155,64.7%,71,170,59.2%,67.1%,29.5%,70.5%,241
Window_2,2016-01-04,2021-12-24,2022-01-03,2022-12-23,handy,14d,Ridge_Residual_Hybrid,abs_change,full,3419.83,23233.98,11.13,-7.977,80.9%,71,170,93.0%,75.9%,29.5%,70.5%,241
Window_2,2016-01-04,2021-12-24,2022-01-03,2022-12-23,handy,14d,Validation_Weighted_Ensemble,abs_change,full,1749.26,2583.05,8.48,0.889,95.0%,71,170,98.6%,93.5%,29.5%,70.5%,241
Window_2,2016-01-04,2021-12-24,2022-01-03,2022-12-23,handy,30d,Persistence,level,none,4653.98,5846.43,24.33,0.5098,N/A,56,185,N/A,N/A,23.2%,76.8%,241
Window_2,2016-01-04,2021-12-24,2022-01-03,2022-12-23,handy,30d,Naive_Mean_Change,abs_change,none,4832.97,5941.12,25.41,0.4938,23.2%,56,185,100.0%,0.0%,23.2%,76.8%,241
Window_2,2016-01-04,2021-12-24,2022-01-03,2022-12-23,handy,30d,Ridge,abs_change,full,4445.33,23875.93,16.01,-7.1755,88.0%,56,185,69.6%,93.5%,23.2%,76.8%,241
Window_2,2016-01-04,2021-12-24,2022-01-03,2022-12-23,handy,30d,XGBoost,abs_change,full,3540.84,4728.79,18.22,0.6793,94.2%,56,185,100.0%,92.4%,23.2%,76.8%,241
Window_2,2016-01-04,2021-12-24,2022-01-03,2022-12-23,handy,30d,Neural_Net,abs_change,full,8575.26,71750.53,21.77,-72.8314,79.3%,56,185,44.6%,89.7%,23.2%,76.8%,241
Window_2,2016-01-04,2021-12-24,2022-01-03,2022-12-23,handy,30d,Ridge_Residual_Hybrid,abs_change,full,4486.7,23910.9,15.98,-7.1994,88.4%,56,185,71.4%,93.5%,23.2%,76.8%,241
Window_2,2016-01-04,2021-12-24,2022-01-03,2022-12-23,handy,30d,Validation_Weighted_Ensemble,abs_change,full,3481.39,4686.91,17.85,0.685,94.2%,56,185,100.0%,92.4%,23.2%,76.8%,241
Window_3,2016-01-04,2022-12-23,2023-01-03,2023-12-22,kdci,1d,Persistence,level,none,339.18,503.04,2.32,0.9843,N/A,122,118,N/A,N/A,50.8%,49.2%,240
Window_3,2016-01-04,2022-12-23,2023-01-03,2023-12-22,kdci,1d,Naive_Mean_Change,abs_change,none,339.1,502.77,2.32,0.9844,50.8%,122,118,100.0%,0.0%,50.8%,49.2%,240
Window_3,2016-01-04,2022-12-23,2023-01-03,2023-12-22,kdci,1d,Ridge,abs_change,full,219.94,356.13,1.51,0.9921,96.2%,122,118,95.1%,97.5%,50.8%,49.2%,240
Window_3,2016-01-04,2022-12-23,2023-01-03,2023-12-22,kdci,1d,XGBoost,abs_change,full,198.35,298.72,1.38,0.9945,100.0%,122,118,100.0%,100.0%,50.8%,49.2%,240
Window_3,2016-01-04,2022-12-23,2023-01-03,2023-12-22,kdci,1d,Neural_Net,abs_change,full,385.33,551.08,2.81,0.9812,75.8%,122,118,69.7%,82.2%,50.8%,49.2%,240
Window_3,2016-01-04,2022-12-23,2023-01-03,2023-12-22,kdci,1d,Ridge_Residual_Hybrid,abs_change,full,237.32,341.82,1.68,0.9928,98.3%,122,118,98.4%,98.3%,50.8%,49.2%,240
Window_3,2016-01-04,2022-12-23,2023-01-03,2023-12-22,kdci,1d,Validation_Weighted_Ensemble,abs_change,full,196.94,298.86,1.37,0.9945,100.0%,122,118,100.0%,100.0%,50.8%,49.2%,240
Window_3,2016-01-04,2022-12-23,2023-01-03,2023-12-22,kdci,7d,Persistence,level,none,1606.28,2266.29,11.08,0.6907,N/A,127,113,N/A,N/A,52.9%,47.1%,240
Window_3,2016-01-04,2022-12-23,2023-01-03,2023-12-22,kdci,7d,Naive_Mean_Change,abs_change,none,1604.64,2263.75,11.06,0.6914,52.9%,127,113,100.0%,0.0%,52.9%,47.1%,240
Window_3,2016-01-04,2022-12-23,2023-01-03,2023-12-22,kdci,7d,Ridge,abs_change,full,833.91,1404.29,5.55,0.8812,90.8%,127,113,89.0%,92.9%,52.9%,47.1%,240
Window_3,2016-01-04,2022-12-23,2023-01-03,2023-12-22,kdci,7d,XGBoost,abs_change,full,765.52,1318.94,5.3,0.8952,100.0%,127,113,100.0%,100.0%,52.9%,47.1%,240
Window_3,2016-01-04,2022-12-23,2023-01-03,2023-12-22,kdci,7d,Neural_Net,abs_change,full,1415.0,2021.24,9.85,0.754,76.2%,127,113,72.4%,80.5%,52.9%,47.1%,240
Window_3,2016-01-04,2022-12-23,2023-01-03,2023-12-22,kdci,7d,Ridge_Residual_Hybrid,abs_change,full,821.36,1386.03,5.49,0.8843,92.9%,127,113,91.3%,94.7%,52.9%,47.1%,240
Window_3,2016-01-04,2022-12-23,2023-01-03,2023-12-22,kdci,7d,Validation_Weighted_Ensemble,abs_change,full,717.64,1302.9,4.9,0.8978,99.2%,127,113,99.2%,99.1%,52.9%,47.1%,240
Window_3,2016-01-04,2022-12-23,2023-01-03,2023-12-22,kdci,14d,Persistence,level,none,2686.49,3626.02,18.31,0.181,N/A,119,121,N/A,N/A,49.6%,50.4%,240
Window_3,2016-01-04,2022-12-23,2023-01-03,2023-12-22,kdci,14d,Naive_Mean_Change,abs_change,none,2686.97,3621.29,18.29,0.1832,49.6%,119,121,100.0%,0.0%,49.6%,50.4%,240
Window_3,2016-01-04,2022-12-23,2023-01-03,2023-12-22,kdci,14d,Ridge,abs_change,full,1288.27,1879.17,8.61,0.78,94.2%,119,121,95.8%,92.6%,49.6%,50.4%,240
Window_3,2016-01-04,2022-12-23,2023-01-03,2023-12-22,kdci,14d,XGBoost,abs_change,full,1475.54,1992.75,10.27,0.7526,100.0%,119,121,100.0%,100.0%,49.6%,50.4%,240
Window_3,2016-01-04,2022-12-23,2023-01-03,2023-12-22,kdci,14d,Neural_Net,abs_change,full,2039.38,2696.09,14.12,0.5472,80.8%,119,121,90.8%,71.1%,49.6%,50.4%,240
Window_3,2016-01-04,2022-12-23,2023-01-03,2023-12-22,kdci,14d,Ridge_Residual_Hybrid,abs_change,full,1226.17,1786.29,8.23,0.8012,96.7%,119,121,100.0%,93.4%,49.6%,50.4%,240
Window_3,2016-01-04,2022-12-23,2023-01-03,2023-12-22,kdci,14d,Validation_Weighted_Ensemble,abs_change,full,1213.15,1763.77,8.16,0.8062,96.7%,119,121,100.0%,93.4%,49.6%,50.4%,240
Window_3,2016-01-04,2022-12-23,2023-01-03,2023-12-22,kdci,30d,Persistence,level,none,3599.1,4663.19,24.63,-0.6288,N/A,131,109,N/A,N/A,54.6%,45.4%,240
Window_3,2016-01-04,2022-12-23,2023-01-03,2023-12-22,kdci,30d,Naive_Mean_Change,abs_change,none,3591.3,4647.44,24.48,-0.6178,54.6%,131,109,100.0%,0.0%,54.6%,45.4%,240
Window_3,2016-01-04,2022-12-23,2023-01-03,2023-12-22,kdci,30d,Ridge,abs_change,full,2048.48,2698.83,14.16,0.4544,88.3%,131,109,90.1%,86.2%,54.6%,45.4%,240
Window_3,2016-01-04,2022-12-23,2023-01-03,2023-12-22,kdci,30d,XGBoost,abs_change,full,1973.82,2448.29,13.43,0.551,100.0%,131,109,100.0%,100.0%,54.6%,45.4%,240
Window_3,2016-01-04,2022-12-23,2023-01-03,2023-12-22,kdci,30d,Neural_Net,abs_change,full,2680.65,3527.7,18.67,0.0678,71.7%,131,109,78.6%,63.3%,54.6%,45.4%,240
Window_3,2016-01-04,2022-12-23,2023-01-03,2023-12-22,kdci,30d,Ridge_Residual_Hybrid,abs_change,full,2033.84,2604.07,14.02,0.4921,88.8%,131,109,93.9%,82.6%,54.6%,45.4%,240
Window_3,2016-01-04,2022-12-23,2023-01-03,2023-12-22,kdci,30d,Validation_Weighted_Ensemble,abs_change,full,1804.67,2192.88,12.34,0.6398,98.8%,131,109,100.0%,97.2%,54.6%,45.4%,240
Window_3,2016-01-04,2022-12-23,2023-01-03,2023-12-22,cape,1d,Persistence,level,none,886.13,1353.16,4.84,0.9713,N/A,114,126,N/A,N/A,47.5%,52.5%,240
Window_3,2016-01-04,2022-12-23,2023-01-03,2023-12-22,cape,1d,Naive_Mean_Change,abs_change,none,886.5,1352.83,4.84,0.9713,47.5%,114,126,100.0%,0.0%,47.5%,52.5%,240
Window_3,2016-01-04,2022-12-23,2023-01-03,2023-12-22,cape,1d,Ridge,abs_change,full,607.92,997.25,3.35,0.9844,91.7%,114,126,87.7%,95.2%,47.5%,52.5%,240
Window_3,2016-01-04,2022-12-23,2023-01-03,2023-12-22,cape,1d,XGBoost,abs_change,full,569.15,911.72,3.01,0.987,99.2%,114,126,98.2%,100.0%,47.5%,52.5%,240
Window_3,2016-01-04,2022-12-23,2023-01-03,2023-12-22,cape,1d,Neural_Net,abs_change,full,784.14,1121.51,5.02,0.9803,77.9%,114,126,79.8%,76.2%,47.5%,52.5%,240
Window_3,2016-01-04,2022-12-23,2023-01-03,2023-12-22,cape,1d,Ridge_Residual_Hybrid,abs_change,full,765.26,1028.05,4.74,0.9834,98.3%,114,126,96.5%,100.0%,47.5%,52.5%,240
Window_3,2016-01-04,2022-12-23,2023-01-03,2023-12-22,cape,1d,Validation_Weighted_Ensemble,abs_change,full,582.22,911.93,3.17,0.987,99.2%,114,126,98.2%,100.0%,47.5%,52.5%,240
Window_3,2016-01-04,2022-12-23,2023-01-03,2023-12-22,cape,7d,Persistence,level,none,3658.99,5335.44,20.52,0.5668,N/A,118,122,N/A,N/A,49.2%,50.8%,240
Window_3,2016-01-04,2022-12-23,2023-01-03,2023-12-22,cape,7d,Naive_Mean_Change,abs_change,none,3659.24,5334.19,20.51,0.567,49.2%,118,122,100.0%,0.0%,49.2%,50.8%,240
Window_3,2016-01-04,2022-12-23,2023-01-03,2023-12-22,cape,7d,Ridge,abs_change,full,2260.13,3929.0,13.02,0.7651,87.1%,118,122,85.6%,88.5%,49.2%,50.8%,240
Window_3,2016-01-04,2022-12-23,2023-01-03,2023-12-22,cape,7d,XGBoost,abs_change,full,2004.08,3599.82,11.07,0.8028,98.3%,118,122,99.2%,97.5%,49.2%,50.8%,240
Window_3,2016-01-04,2022-12-23,2023-01-03,2023-12-22,cape,7d,Neural_Net,abs_change,full,3187.28,4512.32,19.39,0.6902,74.2%,118,122,70.3%,77.9%,49.2%,50.8%,240
Window_3,2016-01-04,2022-12-23,2023-01-03,2023-12-22,cape,7d,Ridge_Residual_Hybrid,abs_change,full,2271.81,3939.15,13.48,0.7639,91.7%,118,122,87.3%,95.9%,49.2%,50.8%,240
Window_3,2016-01-04,2022-12-23,2023-01-03,2023-12-22,cape,7d,Validation_Weighted_Ensemble,abs_change,full,2008.15,3611.98,11.22,0.8015,95.4%,118,122,96.6%,94.3%,49.2%,50.8%,240
Window_3,2016-01-04,2022-12-23,2023-01-03,2023-12-22,cape,14d,Persistence,level,none,5801.14,7884.62,31.81,0.0326,N/A,123,117,N/A,N/A,51.2%,48.8%,240
Window_3,2016-01-04,2022-12-23,2023-01-03,2023-12-22,cape,14d,Naive_Mean_Change,abs_change,none,5799.99,7879.85,31.76,0.0338,51.2%,123,117,100.0%,0.0%,51.2%,48.8%,240
Window_3,2016-01-04,2022-12-23,2023-01-03,2023-12-22,cape,14d,Ridge,abs_change,full,3340.94,5044.8,18.11,0.604,91.2%,123,117,87.8%,94.9%,51.2%,48.8%,240
Window_3,2016-01-04,2022-12-23,2023-01-03,2023-12-22,cape,14d,XGBoost,abs_change,full,3120.78,4522.08,17.15,0.6818,99.2%,123,117,100.0%,98.3%,51.2%,48.8%,240
Window_3,2016-01-04,2022-12-23,2023-01-03,2023-12-22,cape,14d,Neural_Net,abs_change,full,3928.79,5396.35,22.48,0.5468,84.6%,123,117,92.7%,76.1%,51.2%,48.8%,240
Window_3,2016-01-04,2022-12-23,2023-01-03,2023-12-22,cape,14d,Ridge_Residual_Hybrid,abs_change,full,3281.52,4931.33,18.04,0.6216,94.6%,123,117,92.7%,96.6%,51.2%,48.8%,240
Window_3,2016-01-04,2022-12-23,2023-01-03,2023-12-22,cape,14d,Validation_Weighted_Ensemble,abs_change,full,2950.84,4391.38,15.89,0.6999,98.8%,123,117,100.0%,97.4%,51.2%,48.8%,240
Window_3,2016-01-04,2022-12-23,2023-01-03,2023-12-22,cape,30d,Persistence,level,none,6897.72,9384.28,37.21,-0.6623,N/A,129,111,N/A,N/A,53.8%,46.2%,240
Window_3,2016-01-04,2022-12-23,2023-01-03,2023-12-22,cape,30d,Naive_Mean_Change,abs_change,none,6891.04,9366.82,37.05,-0.6561,53.8%,129,111,100.0%,0.0%,53.8%,46.2%,240
Window_3,2016-01-04,2022-12-23,2023-01-03,2023-12-22,cape,30d,Ridge,abs_change,full,4478.98,6182.08,24.91,0.2786,78.8%,129,111,80.6%,76.6%,53.8%,46.2%,240
Window_3,2016-01-04,2022-12-23,2023-01-03,2023-12-22,cape,30d,XGBoost,abs_change,full,4095.94,5451.91,21.81,0.439,100.0%,129,111,100.0%,100.0%,53.8%,46.2%,240
Window_3,2016-01-04,2022-12-23,2023-01-03,2023-12-22,cape,30d,Neural_Net,abs_change,full,5601.86,7520.74,30.92,-0.0676,70.0%,129,111,78.3%,60.4%,53.8%,46.2%,240
Window_3,2016-01-04,2022-12-23,2023-01-03,2023-12-22,cape,30d,Ridge_Residual_Hybrid,abs_change,full,4255.01,5804.76,23.53,0.364,86.7%,129,111,86.8%,86.5%,53.8%,46.2%,240
Window_3,2016-01-04,2022-12-23,2023-01-03,2023-12-22,cape,30d,Validation_Weighted_Ensemble,abs_change,full,3978.55,5252.3,21.34,0.4793,95.4%,129,111,97.7%,92.8%,53.8%,46.2%,240
Window_3,2016-01-04,2022-12-23,2023-01-03,2023-12-22,panamax,1d,Persistence,level,none,237.02,334.56,1.81,0.9878,N/A,114,126,N/A,N/A,47.5%,52.5%,240
Window_3,2016-01-04,2022-12-23,2023-01-03,2023-12-22,panamax,1d,Naive_Mean_Change,abs_change,none,237.35,334.37,1.82,0.9879,47.5%,114,126,100.0%,0.0%,47.5%,52.5%,240
Window_3,2016-01-04,2022-12-23,2023-01-03,2023-12-22,panamax,1d,Ridge,abs_change,full,157.27,223.86,1.23,0.9946,92.5%,114,126,99.1%,86.5%,47.5%,52.5%,240
Window_3,2016-01-04,2022-12-23,2023-01-03,2023-12-22,panamax,1d,XGBoost,abs_change,full,147.76,225.06,1.13,0.9945,100.0%,114,126,100.0%,100.0%,47.5%,52.5%,240
Window_3,2016-01-04,2022-12-23,2023-01-03,2023-12-22,panamax,1d,Neural_Net,abs_change,full,256.07,353.61,2.0,0.9864,75.4%,114,126,92.1%,60.3%,47.5%,52.5%,240
Window_3,2016-01-04,2022-12-23,2023-01-03,2023-12-22,panamax,1d,Ridge_Residual_Hybrid,abs_change,full,174.16,226.38,1.37,0.9944,95.4%,114,126,100.0%,91.3%,47.5%,52.5%,240
Window_3,2016-01-04,2022-12-23,2023-01-03,2023-12-22,panamax,1d,Validation_Weighted_Ensemble,abs_change,full,151.84,209.89,1.18,0.9952,97.5%,114,126,100.0%,95.2%,47.5%,52.5%,240
Window_3,2016-01-04,2022-12-23,2023-01-03,2023-12-22,panamax,7d,Persistence,level,none,1285.68,1620.44,9.79,0.7168,N/A,119,121,N/A,N/A,49.6%,50.4%,240
Window_3,2016-01-04,2022-12-23,2023-01-03,2023-12-22,panamax,7d,Naive_Mean_Change,abs_change,none,1286.02,1618.51,9.78,0.7175,49.6%,119,121,100.0%,0.0%,49.6%,50.4%,240
Window_3,2016-01-04,2022-12-23,2023-01-03,2023-12-22,panamax,7d,Ridge,abs_change,full,760.99,971.93,5.8,0.8981,86.7%,119,121,89.9%,83.5%,49.6%,50.4%,240
Window_3,2016-01-04,2022-12-23,2023-01-03,2023-12-22,panamax,7d,XGBoost,abs_change,full,959.08,1240.53,7.14,0.834,100.0%,119,121,100.0%,100.0%,49.6%,50.4%,240
Window_3,2016-01-04,2022-12-23,2023-01-03,2023-12-22,panamax,7d,Neural_Net,abs_change,full,1087.27,1415.03,8.3,0.784,83.3%,119,121,84.0%,82.6%,49.6%,50.4%,240
Window_3,2016-01-04,2022-12-23,2023-01-03,2023-12-22,panamax,7d,Ridge_Residual_Hybrid,abs_change,full,754.61,945.97,5.78,0.9035,94.6%,119,121,100.0%,89.3%,49.6%,50.4%,240
Window_3,2016-01-04,2022-12-23,2023-01-03,2023-12-22,panamax,7d,Validation_Weighted_Ensemble,abs_change,full,731.29,908.25,5.6,0.911,95.8%,119,121,100.0%,91.7%,49.6%,50.4%,240
Window_3,2016-01-04,2022-12-23,2023-01-03,2023-12-22,panamax,14d,Persistence,level,none,2034.26,2596.87,15.33,0.2412,N/A,117,123,N/A,N/A,48.8%,51.2%,240
Window_3,2016-01-04,2022-12-23,2023-01-03,2023-12-22,panamax,14d,Naive_Mean_Change,abs_change,none,2036.07,2592.81,15.31,0.2436,48.8%,117,123,100.0%,0.0%,48.8%,51.2%,240
Window_3,2016-01-04,2022-12-23,2023-01-03,2023-12-22,panamax,14d,Ridge,abs_change,full,1021.14,1285.01,7.6,0.8142,89.6%,117,123,91.5%,87.8%,48.8%,51.2%,240
Window_3,2016-01-04,2022-12-23,2023-01-03,2023-12-22,panamax,14d,XGBoost,abs_change,full,1200.76,1547.56,9.23,0.7305,98.8%,117,123,97.4%,100.0%,48.8%,51.2%,240
Window_3,2016-01-04,2022-12-23,2023-01-03,2023-12-22,panamax,14d,Neural_Net,abs_change,full,1489.14,1925.18,11.12,0.583,80.0%,117,123,90.6%,69.9%,48.8%,51.2%,240
Window_3,2016-01-04,2022-12-23,2023-01-03,2023-12-22,panamax,14d,Ridge_Residual_Hybrid,abs_change,full,932.4,1173.48,6.95,0.8451,94.6%,117,123,100.0%,89.4%,48.8%,51.2%,240
Window_3,2016-01-04,2022-12-23,2023-01-03,2023-12-22,panamax,14d,Validation_Weighted_Ensemble,abs_change,full,924.94,1160.69,6.9,0.8484,94.2%,117,123,99.1%,89.4%,48.8%,51.2%,240
Window_3,2016-01-04,2022-12-23,2023-01-03,2023-12-22,panamax,30d,Persistence,level,none,3177.35,3642.73,23.81,-0.6671,N/A,129,111,N/A,N/A,53.8%,46.2%,240
Window_3,2016-01-04,2022-12-23,2023-01-03,2023-12-22,panamax,30d,Naive_Mean_Change,abs_change,none,3169.03,3627.47,23.65,-0.6532,53.8%,129,111,100.0%,0.0%,53.8%,46.2%,240
Window_3,2016-01-04,2022-12-23,2023-01-03,2023-12-22,panamax,30d,Ridge,abs_change,full,1321.58,1682.39,9.65,0.6444,92.1%,129,111,97.7%,85.6%,53.8%,46.2%,240
Window_3,2016-01-04,2022-12-23,2023-01-03,2023-12-22,panamax,30d,XGBoost,abs_change,full,1457.26,1720.64,11.14,0.628,100.0%,129,111,100.0%,100.0%,53.8%,46.2%,240
Window_3,2016-01-04,2022-12-23,2023-01-03,2023-12-22,panamax,30d,Neural_Net,abs_change,full,2302.52,2968.23,16.9,-0.1069,76.7%,129,111,79.1%,73.9%,53.8%,46.2%,240
Window_3,2016-01-04,2022-12-23,2023-01-03,2023-12-22,panamax,30d,Ridge_Residual_Hybrid,abs_change,full,1343.56,1675.69,9.65,0.6472,98.3%,129,111,100.0%,96.4%,53.8%,46.2%,240
Window_3,2016-01-04,2022-12-23,2023-01-03,2023-12-22,panamax,30d,Validation_Weighted_Ensemble,abs_change,full,1222.36,1498.49,8.96,0.7179,99.2%,129,111,100.0%,98.2%,53.8%,46.2%,240
Window_3,2016-01-04,2022-12-23,2023-01-03,2023-12-22,supramax,1d,Persistence,level,none,222.7,301.25,1.83,0.9888,N/A,108,132,N/A,N/A,45.0%,55.0%,240
Window_3,2016-01-04,2022-12-23,2023-01-03,2023-12-22,supramax,1d,Naive_Mean_Change,abs_change,none,223.12,301.02,1.83,0.9888,45.0%,108,132,100.0%,0.0%,45.0%,55.0%,240
Window_3,2016-01-04,2022-12-23,2023-01-03,2023-12-22,supramax,1d,Ridge,abs_change,full,160.28,230.91,1.31,0.9934,85.4%,108,132,83.3%,87.1%,45.0%,55.0%,240
Window_3,2016-01-04,2022-12-23,2023-01-03,2023-12-22,supramax,1d,XGBoost,abs_change,full,154.91,378.29,1.13,0.9823,98.8%,108,132,97.2%,100.0%,45.0%,55.0%,240
Window_3,2016-01-04,2022-12-23,2023-01-03,2023-12-22,supramax,1d,Neural_Net,abs_change,full,200.23,269.24,1.67,0.991,70.4%,108,132,74.1%,67.4%,45.0%,55.0%,240
Window_3,2016-01-04,2022-12-23,2023-01-03,2023-12-22,supramax,1d,Ridge_Residual_Hybrid,abs_change,full,145.81,211.98,1.2,0.9944,92.9%,108,132,89.8%,95.5%,45.0%,55.0%,240
Window_3,2016-01-04,2022-12-23,2023-01-03,2023-12-22,supramax,1d,Validation_Weighted_Ensemble,abs_change,full,139.22,201.51,1.14,0.995,95.0%,108,132,91.7%,97.7%,45.0%,55.0%,240
Window_3,2016-01-04,2022-12-23,2023-01-03,2023-12-22,supramax,7d,Persistence,level,none,1211.2,1539.05,9.82,0.7153,N/A,123,117,N/A,N/A,51.2%,48.8%,240
Window_3,2016-01-04,2022-12-23,2023-01-03,2023-12-22,supramax,7d,Naive_Mean_Change,abs_change,none,1210.83,1537.13,9.81,0.716,51.2%,123,117,100.0%,0.0%,51.2%,48.8%,240
Window_3,2016-01-04,2022-12-23,2023-01-03,2023-12-22,supramax,7d,Ridge,abs_change,full,749.31,981.33,6.15,0.8842,85.0%,123,117,80.5%,89.7%,51.2%,48.8%,240
Window_3,2016-01-04,2022-12-23,2023-01-03,2023-12-22,supramax,7d,XGBoost,abs_change,full,760.17,930.15,6.23,0.896,98.8%,123,117,100.0%,97.4%,51.2%,48.8%,240
Window_3,2016-01-04,2022-12-23,2023-01-03,2023-12-22,supramax,7d,Neural_Net,abs_change,full,866.35,1122.48,6.97,0.8486,83.3%,123,117,84.6%,82.1%,51.2%,48.8%,240
Window_3,2016-01-04,2022-12-23,2023-01-03,2023-12-22,supramax,7d,Ridge_Residual_Hybrid,abs_change,full,713.55,945.31,5.89,0.8926,87.9%,123,117,82.9%,93.2%,51.2%,48.8%,240
Window_3,2016-01-04,2022-12-23,2023-01-03,2023-12-22,supramax,7d,Validation_Weighted_Ensemble,abs_change,full,606.56,767.68,4.99,0.9292,97.1%,123,117,100.0%,94.0%,51.2%,48.8%,240
Window_3,2016-01-04,2022-12-23,2023-01-03,2023-12-22,supramax,14d,Persistence,level,none,1859.85,2358.71,14.81,0.3129,N/A,111,128,N/A,N/A,46.2%,53.3%,240
Window_3,2016-01-04,2022-12-23,2023-01-03,2023-12-22,supramax,14d,Naive_Mean_Change,abs_change,none,1862.96,2354.21,14.82,0.3155,46.2%,111,128,100.0%,0.0%,46.2%,53.3%,240
Window_3,2016-01-04,2022-12-23,2023-01-03,2023-12-22,supramax,14d,Ridge,abs_change,full,1083.65,1411.78,8.99,0.7538,89.6%,111,128,86.5%,93.0%,46.2%,53.3%,240
Window_3,2016-01-04,2022-12-23,2023-01-03,2023-12-22,supramax,14d,XGBoost,abs_change,full,1166.56,1498.56,9.02,0.7227,97.1%,111,128,100.0%,95.3%,46.2%,53.3%,240
Window_3,2016-01-04,2022-12-23,2023-01-03,2023-12-22,supramax,14d,Neural_Net,abs_change,full,1460.44,1953.28,11.98,0.5288,74.2%,111,128,76.6%,72.7%,46.2%,53.3%,240
Window_3,2016-01-04,2022-12-23,2023-01-03,2023-12-22,supramax,14d,Ridge_Residual_Hybrid,abs_change,full,1056.98,1377.46,8.83,0.7657,91.7%,111,128,89.2%,94.5%,46.2%,53.3%,240
Window_3,2016-01-04,2022-12-23,2023-01-03,2023-12-22,supramax,14d,Validation_Weighted_Ensemble,abs_change,full,780.93,1037.49,6.26,0.8671,97.1%,111,128,99.1%,96.1%,46.2%,53.3%,240
Window_3,2016-01-04,2022-12-23,2023-01-03,2023-12-22,supramax,30d,Persistence,level,none,2853.8,3446.5,22.82,-0.6663,N/A,127,113,N/A,N/A,52.9%,47.1%,240
Window_3,2016-01-04,2022-12-23,2023-01-03,2023-12-22,supramax,30d,Naive_Mean_Change,abs_change,none,2851.16,3433.26,22.73,-0.6535,52.9%,127,113,100.0%,0.0%,52.9%,47.1%,240
Window_3,2016-01-04,2022-12-23,2023-01-03,2023-12-22,supramax,30d,Ridge,abs_change,full,1877.27,2495.35,15.51,0.1265,86.7%,127,113,78.0%,96.5%,52.9%,47.1%,240
Window_3,2016-01-04,2022-12-23,2023-01-03,2023-12-22,supramax,30d,XGBoost,abs_change,full,3155.43,3831.5,21.21,-1.0594,99.6%,127,113,100.0%,99.1%,52.9%,47.1%,240
Window_3,2016-01-04,2022-12-23,2023-01-03,2023-12-22,supramax,30d,Neural_Net,abs_change,full,2250.01,2955.93,18.23,-0.2257,66.7%,127,113,61.4%,72.6%,52.9%,47.1%,240
Window_3,2016-01-04,2022-12-23,2023-01-03,2023-12-22,supramax,30d,Ridge_Residual_Hybrid,abs_change,full,1861.45,2403.52,15.43,0.1896,86.2%,127,113,79.5%,93.8%,52.9%,47.1%,240
Window_3,2016-01-04,2022-12-23,2023-01-03,2023-12-22,supramax,30d,Validation_Weighted_Ensemble,abs_change,full,1358.35,1625.21,10.76,0.6295,99.6%,127,113,100.0%,99.1%,52.9%,47.1%,240
Window_3,2016-01-04,2022-12-23,2023-01-03,2023-12-22,handy,1d,Persistence,level,none,121.38,161.21,1.39,0.9853,N/A,110,130,N/A,N/A,45.8%,54.2%,240
Window_3,2016-01-04,2022-12-23,2023-01-03,2023-12-22,handy,1d,Naive_Mean_Change,abs_change,none,121.61,161.11,1.39,0.9853,45.8%,110,130,100.0%,0.0%,45.8%,54.2%,240
Window_3,2016-01-04,2022-12-23,2023-01-03,2023-12-22,handy,1d,Ridge,abs_change,full,102.61,143.58,1.19,0.9883,83.8%,110,130,82.7%,84.6%,45.8%,54.2%,240
Window_3,2016-01-04,2022-12-23,2023-01-03,2023-12-22,handy,1d,XGBoost,abs_change,full,101.08,130.61,1.18,0.9903,98.3%,110,130,96.4%,100.0%,45.8%,54.2%,240
Window_3,2016-01-04,2022-12-23,2023-01-03,2023-12-22,handy,1d,Neural_Net,abs_change,full,120.89,157.22,1.4,0.986,78.3%,110,130,76.4%,80.0%,45.8%,54.2%,240
Window_3,2016-01-04,2022-12-23,2023-01-03,2023-12-22,handy,1d,Ridge_Residual_Hybrid,abs_change,full,101.95,144.22,1.18,0.9882,85.4%,110,130,84.5%,86.2%,45.8%,54.2%,240
Window_3,2016-01-04,2022-12-23,2023-01-03,2023-12-22,handy,1d,Validation_Weighted_Ensemble,abs_change,full,87.13,111.89,1.01,0.9929,95.4%,110,130,90.0%,100.0%,45.8%,54.2%,240
Window_3,2016-01-04,2022-12-23,2023-01-03,2023-12-22,handy,7d,Persistence,level,none,621.2,797.21,7.11,0.6484,N/A,112,127,N/A,N/A,46.7%,52.9%,240
Window_3,2016-01-04,2022-12-23,2023-01-03,2023-12-22,handy,7d,Naive_Mean_Change,abs_change,none,622.4,796.17,7.11,0.6493,46.7%,112,127,100.0%,0.0%,46.7%,52.9%,240
Window_3,2016-01-04,2022-12-23,2023-01-03,2023-12-22,handy,7d,Ridge,abs_change,full,446.85,644.39,5.11,0.7702,87.1%,112,127,84.8%,89.8%,46.7%,52.9%,240
Window_3,2016-01-04,2022-12-23,2023-01-03,2023-12-22,handy,7d,XGBoost,abs_change,full,569.6,705.34,6.46,0.7247,97.5%,112,127,100.0%,96.1%,46.7%,52.9%,240
Window_3,2016-01-04,2022-12-23,2023-01-03,2023-12-22,handy,7d,Neural_Net,abs_change,full,543.07,750.93,6.11,0.688,78.3%,112,127,77.7%,79.5%,46.7%,52.9%,240
Window_3,2016-01-04,2022-12-23,2023-01-03,2023-12-22,handy,7d,Ridge_Residual_Hybrid,abs_change,full,470.0,673.69,5.34,0.7489,87.5%,112,127,87.5%,88.2%,46.7%,52.9%,240
Window_3,2016-01-04,2022-12-23,2023-01-03,2023-12-22,handy,7d,Validation_Weighted_Ensemble,abs_change,full,384.76,516.6,4.33,0.8523,92.9%,112,127,94.6%,92.1%,46.7%,52.9%,240
Window_3,2016-01-04,2022-12-23,2023-01-03,2023-12-22,handy,14d,Persistence,level,none,1014.01,1286.42,11.42,0.0639,N/A,110,130,N/A,N/A,45.8%,54.2%,240
Window_3,2016-01-04,2022-12-23,2023-01-03,2023-12-22,handy,14d,Naive_Mean_Change,abs_change,none,1016.57,1283.78,11.43,0.0677,45.8%,110,130,100.0%,0.0%,45.8%,54.2%,240
Window_3,2016-01-04,2022-12-23,2023-01-03,2023-12-22,handy,14d,Ridge,abs_change,full,729.16,996.01,8.44,0.4388,87.5%,110,130,85.5%,89.2%,45.8%,54.2%,240
Window_3,2016-01-04,2022-12-23,2023-01-03,2023-12-22,handy,14d,XGBoost,abs_change,full,997.54,1445.96,10.69,-0.1827,95.4%,110,130,97.3%,93.8%,45.8%,54.2%,240
Window_3,2016-01-04,2022-12-23,2023-01-03,2023-12-22,handy,14d,Neural_Net,abs_change,full,1163.3,1486.88,12.89,-0.2506,71.2%,110,130,70.0%,72.3%,45.8%,54.2%,240
Window_3,2016-01-04,2022-12-23,2023-01-03,2023-12-22,handy,14d,Ridge_Residual_Hybrid,abs_change,full,881.89,1269.93,10.05,0.0877,87.1%,110,130,86.4%,87.7%,45.8%,54.2%,240
Window_3,2016-01-04,2022-12-23,2023-01-03,2023-12-22,handy,14d,Validation_Weighted_Ensemble,abs_change,full,667.93,898.68,7.59,0.5431,91.7%,110,130,91.8%,91.5%,45.8%,54.2%,240
Window_3,2016-01-04,2022-12-23,2023-01-03,2023-12-22,handy,30d,Persistence,level,none,1568.5,1838.77,17.89,-1.079,N/A,111,129,N/A,N/A,46.2%,53.8%,240
Window_3,2016-01-04,2022-12-23,2023-01-03,2023-12-22,handy,30d,Naive_Mean_Change,abs_change,none,1573.96,1829.57,17.89,-1.0583,46.2%,111,129,100.0%,0.0%,46.2%,53.8%,240
Window_3,2016-01-04,2022-12-23,2023-01-03,2023-12-22,handy,30d,Ridge,abs_change,full,1493.88,1968.49,18.47,-1.3827,83.3%,111,129,81.1%,85.3%,46.2%,53.8%,240
Window_3,2016-01-04,2022-12-23,2023-01-03,2023-12-22,handy,30d,XGBoost,abs_change,full,1815.17,2295.2,17.4,-2.2393,99.2%,111,129,99.1%,99.2%,46.2%,53.8%,240
Window_3,2016-01-04,2022-12-23,2023-01-03,2023-12-22,handy,30d,Neural_Net,abs_change,full,1707.5,2129.16,19.95,-1.7876,60.8%,111,129,52.3%,68.2%,46.2%,53.8%,240
Window_3,2016-01-04,2022-12-23,2023-01-03,2023-12-22,handy,30d,Ridge_Residual_Hybrid,abs_change,full,1671.73,2132.07,20.81,-1.7952,77.9%,111,129,75.7%,79.8%,46.2%,53.8%,240
Window_3,2016-01-04,2022-12-23,2023-01-03,2023-12-22,handy,30d,Validation_Weighted_Ensemble,abs_change,full,1074.03,1348.16,11.35,-0.1176,95.0%,111,129,99.1%,91.5%,46.2%,53.8%,240
Window_4,2016-01-04,2023-12-22,2024-01-02,2024-12-24,kdci,1d,Persistence,level,none,338.71,458.83,1.9,0.9754,N/A,95,145,N/A,N/A,39.6%,60.4%,240
Window_4,2016-01-04,2023-12-22,2024-01-02,2024-12-24,kdci,1d,Naive_Mean_Change,abs_change,none,340.37,459.66,1.91,0.9753,39.6%,95,145,100.0%,0.0%,39.6%,60.4%,240
Window_4,2016-01-04,2023-12-22,2024-01-02,2024-12-24,kdci,1d,Ridge,abs_change,full,211.99,287.87,1.2,0.9903,92.1%,95,145,91.6%,92.4%,39.6%,60.4%,240
Window_4,2016-01-04,2023-12-22,2024-01-02,2024-12-24,kdci,1d,XGBoost,abs_change,full,188.28,259.35,1.05,0.9921,99.6%,95,145,100.0%,99.3%,39.6%,60.4%,240
Window_4,2016-01-04,2023-12-22,2024-01-02,2024-12-24,kdci,1d,Neural_Net,abs_change,full,326.97,432.38,1.9,0.9781,77.5%,95,145,68.4%,83.4%,39.6%,60.4%,240
Window_4,2016-01-04,2023-12-22,2024-01-02,2024-12-24,kdci,1d,Ridge_Residual_Hybrid,abs_change,full,199.79,271.13,1.14,0.9914,94.2%,95,145,94.7%,93.8%,39.6%,60.4%,240
Window_4,2016-01-04,2023-12-22,2024-01-02,2024-12-24,kdci,1d,Validation_Weighted_Ensemble,abs_change,full,183.58,254.91,1.03,0.9924,99.6%,95,145,100.0%,99.3%,39.6%,60.4%,240
Window_4,2016-01-04,2023-12-22,2024-01-02,2024-12-24,kdci,7d,Persistence,level,none,1460.66,1940.21,8.37,0.6265,N/A,110,130,N/A,N/A,45.8%,54.2%,240
Window_4,2016-01-04,2023-12-22,2024-01-02,2024-12-24,kdci,7d,Naive_Mean_Change,abs_change,none,1465.09,1948.14,8.4,0.6235,45.8%,110,130,100.0%,0.0%,45.8%,54.2%,240
Window_4,2016-01-04,2023-12-22,2024-01-02,2024-12-24,kdci,7d,Ridge,abs_change,full,880.08,1164.83,5.13,0.8654,87.1%,110,130,83.6%,90.0%,45.8%,54.2%,240
Window_4,2016-01-04,2023-12-22,2024-01-02,2024-12-24,kdci,7d,XGBoost,abs_change,full,929.99,1127.05,5.26,0.874,99.2%,110,130,100.0%,98.5%,45.8%,54.2%,240
Window_4,2016-01-04,2023-12-22,2024-01-02,2024-12-24,kdci,7d,Neural_Net,abs_change,full,1421.21,1886.86,8.42,0.6468,69.6%,110,130,53.6%,83.1%,45.8%,54.2%,240
Window_4,2016-01-04,2023-12-22,2024-01-02,2024-12-24,kdci,7d,Ridge_Residual_Hybrid,abs_change,full,863.66,1144.56,5.04,0.87,89.6%,110,130,89.1%,90.0%,45.8%,54.2%,240
Window_4,2016-01-04,2023-12-22,2024-01-02,2024-12-24,kdci,7d,Validation_Weighted_Ensemble,abs_change,full,809.17,1006.53,4.65,0.8995,97.9%,110,130,99.1%,96.9%,45.8%,54.2%,240
Window_4,2016-01-04,2023-12-22,2024-01-02,2024-12-24,kdci,14d,Persistence,level,none,2227.52,2871.0,12.85,0.2927,N/A,114,126,N/A,N/A,47.5%,52.5%,240
Window_4,2016-01-04,2023-12-22,2024-01-02,2024-12-24,kdci,14d,Naive_Mean_Change,abs_change,none,2232.54,2885.37,12.88,0.2856,47.5%,114,126,100.0%,0.0%,47.5%,52.5%,240
Window_4,2016-01-04,2023-12-22,2024-01-02,2024-12-24,kdci,14d,Ridge,abs_change,full,1249.41,1598.85,7.35,0.7806,85.0%,114,126,69.3%,99.2%,47.5%,52.5%,240
Window_4,2016-01-04,2023-12-22,2024-01-02,2024-12-24,kdci,14d,XGBoost,abs_change,full,1076.28,1327.15,6.38,0.8489,100.0%,114,126,100.0%,100.0%,47.5%,52.5%,240
Window_4,2016-01-04,2023-12-22,2024-01-02,2024-12-24,kdci,14d,Neural_Net,abs_change,full,2245.62,2934.64,14.0,0.261,72.9%,114,126,54.4%,89.7%,47.5%,52.5%,240
Window_4,2016-01-04,2023-12-22,2024-01-02,2024-12-24,kdci,14d,Ridge_Residual_Hybrid,abs_change,full,1168.62,1505.27,6.95,0.8056,89.2%,114,126,78.1%,99.2%,47.5%,52.5%,240
Window_4,2016-01-04,2023-12-22,2024-01-02,2024-12-24,kdci,14d,Validation_Weighted_Ensemble,abs_change,full,1007.63,1261.32,5.99,0.8635,98.3%,114,126,96.5%,100.0%,47.5%,52.5%,240
Window_4,2016-01-04,2023-12-22,2024-01-02,2024-12-24,kdci,30d,Persistence,level,none,2923.49,3674.79,17.93,0.1801,N/A,89,151,N/A,N/A,37.1%,62.9%,240
Window_4,2016-01-04,2023-12-22,2024-01-02,2024-12-24,kdci,30d,Naive_Mean_Change,abs_change,none,2972.53,3722.4,18.2,0.1587,37.1%,89,151,100.0%,0.0%,37.1%,62.9%,240
Window_4,2016-01-04,2023-12-22,2024-01-02,2024-12-24,kdci,30d,Ridge,abs_change,full,1501.17,1936.51,9.05,0.7723,91.7%,89,151,82.0%,97.4%,37.1%,62.9%,240
Window_4,2016-01-04,2023-12-22,2024-01-02,2024-12-24,kdci,30d,XGBoost,abs_change,full,2099.56,2440.61,12.28,0.6383,100.0%,89,151,100.0%,100.0%,37.1%,62.9%,240
Window_4,2016-01-04,2023-12-22,2024-01-02,2024-12-24,kdci,30d,Neural_Net,abs_change,full,2326.88,2947.3,14.08,0.4726,82.1%,89,151,75.3%,86.1%,37.1%,62.9%,240
Window_4,2016-01-04,2023-12-22,2024-01-02,2024-12-24,kdci,30d,Ridge_Residual_Hybrid,abs_change,full,1429.36,1798.72,8.65,0.8036,92.1%,89,151,83.1%,97.4%,37.1%,62.9%,240
Window_4,2016-01-04,2023-12-22,2024-01-02,2024-12-24,kdci,30d,Validation_Weighted_Ensemble,abs_change,full,1388.89,1718.0,8.32,0.8208,94.6%,89,151,87.6%,98.7%,37.1%,62.9%,240
Window_4,2016-01-04,2023-12-22,2024-01-02,2024-12-24,cape,1d,Persistence,level,none,992.9,1305.06,3.95,0.9555,N/A,107,133,N/A,N/A,44.6%,55.4%,240
Window_4,2016-01-04,2023-12-22,2024-01-02,2024-12-24,cape,1d,Naive_Mean_Change,abs_change,none,994.57,1306.03,3.95,0.9555,44.6%,107,133,100.0%,0.0%,44.6%,55.4%,240
Window_4,2016-01-04,2023-12-22,2024-01-02,2024-12-24,cape,1d,Ridge,abs_change,full,654.51,884.18,2.58,0.9796,91.7%,107,133,91.6%,91.7%,44.6%,55.4%,240
Window_4,2016-01-04,2023-12-22,2024-01-02,2024-12-24,cape,1d,XGBoost,abs_change,full,611.45,809.89,2.4,0.9829,98.3%,107,133,100.0%,97.0%,44.6%,55.4%,240
Window_4,2016-01-04,2023-12-22,2024-01-02,2024-12-24,cape,1d,Neural_Net,abs_change,full,799.44,1027.03,3.17,0.9725,82.9%,107,133,87.9%,78.9%,44.6%,55.4%,240
Window_4,2016-01-04,2023-12-22,2024-01-02,2024-12-24,cape,1d,Ridge_Residual_Hybrid,abs_change,full,609.64,784.11,2.42,0.9839,98.3%,107,133,99.1%,97.7%,44.6%,55.4%,240
Window_4,2016-01-04,2023-12-22,2024-01-02,2024-12-24,cape,1d,Validation_Weighted_Ensemble,abs_change,full,590.32,767.1,2.34,0.9846,98.8%,107,133,100.0%,97.7%,44.6%,55.4%,240
Window_4,2016-01-04,2023-12-22,2024-01-02,2024-12-24,cape,7d,Persistence,level,none,3960.79,5125.86,15.88,0.3881,N/A,115,125,N/A,N/A,47.9%,52.1%,240
Window_4,2016-01-04,2023-12-22,2024-01-02,2024-12-24,cape,7d,Naive_Mean_Change,abs_change,none,3964.22,5133.19,15.88,0.3863,47.9%,115,125,100.0%,0.0%,47.9%,52.1%,240
Window_4,2016-01-04,2023-12-22,2024-01-02,2024-12-24,cape,7d,Ridge,abs_change,full,2584.09,3515.48,10.78,0.7122,87.5%,115,125,84.3%,90.4%,47.9%,52.1%,240
Window_4,2016-01-04,2023-12-22,2024-01-02,2024-12-24,cape,7d,XGBoost,abs_change,full,2322.22,2996.05,9.37,0.7909,98.3%,115,125,100.0%,96.8%,47.9%,52.1%,240
Window_4,2016-01-04,2023-12-22,2024-01-02,2024-12-24,cape,7d,Neural_Net,abs_change,full,3337.69,4888.72,12.97,0.4434,81.2%,115,125,87.0%,76.0%,47.9%,52.1%,240
Window_4,2016-01-04,2023-12-22,2024-01-02,2024-12-24,cape,7d,Ridge_Residual_Hybrid,abs_change,full,2475.13,3266.65,10.39,0.7515,93.3%,115,125,93.9%,92.8%,47.9%,52.1%,240
Window_4,2016-01-04,2023-12-22,2024-01-02,2024-12-24,cape,7d,Validation_Weighted_Ensemble,abs_change,full,2248.14,2930.05,9.18,0.8001,99.2%,115,125,100.0%,98.4%,47.9%,52.1%,240
Window_4,2016-01-04,2023-12-22,2024-01-02,2024-12-24,cape,14d,Persistence,level,none,5844.13,7361.7,23.44,-0.1829,N/A,132,108,N/A,N/A,55.0%,45.0%,240
Window_4,2016-01-04,2023-12-22,2024-01-02,2024-12-24,cape,14d,Naive_Mean_Change,abs_change,none,5831.91,7374.85,23.33,-0.1872,55.0%,132,108,100.0%,0.0%,55.0%,45.0%,240
Window_4,2016-01-04,2023-12-22,2024-01-02,2024-12-24,cape,14d,Ridge,abs_change,full,3681.66,4692.62,16.01,0.5193,83.8%,132,108,73.5%,96.3%,55.0%,45.0%,240
Window_4,2016-01-04,2023-12-22,2024-01-02,2024-12-24,cape,14d,XGBoost,abs_change,full,2958.6,3699.87,12.14,0.7012,100.0%,132,108,100.0%,100.0%,55.0%,45.0%,240
Window_4,2016-01-04,2023-12-22,2024-01-02,2024-12-24,cape,14d,Neural_Net,abs_change,full,4723.97,6472.43,18.89,0.0856,72.1%,132,108,61.4%,85.2%,55.0%,45.0%,240
Window_4,2016-01-04,2023-12-22,2024-01-02,2024-12-24,cape,14d,Ridge_Residual_Hybrid,abs_change,full,3419.08,4425.56,14.96,0.5725,87.1%,132,108,79.5%,96.3%,55.0%,45.0%,240
Window_4,2016-01-04,2023-12-22,2024-01-02,2024-12-24,cape,14d,Validation_Weighted_Ensemble,abs_change,full,2790.6,3573.79,11.69,0.7212,99.6%,132,108,99.2%,100.0%,55.0%,45.0%,240
Window_4,2016-01-04,2023-12-22,2024-01-02,2024-12-24,cape,30d,Persistence,level,none,6868.61,8654.41,28.49,-0.2567,N/A,90,150,N/A,N/A,37.5%,62.5%,240
Window_4,2016-01-04,2023-12-22,2024-01-02,2024-12-24,cape,30d,Naive_Mean_Change,abs_change,none,6942.63,8703.55,28.75,-0.271,37.5%,90,150,100.0%,0.0%,37.5%,62.5%,240
Window_4,2016-01-04,2023-12-22,2024-01-02,2024-12-24,cape,30d,Ridge,abs_change,full,3935.5,5486.68,16.61,0.4949,95.4%,90,150,88.9%,99.3%,37.5%,62.5%,240
Window_4,2016-01-04,2023-12-22,2024-01-02,2024-12-24,cape,30d,XGBoost,abs_change,full,3776.44,4878.66,16.5,0.6006,100.0%,90,150,100.0%,100.0%,37.5%,62.5%,240
Window_4,2016-01-04,2023-12-22,2024-01-02,2024-12-24,cape,30d,Neural_Net,abs_change,full,5524.42,7085.14,23.11,0.1577,77.9%,90,150,75.6%,79.3%,37.5%,62.5%,240
Window_4,2016-01-04,2023-12-22,2024-01-02,2024-12-24,cape,30d,Ridge_Residual_Hybrid,abs_change,full,3997.38,5385.89,17.52,0.5133,97.1%,90,150,92.2%,100.0%,37.5%,62.5%,240
Window_4,2016-01-04,2023-12-22,2024-01-02,2024-12-24,cape,30d,Validation_Weighted_Ensemble,abs_change,full,3607.47,4777.27,15.47,0.6171,98.3%,90,150,95.6%,100.0%,37.5%,62.5%,240
Window_4,2016-01-04,2023-12-22,2024-01-02,2024-12-24,panamax,1d,Persistence,level,none,230.2,318.11,1.53,0.9866,N/A,88,149,N/A,N/A,36.7%,62.1%,240
Window_4,2016-01-04,2023-12-22,2024-01-02,2024-12-24,panamax,1d,Naive_Mean_Change,abs_change,none,232.14,319.01,1.54,0.9866,36.7%,88,149,100.0%,0.0%,36.7%,62.1%,240
Window_4,2016-01-04,2023-12-22,2024-01-02,2024-12-24,panamax,1d,Ridge,abs_change,full,146.69,205.42,0.99,0.9944,90.4%,88,149,90.9%,91.9%,36.7%,62.1%,240
Window_4,2016-01-04,2023-12-22,2024-01-02,2024-12-24,panamax,1d,XGBoost,abs_change,full,133.36,193.02,0.9,0.9951,98.3%,88,149,98.9%,100.0%,36.7%,62.1%,240
Window_4,2016-01-04,2023-12-22,2024-01-02,2024-12-24,panamax,1d,Neural_Net,abs_change,full,224.21,288.79,1.55,0.989,73.8%,88,149,90.9%,65.1%,36.7%,62.1%,240
Window_4,2016-01-04,2023-12-22,2024-01-02,2024-12-24,panamax,1d,Ridge_Residual_Hybrid,abs_change,full,145.81,199.4,0.99,0.9948,93.8%,88,149,96.6%,94.0%,36.7%,62.1%,240
Window_4,2016-01-04,2023-12-22,2024-01-02,2024-12-24,panamax,1d,Validation_Weighted_Ensemble,abs_change,full,134.05,190.81,0.9,0.9952,97.9%,88,149,98.9%,99.3%,36.7%,62.1%,240
Window_4,2016-01-04,2023-12-22,2024-01-02,2024-12-24,panamax,7d,Persistence,level,none,1146.93,1405.21,7.63,0.7754,N/A,90,150,N/A,N/A,37.5%,62.5%,240
Window_4,2016-01-04,2023-12-22,2024-01-02,2024-12-24,panamax,7d,Naive_Mean_Change,abs_change,none,1157.28,1412.64,7.71,0.773,37.5%,90,150,100.0%,0.0%,37.5%,62.5%,240
Window_4,2016-01-04,2023-12-22,2024-01-02,2024-12-24,panamax,7d,Ridge,abs_change,full,707.19,908.92,4.78,0.906,91.7%,90,150,85.6%,95.3%,37.5%,62.5%,240
Window_4,2016-01-04,2023-12-22,2024-01-02,2024-12-24,panamax,7d,XGBoost,abs_change,full,698.21,847.17,4.86,0.9184,100.0%,90,150,100.0%,100.0%,37.5%,62.5%,240
Window_4,2016-01-04,2023-12-22,2024-01-02,2024-12-24,panamax,7d,Neural_Net,abs_change,full,1111.55,1400.71,8.02,0.7768,78.8%,90,150,65.6%,86.7%,37.5%,62.5%,240
Window_4,2016-01-04,2023-12-22,2024-01-02,2024-12-24,panamax,7d,Ridge_Residual_Hybrid,abs_change,full,724.43,877.39,4.97,0.9124,96.7%,90,150,94.4%,98.0%,37.5%,62.5%,240
Window_4,2016-01-04,2023-12-22,2024-01-02,2024-12-24,panamax,7d,Validation_Weighted_Ensemble,abs_change,full,653.06,783.05,4.49,0.9303,99.6%,90,150,98.9%,100.0%,37.5%,62.5%,240
Window_4,2016-01-04,2023-12-22,2024-01-02,2024-12-24,panamax,14d,Persistence,level,none,1663.19,2018.47,11.34,0.604,N/A,91,149,N/A,N/A,37.9%,62.1%,240
Window_4,2016-01-04,2023-12-22,2024-01-02,2024-12-24,panamax,14d,Naive_Mean_Change,abs_change,none,1683.57,2034.73,11.49,0.5976,37.9%,91,149,100.0%,0.0%,37.9%,62.1%,240
Window_4,2016-01-04,2023-12-22,2024-01-02,2024-12-24,panamax,14d,Ridge,abs_change,full,941.19,1178.78,6.25,0.865,90.8%,91,149,85.7%,94.0%,37.9%,62.1%,240
Window_4,2016-01-04,2023-12-22,2024-01-02,2024-12-24,panamax,14d,XGBoost,abs_change,full,983.92,1296.1,6.42,0.8367,100.0%,91,149,100.0%,100.0%,37.9%,62.1%,240
Window_4,2016-01-04,2023-12-22,2024-01-02,2024-12-24,panamax,14d,Neural_Net,abs_change,full,1442.71,1824.62,9.79,0.6764,72.5%,91,149,68.1%,75.2%,37.9%,62.1%,240
Window_4,2016-01-04,2023-12-22,2024-01-02,2024-12-24,panamax,14d,Ridge_Residual_Hybrid,abs_change,full,927.2,1126.56,6.51,0.8767,94.6%,91,149,92.3%,96.0%,37.9%,62.1%,240
Window_4,2016-01-04,2023-12-22,2024-01-02,2024-12-24,panamax,14d,Validation_Weighted_Ensemble,abs_change,full,730.34,974.01,4.88,0.9078,96.7%,91,149,98.9%,95.3%,37.9%,62.1%,240
Window_4,2016-01-04,2023-12-22,2024-01-02,2024-12-24,panamax,30d,Persistence,level,none,2211.45,2645.28,15.96,0.4521,N/A,64,176,N/A,N/A,26.7%,73.3%,240
Window_4,2016-01-04,2023-12-22,2024-01-02,2024-12-24,panamax,30d,Naive_Mean_Change,abs_change,none,2292.81,2701.24,16.5,0.4287,26.7%,64,176,100.0%,0.0%,26.7%,73.3%,240
Window_4,2016-01-04,2023-12-22,2024-01-02,2024-12-24,panamax,30d,Ridge,abs_change,full,1111.55,1429.68,8.34,0.84,89.6%,64,176,84.4%,91.5%,26.7%,73.3%,240
Window_4,2016-01-04,2023-12-22,2024-01-02,2024-12-24,panamax,30d,XGBoost,abs_change,full,1165.05,1384.02,8.74,0.85,100.0%,64,176,100.0%,100.0%,26.7%,73.3%,240
Window_4,2016-01-04,2023-12-22,2024-01-02,2024-12-24,panamax,30d,Neural_Net,abs_change,full,1824.29,2337.84,12.81,0.5721,72.1%,64,176,85.9%,67.0%,26.7%,73.3%,240
Window_4,2016-01-04,2023-12-22,2024-01-02,2024-12-24,panamax,30d,Ridge_Residual_Hybrid,abs_change,full,1106.82,1378.57,8.38,0.8512,97.1%,64,176,98.4%,96.6%,26.7%,73.3%,240
Window_4,2016-01-04,2023-12-22,2024-01-02,2024-12-24,panamax,30d,Validation_Weighted_Ensemble,abs_change,full,970.88,1213.99,7.41,0.8846,99.2%,64,176,98.4%,99.4%,26.7%,73.3%,240
Window_4,2016-01-04,2023-12-22,2024-01-02,2024-12-24,supramax,1d,Persistence,level,none,145.16,188.95,0.95,0.9833,N/A,102,138,N/A,N/A,42.5%,57.5%,240
Window_4,2016-01-04,2023-12-22,2024-01-02,2024-12-24,supramax,1d,Naive_Mean_Change,abs_change,none,146.11,189.74,0.96,0.9832,42.5%,102,138,100.0%,0.0%,42.5%,57.5%,240
Window_4,2016-01-04,2023-12-22,2024-01-02,2024-12-24,supramax,1d,Ridge,abs_change,full,107.34,135.92,0.72,0.9914,88.8%,102,138,80.4%,94.9%,42.5%,57.5%,240
Window_4,2016-01-04,2023-12-22,2024-01-02,2024-12-24,supramax,1d,XGBoost,abs_change,full,79.56,104.26,0.53,0.9949,100.0%,102,138,100.0%,100.0%,42.5%,57.5%,240
Window_4,2016-01-04,2023-12-22,2024-01-02,2024-12-24,supramax,1d,Neural_Net,abs_change,full,161.34,216.07,1.1,0.9782,79.6%,102,138,65.7%,89.9%,42.5%,57.5%,240
Window_4,2016-01-04,2023-12-22,2024-01-02,2024-12-24,supramax,1d,Ridge_Residual_Hybrid,abs_change,full,121.6,146.95,0.82,0.9899,94.2%,102,138,89.2%,97.8%,42.5%,57.5%,240
Window_4,2016-01-04,2023-12-22,2024-01-02,2024-12-24,supramax,1d,Validation_Weighted_Ensemble,abs_change,full,77.97,103.26,0.52,0.995,100.0%,102,138,100.0%,100.0%,42.5%,57.5%,240
Window_4,2016-01-04,2023-12-22,2024-01-02,2024-12-24,supramax,7d,Persistence,level,none,763.1,939.87,5.11,0.6554,N/A,89,151,N/A,N/A,37.1%,62.9%,240
Window_4,2016-01-04,2023-12-22,2024-01-02,2024-12-24,supramax,7d,Naive_Mean_Change,abs_change,none,773.87,946.48,5.18,0.6506,37.1%,89,151,100.0%,0.0%,37.1%,62.9%,240
Window_4,2016-01-04,2023-12-22,2024-01-02,2024-12-24,supramax,7d,Ridge,abs_change,full,530.23,646.95,3.63,0.8367,84.2%,89,151,84.3%,84.1%,37.1%,62.9%,240
Window_4,2016-01-04,2023-12-22,2024-01-02,2024-12-24,supramax,7d,XGBoost,abs_change,full,511.14,622.14,3.44,0.849,98.8%,89,151,100.0%,98.0%,37.1%,62.9%,240
Window_4,2016-01-04,2023-12-22,2024-01-02,2024-12-24,supramax,7d,Neural_Net,abs_change,full,840.33,1013.05,5.81,0.5997,81.7%,89,151,86.5%,78.8%,37.1%,62.9%,240
Window_4,2016-01-04,2023-12-22,2024-01-02,2024-12-24,supramax,7d,Ridge_Residual_Hybrid,abs_change,full,542.61,674.46,3.72,0.8226,86.2%,89,151,87.6%,85.4%,37.1%,62.9%,240
Window_4,2016-01-04,2023-12-22,2024-01-02,2024-12-24,supramax,7d,Validation_Weighted_Ensemble,abs_change,full,429.68,537.69,2.92,0.8872,97.1%,89,151,97.8%,96.7%,37.1%,62.9%,240
Window_4,2016-01-04,2023-12-22,2024-01-02,2024-12-24,supramax,14d,Persistence,level,none,1208.73,1449.46,8.28,0.3731,N/A,97,143,N/A,N/A,40.4%,59.6%,240
Window_4,2016-01-04,2023-12-22,2024-01-02,2024-12-24,supramax,14d,Naive_Mean_Change,abs_change,none,1222.89,1464.92,8.37,0.3597,40.4%,97,143,100.0%,0.0%,40.4%,59.6%,240
Window_4,2016-01-04,2023-12-22,2024-01-02,2024-12-24,supramax,14d,Ridge,abs_change,full,845.2,990.44,5.92,0.7073,86.7%,97,143,77.3%,93.0%,40.4%,59.6%,240
Window_4,2016-01-04,2023-12-22,2024-01-02,2024-12-24,supramax,14d,XGBoost,abs_change,full,906.15,1128.4,6.11,0.6201,99.6%,97,143,99.0%,100.0%,40.4%,59.6%,240
Window_4,2016-01-04,2023-12-22,2024-01-02,2024-12-24,supramax,14d,Neural_Net,abs_change,full,1185.22,1493.86,8.13,0.3341,75.4%,97,143,76.3%,74.8%,40.4%,59.6%,240
Window_4,2016-01-04,2023-12-22,2024-01-02,2024-12-24,supramax,14d,Ridge_Residual_Hybrid,abs_change,full,911.49,1092.78,6.37,0.6437,92.5%,97,143,88.7%,95.1%,40.4%,59.6%,240
Window_4,2016-01-04,2023-12-22,2024-01-02,2024-12-24,supramax,14d,Validation_Weighted_Ensemble,abs_change,full,755.7,912.61,5.26,0.7515,95.4%,97,143,91.8%,97.9%,40.4%,59.6%,240
Window_4,2016-01-04,2023-12-22,2024-01-02,2024-12-24,supramax,30d,Persistence,level,none,1574.48,1974.82,11.53,0.3122,N/A,90,150,N/A,N/A,37.5%,62.5%,240
Window_4,2016-01-04,2023-12-22,2024-01-02,2024-12-24,supramax,30d,Naive_Mean_Change,abs_change,none,1615.41,2023.65,11.79,0.2778,37.5%,90,150,100.0%,0.0%,37.5%,62.5%,240
Window_4,2016-01-04,2023-12-22,2024-01-02,2024-12-24,supramax,30d,Ridge,abs_change,full,1185.79,1530.76,8.66,0.5868,83.3%,90,150,75.6%,88.0%,37.5%,62.5%,240
Window_4,2016-01-04,2023-12-22,2024-01-02,2024-12-24,supramax,30d,XGBoost,abs_change,full,1509.85,1863.78,10.32,0.3874,95.4%,90,150,88.9%,99.3%,37.5%,62.5%,240
Window_4,2016-01-04,2023-12-22,2024-01-02,2024-12-24,supramax,30d,Neural_Net,abs_change,full,1971.69,2541.27,13.26,-0.1389,71.2%,90,150,83.3%,64.0%,37.5%,62.5%,240
Window_4,2016-01-04,2023-12-22,2024-01-02,2024-12-24,supramax,30d,Ridge_Residual_Hybrid,abs_change,full,1193.66,1545.51,8.66,0.5788,85.0%,90,150,76.7%,90.0%,37.5%,62.5%,240
Window_4,2016-01-04,2023-12-22,2024-01-02,2024-12-24,supramax,30d,Validation_Weighted_Ensemble,abs_change,full,1155.65,1461.83,8.34,0.6231,90.4%,90,150,80.0%,96.7%,37.5%,62.5%,240
Window_4,2016-01-04,2023-12-22,2024-01-02,2024-12-24,handy,1d,Persistence,level,none,99.53,134.54,0.87,0.9897,N/A,93,147,N/A,N/A,38.8%,61.3%,240
Window_4,2016-01-04,2023-12-22,2024-01-02,2024-12-24,handy,1d,Naive_Mean_Change,abs_change,none,100.24,134.8,0.88,0.9897,38.8%,93,147,100.0%,0.0%,38.8%,61.3%,240
Window_4,2016-01-04,2023-12-22,2024-01-02,2024-12-24,handy,1d,Ridge,abs_change,full,83.51,108.02,0.73,0.9934,87.9%,93,147,84.9%,89.8%,38.8%,61.3%,240
Window_4,2016-01-04,2023-12-22,2024-01-02,2024-12-24,handy,1d,XGBoost,abs_change,full,59.69,82.99,0.52,0.9961,99.2%,93,147,100.0%,98.6%,38.8%,61.3%,240
Window_4,2016-01-04,2023-12-22,2024-01-02,2024-12-24,handy,1d,Neural_Net,abs_change,full,103.22,135.4,0.9,0.9896,81.2%,93,147,78.5%,83.0%,38.8%,61.3%,240
Window_4,2016-01-04,2023-12-22,2024-01-02,2024-12-24,handy,1d,Ridge_Residual_Hybrid,abs_change,full,84.72,108.3,0.74,0.9933,89.6%,93,147,88.2%,90.5%,38.8%,61.3%,240
Window_4,2016-01-04,2023-12-22,2024-01-02,2024-12-24,handy,1d,Validation_Weighted_Ensemble,abs_change,full,59.69,82.99,0.52,0.9961,99.2%,93,147,100.0%,98.6%,38.8%,61.3%,240
Window_4,2016-01-04,2023-12-22,2024-01-02,2024-12-24,handy,7d,Persistence,level,none,476.49,652.47,4.28,0.7932,N/A,90,150,N/A,N/A,37.5%,62.5%,240
Window_4,2016-01-04,2023-12-22,2024-01-02,2024-12-24,handy,7d,Naive_Mean_Change,abs_change,none,482.02,655.16,4.33,0.7915,37.5%,90,150,100.0%,0.0%,37.5%,62.5%,240
Window_4,2016-01-04,2023-12-22,2024-01-02,2024-12-24,handy,7d,Ridge,abs_change,full,394.72,492.69,3.51,0.8821,84.2%,90,150,85.6%,83.3%,37.5%,62.5%,240
Window_4,2016-01-04,2023-12-22,2024-01-02,2024-12-24,handy,7d,XGBoost,abs_change,full,353.17,466.63,3.05,0.8942,99.2%,90,150,100.0%,98.7%,37.5%,62.5%,240
Window_4,2016-01-04,2023-12-22,2024-01-02,2024-12-24,handy,7d,Neural_Net,abs_change,full,476.34,604.36,4.14,0.8226,82.9%,90,150,86.7%,80.7%,37.5%,62.5%,240
Window_4,2016-01-04,2023-12-22,2024-01-02,2024-12-24,handy,7d,Ridge_Residual_Hybrid,abs_change,full,392.93,491.09,3.49,0.8829,84.2%,90,150,87.8%,82.0%,37.5%,62.5%,240
Window_4,2016-01-04,2023-12-22,2024-01-02,2024-12-24,handy,7d,Validation_Weighted_Ensemble,abs_change,full,319.26,415.7,2.8,0.9161,95.0%,90,150,94.4%,95.3%,37.5%,62.5%,240
Window_4,2016-01-04,2023-12-22,2024-01-02,2024-12-24,handy,14d,Persistence,level,none,790.34,1065.76,7.3,0.5572,N/A,88,152,N/A,N/A,36.7%,63.3%,240
Window_4,2016-01-04,2023-12-22,2024-01-02,2024-12-24,handy,14d,Naive_Mean_Change,abs_change,none,802.36,1072.59,7.41,0.5515,36.7%,88,152,100.0%,0.0%,36.7%,63.3%,240
Window_4,2016-01-04,2023-12-22,2024-01-02,2024-12-24,handy,14d,Ridge,abs_change,full,618.99,764.23,5.65,0.7723,85.0%,88,152,81.8%,86.8%,36.7%,63.3%,240
Window_4,2016-01-04,2023-12-22,2024-01-02,2024-12-24,handy,14d,XGBoost,abs_change,full,830.65,1105.18,7.02,0.5238,98.3%,88,152,100.0%,97.4%,36.7%,63.3%,240
Window_4,2016-01-04,2023-12-22,2024-01-02,2024-12-24,handy,14d,Neural_Net,abs_change,full,776.19,1009.57,6.8,0.6026,79.2%,88,152,75.0%,81.6%,36.7%,63.3%,240
Window_4,2016-01-04,2023-12-22,2024-01-02,2024-12-24,handy,14d,Ridge_Residual_Hybrid,abs_change,full,597.22,757.67,5.41,0.7762,87.5%,88,152,89.8%,86.2%,36.7%,63.3%,240
Window_4,2016-01-04,2023-12-22,2024-01-02,2024-12-24,handy,14d,Validation_Weighted_Ensemble,abs_change,full,568.43,699.73,5.07,0.8091,92.1%,88,152,96.6%,89.5%,36.7%,63.3%,240
Window_4,2016-01-04,2023-12-22,2024-01-02,2024-12-24,handy,30d,Persistence,level,none,1263.14,1727.63,12.63,0.2978,N/A,91,149,N/A,N/A,37.9%,62.1%,240
Window_4,2016-01-04,2023-12-22,2024-01-02,2024-12-24,handy,30d,Naive_Mean_Change,abs_change,none,1292.06,1751.61,12.87,0.2782,37.9%,91,149,100.0%,0.0%,37.9%,62.1%,240
Window_4,2016-01-04,2023-12-22,2024-01-02,2024-12-24,handy,30d,Ridge,abs_change,full,920.99,1310.93,9.45,0.5957,87.9%,91,149,85.7%,89.3%,37.9%,62.1%,240
Window_4,2016-01-04,2023-12-22,2024-01-02,2024-12-24,handy,30d,XGBoost,abs_change,full,1027.78,1254.01,9.36,0.6301,100.0%,91,149,100.0%,100.0%,37.9%,62.1%,240
Window_4,2016-01-04,2023-12-22,2024-01-02,2024-12-24,handy,30d,Neural_Net,abs_change,full,1380.03,1725.58,13.25,0.2995,71.2%,91,149,79.1%,66.4%,37.9%,62.1%,240
Window_4,2016-01-04,2023-12-22,2024-01-02,2024-12-24,handy,30d,Ridge_Residual_Hybrid,abs_change,full,939.15,1320.96,9.48,0.5895,86.7%,91,149,89.0%,85.2%,37.9%,62.1%,240
Window_4,2016-01-04,2023-12-22,2024-01-02,2024-12-24,handy,30d,Validation_Weighted_Ensemble,abs_change,full,864.82,1083.58,8.47,0.7238,97.1%,91,149,92.3%,100.0%,37.9%,62.1%,240
Window_5,2016-01-04,2024-12-24,2025-01-02,2025-12-24,kdci,1d,Persistence,level,none,306.98,410.56,1.93,0.9906,N/A,129,107,N/A,N/A,54.2%,45.0%,238
Window_5,2016-01-04,2024-12-24,2025-01-02,2025-12-24,kdci,1d,Naive_Mean_Change,abs_change,none,306.8,410.41,1.93,0.9906,54.2%,129,107,100.0%,0.0%,54.2%,45.0%,238
Window_5,2016-01-04,2024-12-24,2025-01-02,2025-12-24,kdci,1d,Ridge,abs_change,full,177.55,244.74,1.14,0.9967,96.2%,129,107,96.9%,97.2%,54.2%,45.0%,238
Window_5,2016-01-04,2024-12-24,2025-01-02,2025-12-24,kdci,1d,XGBoost,abs_change,full,162.68,229.38,1.03,0.9971,99.2%,129,107,100.0%,100.0%,54.2%,45.0%,238
Window_5,2016-01-04,2024-12-24,2025-01-02,2025-12-24,kdci,1d,Neural_Net,abs_change,full,263.68,337.92,1.71,0.9936,80.7%,129,107,76.7%,86.9%,54.2%,45.0%,238
Window_5,2016-01-04,2024-12-24,2025-01-02,2025-12-24,kdci,1d,Ridge_Residual_Hybrid,abs_change,full,178.42,234.76,1.14,0.9969,96.2%,129,107,96.9%,97.2%,54.2%,45.0%,238
Window_5,2016-01-04,2024-12-24,2025-01-02,2025-12-24,kdci,1d,Validation_Weighted_Ensemble,abs_change,full,160.32,221.86,1.01,0.9973,97.9%,129,107,98.4%,99.1%,54.2%,45.0%,238
Window_5,2016-01-04,2024-12-24,2025-01-02,2025-12-24,kdci,7d,Persistence,level,none,1417.76,1793.5,8.99,0.8091,N/A,134,104,N/A,N/A,56.3%,43.7%,238
Window_5,2016-01-04,2024-12-24,2025-01-02,2025-12-24,kdci,7d,Naive_Mean_Change,abs_change,none,1415.73,1791.87,8.97,0.8095,56.3%,134,104,100.0%,0.0%,56.3%,43.7%,238
Window_5,2016-01-04,2024-12-24,2025-01-02,2025-12-24,kdci,7d,Ridge,abs_change,full,699.76,921.79,4.29,0.9496,94.1%,134,104,91.8%,97.1%,56.3%,43.7%,238
Window_5,2016-01-04,2024-12-24,2025-01-02,2025-12-24,kdci,7d,XGBoost,abs_change,full,779.37,968.81,4.81,0.9443,100.0%,134,104,100.0%,100.0%,56.3%,43.7%,238
Window_5,2016-01-04,2024-12-24,2025-01-02,2025-12-24,kdci,7d,Neural_Net,abs_change,full,1029.15,1289.61,6.43,0.9013,85.7%,134,104,76.9%,97.1%,56.3%,43.7%,238
Window_5,2016-01-04,2024-12-24,2025-01-02,2025-12-24,kdci,7d,Ridge_Residual_Hybrid,abs_change,full,675.78,885.03,4.17,0.9535,95.4%,134,104,94.0%,97.1%,56.3%,43.7%,238
Window_5,2016-01-04,2024-12-24,2025-01-02,2025-12-24,kdci,7d,Validation_Weighted_Ensemble,abs_change,full,628.85,822.56,3.93,0.9598,97.1%,134,104,95.5%,99.0%,56.3%,43.7%,238
Window_5,2016-01-04,2024-12-24,2025-01-02,2025-12-24,kdci,14d,Persistence,level,none,2100.76,2779.1,13.53,0.4998,N/A,122,116,N/A,N/A,51.3%,48.7%,238
Window_5,2016-01-04,2024-12-24,2025-01-02,2025-12-24,kdci,14d,Naive_Mean_Change,abs_change,none,2100.18,2774.82,13.52,0.5013,51.3%,122,116,100.0%,0.0%,51.3%,48.7%,238
Window_5,2016-01-04,2024-12-24,2025-01-02,2025-12-24,kdci,14d,Ridge,abs_change,full,1007.85,1330.68,6.16,0.8853,90.8%,122,116,91.0%,90.5%,51.3%,48.7%,238
Window_5,2016-01-04,2024-12-24,2025-01-02,2025-12-24,kdci,14d,XGBoost,abs_change,full,1295.16,1620.0,7.64,0.83,99.2%,122,116,100.0%,98.3%,51.3%,48.7%,238
Window_5,2016-01-04,2024-12-24,2025-01-02,2025-12-24,kdci,14d,Neural_Net,abs_change,full,1546.68,1987.89,9.22,0.7441,75.6%,122,116,67.2%,84.5%,51.3%,48.7%,238
Window_5,2016-01-04,2024-12-24,2025-01-02,2025-12-24,kdci,14d,Ridge_Residual_Hybrid,abs_change,full,1009.52,1294.04,6.14,0.8915,93.7%,122,116,95.9%,91.4%,51.3%,48.7%,238
Window_5,2016-01-04,2024-12-24,2025-01-02,2025-12-24,kdci,14d,Validation_Weighted_Ensemble,abs_change,full,993.68,1279.95,5.98,0.8939,93.3%,122,116,95.1%,91.4%,51.3%,48.7%,238
Window_5,2016-01-04,2024-12-24,2025-01-02,2025-12-24,kdci,30d,Persistence,level,none,2749.37,3487.33,17.5,-0.1384,N/A,156,82,N/A,N/A,65.5%,34.5%,238
Window_5,2016-01-04,2024-12-24,2025-01-02,2025-12-24,kdci,30d,Naive_Mean_Change,abs_change,none,2728.04,3467.32,17.31,-0.1254,65.5%,156,82,100.0%,0.0%,65.5%,34.5%,238
Window_5,2016-01-04,2024-12-24,2025-01-02,2025-12-24,kdci,30d,Ridge,abs_change,full,1318.38,1617.21,7.9,0.7552,90.8%,156,82,91.0%,90.2%,65.5%,34.5%,238
Window_5,2016-01-04,2024-12-24,2025-01-02,2025-12-24,kdci,30d,XGBoost,abs_change,full,1275.71,1730.58,8.04,0.7197,98.7%,156,82,100.0%,96.3%,65.5%,34.5%,238
Window_5,2016-01-04,2024-12-24,2025-01-02,2025-12-24,kdci,30d,Neural_Net,abs_change,full,2184.66,2729.61,13.05,0.3026,76.9%,156,82,73.7%,82.9%,65.5%,34.5%,238
Window_5,2016-01-04,2024-12-24,2025-01-02,2025-12-24,kdci,30d,Ridge_Residual_Hybrid,abs_change,full,1319.88,1598.17,7.89,0.7609,91.6%,156,82,92.3%,90.2%,65.5%,34.5%,238
Window_5,2016-01-04,2024-12-24,2025-01-02,2025-12-24,kdci,30d,Validation_Weighted_Ensemble,abs_change,full,1217.72,1532.05,7.46,0.7803,95.4%,156,82,96.2%,93.9%,65.5%,34.5%,238
Window_5,2016-01-04,2024-12-24,2025-01-02,2025-12-24,cape,1d,Persistence,level,none,872.53,1172.28,3.82,0.977,N/A,120,117,N/A,N/A,50.4%,49.2%,238
Window_5,2016-01-04,2024-12-24,2025-01-02,2025-12-24,cape,1d,Naive_Mean_Change,abs_change,none,872.49,1172.05,3.82,0.977,50.4%,120,117,100.0%,0.0%,50.4%,49.2%,238
Window_5,2016-01-04,2024-12-24,2025-01-02,2025-12-24,cape,1d,Ridge,abs_change,full,523.77,725.89,2.39,0.9912,95.0%,120,117,96.7%,94.0%,50.4%,49.2%,238
Window_5,2016-01-04,2024-12-24,2025-01-02,2025-12-24,cape,1d,XGBoost,abs_change,full,470.09,661.13,2.11,0.9927,99.2%,120,117,100.0%,99.1%,50.4%,49.2%,238
Window_5,2016-01-04,2024-12-24,2025-01-02,2025-12-24,cape,1d,Neural_Net,abs_change,full,705.79,902.1,3.27,0.9864,89.1%,120,117,90.0%,88.9%,50.4%,49.2%,238
Window_5,2016-01-04,2024-12-24,2025-01-02,2025-12-24,cape,1d,Ridge_Residual_Hybrid,abs_change,full,519.51,674.68,2.37,0.9924,97.9%,120,117,97.5%,99.1%,50.4%,49.2%,238
Window_5,2016-01-04,2024-12-24,2025-01-02,2025-12-24,cape,1d,Validation_Weighted_Ensemble,abs_change,full,477.46,653.55,2.16,0.9929,98.7%,120,117,100.0%,98.3%,50.4%,49.2%,238
Window_5,2016-01-04,2024-12-24,2025-01-02,2025-12-24,cape,7d,Persistence,level,none,3710.27,4754.07,16.37,0.5973,N/A,126,112,N/A,N/A,52.9%,47.1%,238
Window_5,2016-01-04,2024-12-24,2025-01-02,2025-12-24,cape,7d,Naive_Mean_Change,abs_change,none,3709.93,4753.53,16.37,0.5974,52.9%,126,112,100.0%,0.0%,52.9%,47.1%,238
Window_5,2016-01-04,2024-12-24,2025-01-02,2025-12-24,cape,7d,Ridge,abs_change,full,1992.58,2826.99,8.77,0.8576,93.3%,126,112,91.3%,95.5%,52.9%,47.1%,238
Window_5,2016-01-04,2024-12-24,2025-01-02,2025-12-24,cape,7d,XGBoost,abs_change,full,2034.98,2722.1,8.87,0.868,96.2%,126,112,100.0%,92.0%,52.9%,47.1%,238
Window_5,2016-01-04,2024-12-24,2025-01-02,2025-12-24,cape,7d,Neural_Net,abs_change,full,3096.49,3945.42,13.81,0.7227,79.4%,126,112,61.1%,100.0%,52.9%,47.1%,238
Window_5,2016-01-04,2024-12-24,2025-01-02,2025-12-24,cape,7d,Ridge_Residual_Hybrid,abs_change,full,1993.18,2714.96,8.91,0.8687,96.2%,126,112,96.0%,96.4%,52.9%,47.1%,238
Window_5,2016-01-04,2024-12-24,2025-01-02,2025-12-24,cape,7d,Validation_Weighted_Ensemble,abs_change,full,1937.9,2693.39,8.42,0.8708,96.6%,126,112,95.2%,98.2%,52.9%,47.1%,238
Window_5,2016-01-04,2024-12-24,2025-01-02,2025-12-24,cape,14d,Persistence,level,none,5403.82,7126.93,24.05,0.0302,N/A,115,123,N/A,N/A,48.3%,51.7%,238
Window_5,2016-01-04,2024-12-24,2025-01-02,2025-12-24,cape,14d,Naive_Mean_Change,abs_change,none,5405.55,7121.86,24.04,0.0316,48.3%,115,123,100.0%,0.0%,48.3%,51.7%,238
Window_5,2016-01-04,2024-12-24,2025-01-02,2025-12-24,cape,14d,Ridge,abs_change,full,2795.83,3915.14,11.97,0.7073,95.8%,115,123,97.4%,94.3%,48.3%,51.7%,238
Window_5,2016-01-04,2024-12-24,2025-01-02,2025-12-24,cape,14d,XGBoost,abs_change,full,3527.22,4295.11,14.89,0.6478,96.2%,115,123,100.0%,92.7%,48.3%,51.7%,238
Window_5,2016-01-04,2024-12-24,2025-01-02,2025-12-24,cape,14d,Neural_Net,abs_change,full,3544.39,4331.61,15.44,0.6418,91.6%,115,123,92.2%,91.1%,48.3%,51.7%,238
Window_5,2016-01-04,2024-12-24,2025-01-02,2025-12-24,cape,14d,Ridge_Residual_Hybrid,abs_change,full,2872.21,3866.47,12.31,0.7146,97.5%,115,123,97.4%,97.6%,48.3%,51.7%,238
Window_5,2016-01-04,2024-12-24,2025-01-02,2025-12-24,cape,14d,Validation_Weighted_Ensemble,abs_change,full,2785.66,3673.81,11.93,0.7423,95.0%,115,123,96.5%,93.5%,48.3%,51.7%,238
Window_5,2016-01-04,2024-12-24,2025-01-02,2025-12-24,cape,30d,Persistence,level,none,5771.69,7561.85,25.99,-0.5127,N/A,140,98,N/A,N/A,58.8%,41.2%,238
Window_5,2016-01-04,2024-12-24,2025-01-02,2025-12-24,cape,30d,Naive_Mean_Change,abs_change,none,5753.97,7531.03,25.83,-0.5004,58.8%,140,98,100.0%,0.0%,58.8%,41.2%,238
Window_5,2016-01-04,2024-12-24,2025-01-02,2025-12-24,cape,30d,Ridge,abs_change,full,3585.38,4720.77,15.22,0.4104,88.7%,140,98,89.3%,87.8%,58.8%,41.2%,238
Window_5,2016-01-04,2024-12-24,2025-01-02,2025-12-24,cape,30d,XGBoost,abs_change,full,3917.24,4672.37,15.94,0.4225,95.0%,140,98,98.6%,89.8%,58.8%,41.2%,238
Window_5,2016-01-04,2024-12-24,2025-01-02,2025-12-24,cape,30d,Neural_Net,abs_change,full,5622.51,6846.71,24.1,-0.2401,78.2%,140,98,78.6%,77.6%,58.8%,41.2%,238
Window_5,2016-01-04,2024-12-24,2025-01-02,2025-12-24,cape,30d,Ridge_Residual_Hybrid,abs_change,full,3620.79,4680.78,15.28,0.4204,90.3%,140,98,90.0%,90.8%,58.8%,41.2%,238
Window_5,2016-01-04,2024-12-24,2025-01-02,2025-12-24,cape,30d,Validation_Weighted_Ensemble,abs_change,full,3461.59,4422.02,14.46,0.4827,92.9%,140,98,94.3%,90.8%,58.8%,41.2%,238
Window_5,2016-01-04,2024-12-24,2025-01-02,2025-12-24,panamax,1d,Persistence,level,none,222.23,314.96,1.73,0.9919,N/A,121,117,N/A,N/A,50.8%,49.2%,238
Window_5,2016-01-04,2024-12-24,2025-01-02,2025-12-24,panamax,1d,Naive_Mean_Change,abs_change,none,222.2,314.89,1.73,0.9919,50.8%,121,117,100.0%,0.0%,50.8%,49.2%,238
Window_5,2016-01-04,2024-12-24,2025-01-02,2025-12-24,panamax,1d,Ridge,abs_change,full,151.08,210.93,1.19,0.9964,94.5%,121,117,97.5%,91.5%,50.8%,49.2%,238
Window_5,2016-01-04,2024-12-24,2025-01-02,2025-12-24,panamax,1d,XGBoost,abs_change,full,136.19,205.81,1.06,0.9966,99.6%,121,117,100.0%,99.1%,50.8%,49.2%,238
Window_5,2016-01-04,2024-12-24,2025-01-02,2025-12-24,panamax,1d,Neural_Net,abs_change,full,236.26,299.62,1.91,0.9927,74.4%,121,117,62.8%,86.3%,50.8%,49.2%,238
Window_5,2016-01-04,2024-12-24,2025-01-02,2025-12-24,panamax,1d,Ridge_Residual_Hybrid,abs_change,full,152.02,207.6,1.19,0.9965,97.5%,121,117,100.0%,94.9%,50.8%,49.2%,238
Window_5,2016-01-04,2024-12-24,2025-01-02,2025-12-24,panamax,1d,Validation_Weighted_Ensemble,abs_change,full,141.02,202.57,1.1,0.9967,99.2%,121,117,100.0%,98.3%,50.8%,49.2%,238
Window_5,2016-01-04,2024-12-24,2025-01-02,2025-12-24,panamax,7d,Persistence,level,none,1089.7,1423.75,8.48,0.8235,N/A,136,102,N/A,N/A,57.1%,42.9%,238
Window_5,2016-01-04,2024-12-24,2025-01-02,2025-12-24,panamax,7d,Naive_Mean_Change,abs_change,none,1088.16,1422.86,8.46,0.8237,57.1%,136,102,100.0%,0.0%,57.1%,42.9%,238
Window_5,2016-01-04,2024-12-24,2025-01-02,2025-12-24,panamax,7d,Ridge,abs_change,full,727.48,977.75,5.41,0.9167,89.1%,136,102,97.1%,78.4%,57.1%,42.9%,238
Window_5,2016-01-04,2024-12-24,2025-01-02,2025-12-24,panamax,7d,XGBoost,abs_change,full,603.22,812.27,4.6,0.9425,100.0%,136,102,100.0%,100.0%,57.1%,42.9%,238
Window_5,2016-01-04,2024-12-24,2025-01-02,2025-12-24,panamax,7d,Neural_Net,abs_change,full,1073.58,1291.92,8.08,0.8546,67.2%,136,102,55.1%,83.3%,57.1%,42.9%,238
Window_5,2016-01-04,2024-12-24,2025-01-02,2025-12-24,panamax,7d,Ridge_Residual_Hybrid,abs_change,full,762.35,995.13,5.59,0.9138,90.8%,136,102,100.0%,78.4%,57.1%,42.9%,238
Window_5,2016-01-04,2024-12-24,2025-01-02,2025-12-24,panamax,7d,Validation_Weighted_Ensemble,abs_change,full,609.4,820.0,4.6,0.9414,99.6%,136,102,100.0%,99.0%,57.1%,42.9%,238
Window_5,2016-01-04,2024-12-24,2025-01-02,2025-12-24,panamax,14d,Persistence,level,none,1617.58,2188.68,12.32,0.5325,N/A,141,97,N/A,N/A,59.2%,40.8%,238
Window_5,2016-01-04,2024-12-24,2025-01-02,2025-12-24,panamax,14d,Naive_Mean_Change,abs_change,none,1613.51,2185.94,12.27,0.5337,59.2%,141,97,100.0%,0.0%,59.2%,40.8%,238
Window_5,2016-01-04,2024-12-24,2025-01-02,2025-12-24,panamax,14d,Ridge,abs_change,full,983.79,1362.41,7.18,0.8189,85.7%,141,97,88.7%,81.4%,59.2%,40.8%,238
Window_5,2016-01-04,2024-12-24,2025-01-02,2025-12-24,panamax,14d,XGBoost,abs_change,full,913.23,1284.57,6.62,0.839,99.2%,141,97,100.0%,97.9%,59.2%,40.8%,238
Window_5,2016-01-04,2024-12-24,2025-01-02,2025-12-24,panamax,14d,Neural_Net,abs_change,full,1464.42,1888.88,10.49,0.6518,72.3%,141,97,68.8%,77.3%,59.2%,40.8%,238
Window_5,2016-01-04,2024-12-24,2025-01-02,2025-12-24,panamax,14d,Ridge_Residual_Hybrid,abs_change,full,982.69,1322.67,7.17,0.8293,92.9%,141,97,95.7%,88.7%,59.2%,40.8%,238
Window_5,2016-01-04,2024-12-24,2025-01-02,2025-12-24,panamax,14d,Validation_Weighted_Ensemble,abs_change,full,903.36,1254.64,6.57,0.8464,97.1%,141,97,100.0%,92.8%,59.2%,40.8%,238
Window_5,2016-01-04,2024-12-24,2025-01-02,2025-12-24,panamax,30d,Persistence,level,none,2549.46,3121.01,18.96,-0.2357,N/A,168,70,N/A,N/A,70.6%,29.4%,238
Window_5,2016-01-04,2024-12-24,2025-01-02,2025-12-24,panamax,30d,Naive_Mean_Change,abs_change,none,2526.02,3108.53,18.73,-0.2258,70.6%,168,70,100.0%,0.0%,70.6%,29.4%,238
Window_5,2016-01-04,2024-12-24,2025-01-02,2025-12-24,panamax,30d,Ridge,abs_change,full,1436.76,1816.09,9.94,0.5816,88.2%,168,70,88.1%,88.6%,70.6%,29.4%,238
Window_5,2016-01-04,2024-12-24,2025-01-02,2025-12-24,panamax,30d,XGBoost,abs_change,full,1278.92,1729.0,8.85,0.6208,100.0%,168,70,100.0%,100.0%,70.6%,29.4%,238
Window_5,2016-01-04,2024-12-24,2025-01-02,2025-12-24,panamax,30d,Neural_Net,abs_change,full,1776.74,2242.81,12.43,0.3619,79.4%,168,70,75.0%,90.0%,70.6%,29.4%,238
Window_5,2016-01-04,2024-12-24,2025-01-02,2025-12-24,panamax,30d,Ridge_Residual_Hybrid,abs_change,full,1431.75,1773.15,9.83,0.6012,93.7%,168,70,93.5%,94.3%,70.6%,29.4%,238
Window_5,2016-01-04,2024-12-24,2025-01-02,2025-12-24,panamax,30d,Validation_Weighted_Ensemble,abs_change,full,1328.26,1662.07,9.16,0.6496,97.9%,168,70,98.2%,97.1%,70.6%,29.4%,238
Window_5,2016-01-04,2024-12-24,2025-01-02,2025-12-24,supramax,1d,Persistence,level,none,155.72,224.27,1.19,0.995,N/A,125,112,N/A,N/A,52.5%,47.1%,238
Window_5,2016-01-04,2024-12-24,2025-01-02,2025-12-24,supramax,1d,Naive_Mean_Change,abs_change,none,155.59,224.22,1.19,0.995,52.5%,125,112,100.0%,0.0%,52.5%,47.1%,238
Window_5,2016-01-04,2024-12-24,2025-01-02,2025-12-24,supramax,1d,Ridge,abs_change,full,90.25,150.94,0.7,0.9977,95.8%,125,112,99.2%,92.9%,52.5%,47.1%,238
Window_5,2016-01-04,2024-12-24,2025-01-02,2025-12-24,supramax,1d,XGBoost,abs_change,full,81.29,141.63,0.61,0.998,99.6%,125,112,100.0%,100.0%,52.5%,47.1%,238
Window_5,2016-01-04,2024-12-24,2025-01-02,2025-12-24,supramax,1d,Neural_Net,abs_change,full,126.92,190.47,0.98,0.9964,83.6%,125,112,81.6%,86.6%,52.5%,47.1%,238
Window_5,2016-01-04,2024-12-24,2025-01-02,2025-12-24,supramax,1d,Ridge_Residual_Hybrid,abs_change,full,90.52,148.3,0.7,0.9978,97.9%,125,112,99.2%,97.3%,52.5%,47.1%,238
Window_5,2016-01-04,2024-12-24,2025-01-02,2025-12-24,supramax,1d,Validation_Weighted_Ensemble,abs_change,full,80.43,140.5,0.61,0.998,99.6%,125,112,100.0%,100.0%,52.5%,47.1%,238
Window_5,2016-01-04,2024-12-24,2025-01-02,2025-12-24,supramax,7d,Persistence,level,none,883.76,1141.32,6.81,0.8667,N/A,125,113,N/A,N/A,52.5%,47.5%,238
Window_5,2016-01-04,2024-12-24,2025-01-02,2025-12-24,supramax,7d,Naive_Mean_Change,abs_change,none,882.91,1140.8,6.8,0.8668,52.5%,125,113,100.0%,0.0%,52.5%,47.5%,238
Window_5,2016-01-04,2024-12-24,2025-01-02,2025-12-24,supramax,7d,Ridge,abs_change,full,482.99,678.85,3.74,0.9528,89.9%,125,113,95.2%,84.1%,52.5%,47.5%,238
Window_5,2016-01-04,2024-12-24,2025-01-02,2025-12-24,supramax,7d,XGBoost,abs_change,full,451.53,619.08,3.44,0.9608,97.9%,125,113,100.0%,95.6%,52.5%,47.5%,238
Window_5,2016-01-04,2024-12-24,2025-01-02,2025-12-24,supramax,7d,Neural_Net,abs_change,full,538.95,698.02,4.17,0.9501,86.1%,125,113,88.0%,84.1%,52.5%,47.5%,238
Window_5,2016-01-04,2024-12-24,2025-01-02,2025-12-24,supramax,7d,Ridge_Residual_Hybrid,abs_change,full,477.03,671.52,3.7,0.9539,90.8%,125,113,96.0%,85.0%,52.5%,47.5%,238
Window_5,2016-01-04,2024-12-24,2025-01-02,2025-12-24,supramax,7d,Validation_Weighted_Ensemble,abs_change,full,394.63,562.06,3.05,0.9677,96.6%,125,113,98.4%,94.7%,52.5%,47.5%,238
Window_5,2016-01-04,2024-12-24,2025-01-02,2025-12-24,supramax,14d,Persistence,level,none,1351.47,1840.76,10.19,0.6353,N/A,134,104,N/A,N/A,56.3%,43.7%,238
Window_5,2016-01-04,2024-12-24,2025-01-02,2025-12-24,supramax,14d,Naive_Mean_Change,abs_change,none,1347.76,1838.98,10.15,0.636,56.3%,134,104,100.0%,0.0%,56.3%,43.7%,238
Window_5,2016-01-04,2024-12-24,2025-01-02,2025-12-24,supramax,14d,Ridge,abs_change,full,859.41,1179.05,6.53,0.8504,88.2%,134,104,89.6%,86.5%,56.3%,43.7%,238
Window_5,2016-01-04,2024-12-24,2025-01-02,2025-12-24,supramax,14d,XGBoost,abs_change,full,747.21,941.57,5.76,0.9046,97.1%,134,104,95.5%,99.0%,56.3%,43.7%,238
Window_5,2016-01-04,2024-12-24,2025-01-02,2025-12-24,supramax,14d,Neural_Net,abs_change,full,1017.82,1358.53,7.39,0.8013,74.4%,134,104,60.4%,92.3%,56.3%,43.7%,238
Window_5,2016-01-04,2024-12-24,2025-01-02,2025-12-24,supramax,14d,Ridge_Residual_Hybrid,abs_change,full,817.7,1140.24,6.25,0.86,90.8%,134,104,91.0%,90.4%,56.3%,43.7%,238
Window_5,2016-01-04,2024-12-24,2025-01-02,2025-12-24,supramax,14d,Validation_Weighted_Ensemble,abs_change,full,731.37,915.14,5.56,0.9098,96.6%,134,104,94.8%,99.0%,56.3%,43.7%,238
Window_5,2016-01-04,2024-12-24,2025-01-02,2025-12-24,supramax,30d,Persistence,level,none,1967.62,2545.63,14.22,0.0923,N/A,146,91,N/A,N/A,61.3%,38.2%,238
Window_5,2016-01-04,2024-12-24,2025-01-02,2025-12-24,supramax,30d,Naive_Mean_Change,abs_change,none,1953.12,2534.62,14.06,0.1002,61.3%,146,91,100.0%,0.0%,61.3%,38.2%,238
Window_5,2016-01-04,2024-12-24,2025-01-02,2025-12-24,supramax,30d,Ridge,abs_change,full,1175.31,1547.74,8.26,0.6645,88.2%,146,91,91.8%,83.5%,61.3%,38.2%,238
Window_5,2016-01-04,2024-12-24,2025-01-02,2025-12-24,supramax,30d,XGBoost,abs_change,full,1171.92,1419.13,8.17,0.7179,87.0%,146,91,97.9%,70.3%,61.3%,38.2%,238
Window_5,2016-01-04,2024-12-24,2025-01-02,2025-12-24,supramax,30d,Neural_Net,abs_change,full,1368.34,1725.05,9.67,0.5832,84.5%,146,91,80.1%,92.3%,61.3%,38.2%,238
Window_5,2016-01-04,2024-12-24,2025-01-02,2025-12-24,supramax,30d,Ridge_Residual_Hybrid,abs_change,full,1122.86,1484.01,7.9,0.6915,90.8%,146,91,93.8%,86.8%,61.3%,38.2%,238
Window_5,2016-01-04,2024-12-24,2025-01-02,2025-12-24,supramax,30d,Validation_Weighted_Ensemble,abs_change,full,961.4,1207.28,6.79,0.7959,95.4%,146,91,97.9%,92.3%,61.3%,38.2%,238
Window_5,2016-01-04,2024-12-24,2025-01-02,2025-12-24,handy,1d,Persistence,level,none,90.42,140.75,1.06,0.9936,N/A,119,118,N/A,N/A,50.0%,49.6%,238
Window_5,2016-01-04,2024-12-24,2025-01-02,2025-12-24,handy,1d,Naive_Mean_Change,abs_change,none,90.42,140.69,1.06,0.9936,50.0%,119,118,100.0%,0.0%,50.0%,49.6%,238
Window_5,2016-01-04,2024-12-24,2025-01-02,2025-12-24,handy,1d,Ridge,abs_change,full,71.84,112.14,0.82,0.996,86.6%,119,118,95.8%,78.0%,50.0%,49.6%,238
Window_5,2016-01-04,2024-12-24,2025-01-02,2025-12-24,handy,1d,XGBoost,abs_change,full,57.24,104.59,0.68,0.9965,98.7%,119,118,100.0%,98.3%,50.0%,49.6%,238
Window_5,2016-01-04,2024-12-24,2025-01-02,2025-12-24,handy,1d,Neural_Net,abs_change,full,92.83,134.55,1.05,0.9942,74.4%,119,118,67.2%,82.2%,50.0%,49.6%,238
Window_5,2016-01-04,2024-12-24,2025-01-02,2025-12-24,handy,1d,Ridge_Residual_Hybrid,abs_change,full,72.77,112.85,0.83,0.9959,87.0%,119,118,95.0%,79.7%,50.0%,49.6%,238
Window_5,2016-01-04,2024-12-24,2025-01-02,2025-12-24,handy,1d,Validation_Weighted_Ensemble,abs_change,full,57.43,101.72,0.67,0.9967,95.4%,119,118,100.0%,91.5%,50.0%,49.6%,238
Window_5,2016-01-04,2024-12-24,2025-01-02,2025-12-24,handy,7d,Persistence,level,none,470.68,662.31,5.5,0.8552,N/A,136,102,N/A,N/A,57.1%,42.9%,238
Window_5,2016-01-04,2024-12-24,2025-01-02,2025-12-24,handy,7d,Naive_Mean_Change,abs_change,none,469.1,661.75,5.48,0.8554,57.1%,136,102,100.0%,0.0%,57.1%,42.9%,238
Window_5,2016-01-04,2024-12-24,2025-01-02,2025-12-24,handy,7d,Ridge,abs_change,full,417.3,537.34,4.7,0.9047,85.7%,136,102,89.7%,80.4%,57.1%,42.9%,238
Window_5,2016-01-04,2024-12-24,2025-01-02,2025-12-24,handy,7d,XGBoost,abs_change,full,330.12,450.02,3.75,0.9331,98.7%,136,102,100.0%,97.1%,57.1%,42.9%,238
Window_5,2016-01-04,2024-12-24,2025-01-02,2025-12-24,handy,7d,Neural_Net,abs_change,full,414.29,517.72,4.7,0.9115,78.2%,136,102,68.4%,91.2%,57.1%,42.9%,238
Window_5,2016-01-04,2024-12-24,2025-01-02,2025-12-24,handy,7d,Ridge_Residual_Hybrid,abs_change,full,416.63,536.37,4.69,0.905,85.7%,136,102,89.7%,80.4%,57.1%,42.9%,238
Window_5,2016-01-04,2024-12-24,2025-01-02,2025-12-24,handy,7d,Validation_Weighted_Ensemble,abs_change,full,294.61,402.95,3.45,0.9464,95.8%,136,102,97.8%,93.1%,57.1%,42.9%,238
Window_5,2016-01-04,2024-12-24,2025-01-02,2025-12-24,handy,14d,Persistence,level,none,737.96,1062.68,8.48,0.5986,N/A,146,92,N/A,N/A,61.3%,38.7%,238
Window_5,2016-01-04,2024-12-24,2025-01-02,2025-12-24,handy,14d,Naive_Mean_Change,abs_change,none,733.53,1061.06,8.41,0.5998,61.3%,146,92,100.0%,0.0%,61.3%,38.7%,238
Window_5,2016-01-04,2024-12-24,2025-01-02,2025-12-24,handy,14d,Ridge,abs_change,full,711.41,903.06,7.88,0.7101,76.5%,146,92,76.7%,76.1%,61.3%,38.7%,238
Window_5,2016-01-04,2024-12-24,2025-01-02,2025-12-24,handy,14d,XGBoost,abs_change,full,515.98,749.89,6.05,0.8001,90.8%,146,92,87.7%,95.7%,61.3%,38.7%,238
Window_5,2016-01-04,2024-12-24,2025-01-02,2025-12-24,handy,14d,Neural_Net,abs_change,full,789.14,982.1,8.58,0.6571,66.0%,146,92,52.1%,88.0%,61.3%,38.7%,238
Window_5,2016-01-04,2024-12-24,2025-01-02,2025-12-24,handy,14d,Ridge_Residual_Hybrid,abs_change,full,706.39,899.65,7.81,0.7123,78.2%,146,92,79.5%,76.1%,61.3%,38.7%,238
Window_5,2016-01-04,2024-12-24,2025-01-02,2025-12-24,handy,14d,Validation_Weighted_Ensemble,abs_change,full,493.49,679.53,5.65,0.8359,85.3%,146,92,79.5%,94.6%,61.3%,38.7%,238
Window_5,2016-01-04,2024-12-24,2025-01-02,2025-12-24,handy,30d,Persistence,level,none,1018.21,1410.17,11.03,-0.0949,N/A,171,66,N/A,N/A,71.8%,27.7%,238
Window_5,2016-01-04,2024-12-24,2025-01-02,2025-12-24,handy,30d,Naive_Mean_Change,abs_change,none,1001.8,1402.32,10.82,-0.0828,71.8%,171,66,100.0%,0.0%,71.8%,27.7%,238
Window_5,2016-01-04,2024-12-24,2025-01-02,2025-12-24,handy,30d,Ridge,abs_change,full,955.28,1200.64,9.66,0.2063,75.6%,171,66,81.3%,62.1%,71.8%,27.7%,238
Window_5,2016-01-04,2024-12-24,2025-01-02,2025-12-24,handy,30d,XGBoost,abs_change,full,666.63,864.74,7.29,0.5883,97.9%,171,66,98.2%,98.5%,71.8%,27.7%,238
Window_5,2016-01-04,2024-12-24,2025-01-02,2025-12-24,handy,30d,Neural_Net,abs_change,full,921.05,1076.46,9.52,0.362,75.6%,171,66,69.0%,93.9%,71.8%,27.7%,238
Window_5,2016-01-04,2024-12-24,2025-01-02,2025-12-24,handy,30d,Ridge_Residual_Hybrid,abs_change,full,941.63,1185.03,9.45,0.2268,75.6%,171,66,81.9%,60.6%,71.8%,27.7%,238
Window_5,2016-01-04,2024-12-24,2025-01-02,2025-12-24,handy,30d,Validation_Weighted_Ensemble,abs_change,full,638.3,771.3,6.76,0.6724,89.1%,171,66,85.4%,100.0%,71.8%,27.7%,238
