date,freight_class,destination_port,current_rate_y0,forecast_30d_yhat,forecast_trend_delta,uncertainty_sigma_30d,trend_sigma_ratio,indicative_cost_risk_score,feasible_vessel_classes,recommendation,recommended_vessel_class,audit_rationale,realized_30d_rate_y30,realized_30d_return_pct,decision_success_evaluation
2025-01-22,supramax,Paradip,8483.0,10247.43,1764.43,2025.41,0.87,54.9,"SUPRA, PANA, CAPE",BUY NOW,SUPRA,"Strong upward forecast trend (+0.87 σ) combined with elevated risk signals (Port Risk: 83.4, Disruption Risk: 10.0). Lock fixed forward rate now to secure tonnage before expected rate surge.",10923.0,28.76,SUCCESS (BUY NOW avoided +28.76% price rise)
2025-01-23,supramax,Paradip,8309.0,10158.3,1849.3,2025.41,0.91,55.2,"SUPRA, PANA, CAPE",BUY NOW,SUPRA,"Strong upward forecast trend (+0.91 σ) combined with elevated risk signals (Port Risk: 83.4, Disruption Risk: 10.0). Lock fixed forward rate now to secure tonnage before expected rate surge.",11072.0,33.25,SUCCESS (BUY NOW avoided +33.25% price rise)
2025-01-24,supramax,Paradip,8106.0,10179.86,2073.86,2025.41,1.02,56.0,"SUPRA, PANA, CAPE",BUY NOW,SUPRA,"Strong upward forecast trend (+1.02 σ) combined with elevated risk signals (Port Risk: 83.4, Disruption Risk: 10.0). Lock fixed forward rate now to secure tonnage before expected rate surge.",11420.0,40.88,SUCCESS (BUY NOW avoided +40.88% price rise)
2025-01-31,supramax,Paradip,7681.0,10099.85,2418.85,2025.41,1.19,57.3,"SUPRA, PANA, CAPE",BUY NOW,SUPRA,"Strong upward forecast trend (+1.19 σ) combined with elevated risk signals (Port Risk: 83.4, Disruption Risk: 10.0). Lock fixed forward rate now to secure tonnage before expected rate surge.",11760.0,53.11,SUCCESS (BUY NOW avoided +53.11% price rise)
2025-02-03,supramax,Paradip,7538.0,9814.02,2276.02,2025.41,1.12,56.8,"SUPRA, PANA, CAPE",BUY NOW,SUPRA,"Strong upward forecast trend (+1.12 σ) combined with elevated risk signals (Port Risk: 83.4, Disruption Risk: 10.0). Lock fixed forward rate now to secure tonnage before expected rate surge.",11935.0,58.33,SUCCESS (BUY NOW avoided +58.33% price rise)
2025-02-04,supramax,Paradip,7570.0,9830.65,2260.65,2025.41,1.12,56.7,"SUPRA, PANA, CAPE",BUY NOW,SUPRA,"Strong upward forecast trend (+1.12 σ) combined with elevated risk signals (Port Risk: 83.4, Disruption Risk: 10.0). Lock fixed forward rate now to secure tonnage before expected rate surge.",12368.0,63.38,SUCCESS (BUY NOW avoided +63.38% price rise)
2025-02-05,supramax,Paradip,7765.0,10190.45,2425.45,2025.41,1.2,57.3,"SUPRA, PANA, CAPE",BUY NOW,SUPRA,"Strong upward forecast trend (+1.20 σ) combined with elevated risk signals (Port Risk: 83.4, Disruption Risk: 10.0). Lock fixed forward rate now to secure tonnage before expected rate surge.",12563.0,61.79,SUCCESS (BUY NOW avoided +61.79% price rise)
2025-02-06,supramax,Paradip,8262.0,10355.28,2093.28,2025.41,1.03,56.1,"SUPRA, PANA, CAPE",BUY NOW,SUPRA,"Strong upward forecast trend (+1.03 σ) combined with elevated risk signals (Port Risk: 83.4, Disruption Risk: 10.0). Lock fixed forward rate now to secure tonnage before expected rate surge.",12563.0,52.06,SUCCESS (BUY NOW avoided +52.06% price rise)
2025-02-07,supramax,Paradip,8750.0,10488.85,1738.85,2025.41,0.86,54.8,"SUPRA, PANA, CAPE",BUY NOW,SUPRA,"Strong upward forecast trend (+0.86 σ) combined with elevated risk signals (Port Risk: 83.4, Disruption Risk: 10.0). Lock fixed forward rate now to secure tonnage before expected rate surge.",12579.0,43.76,SUCCESS (BUY NOW avoided +43.76% price rise)
2025-02-10,supramax,Paradip,8955.0,10659.89,1704.89,2025.41,0.84,54.7,"SUPRA, PANA, CAPE",BUY NOW,SUPRA,"Strong upward forecast trend (+0.84 σ) combined with elevated risk signals (Port Risk: 83.4, Disruption Risk: 10.0). Lock fixed forward rate now to secure tonnage before expected rate surge.",12585.0,40.54,SUCCESS (BUY NOW avoided +40.54% price rise)
2025-02-11,supramax,Paradip,9022.0,11072.8,2050.8,2025.41,1.01,55.9,"SUPRA, PANA, CAPE",BUY NOW,SUPRA,"Strong upward forecast trend (+1.01 σ) combined with elevated risk signals (Port Risk: 83.4, Disruption Risk: 10.0). Lock fixed forward rate now to secure tonnage before expected rate surge.",12567.0,39.29,SUCCESS (BUY NOW avoided +39.29% price rise)
2025-02-12,supramax,Paradip,9161.0,11061.03,1900.03,2025.41,0.94,55.4,"SUPRA, PANA, CAPE",BUY NOW,SUPRA,"Strong upward forecast trend (+0.94 σ) combined with elevated risk signals (Port Risk: 83.4, Disruption Risk: 10.0). Lock fixed forward rate now to secure tonnage before expected rate surge.",12542.0,36.91,SUCCESS (BUY NOW avoided +36.91% price rise)
2025-02-13,supramax,Paradip,9373.0,11216.1,1843.1,2025.41,0.91,55.2,"SUPRA, PANA, CAPE",BUY NOW,SUPRA,"Strong upward forecast trend (+0.91 σ) combined with elevated risk signals (Port Risk: 83.4, Disruption Risk: 10.0). Lock fixed forward rate now to secure tonnage before expected rate surge.",12440.0,32.72,SUCCESS (BUY NOW avoided +32.72% price rise)
2025-02-14,supramax,Paradip,9534.0,11305.77,1771.77,2025.41,0.87,54.9,"SUPRA, PANA, CAPE",BUY NOW,SUPRA,"Strong upward forecast trend (+0.87 σ) combined with elevated risk signals (Port Risk: 83.4, Disruption Risk: 10.0). Lock fixed forward rate now to secure tonnage before expected rate surge.",12330.0,29.33,SUCCESS (BUY NOW avoided +29.33% price rise)
2025-02-17,supramax,Paradip,9746.0,11481.26,1735.26,2025.41,0.86,54.8,"SUPRA, PANA, CAPE",BUY NOW,SUPRA,"Strong upward forecast trend (+0.86 σ) combined with elevated risk signals (Port Risk: 83.4, Disruption Risk: 10.0). Lock fixed forward rate now to secure tonnage before expected rate surge.",12246.0,25.65,SUCCESS (BUY NOW avoided +25.65% price rise)
2025-02-18,supramax,Paradip,9975.0,11740.25,1765.25,2025.41,0.87,54.9,"SUPRA, PANA, CAPE",BUY NOW,SUPRA,"Strong upward forecast trend (+0.87 σ) combined with elevated risk signals (Port Risk: 83.4, Disruption Risk: 10.0). Lock fixed forward rate now to secure tonnage before expected rate surge.",12185.0,22.16,SUCCESS (BUY NOW avoided +22.16% price rise)
2025-02-19,supramax,Paradip,10360.0,12034.17,1674.17,2025.41,0.83,54.5,"SUPRA, PANA, CAPE",BUY NOW,SUPRA,"Strong upward forecast trend (+0.83 σ) combined with elevated risk signals (Port Risk: 83.4, Disruption Risk: 10.0). Lock fixed forward rate now to secure tonnage before expected rate surge.",12173.0,17.5,SUCCESS (BUY NOW avoided +17.50% price rise)
2025-02-20,supramax,Paradip,10835.0,12470.15,1635.15,2025.41,0.81,54.4,"SUPRA, PANA, CAPE",BUY NOW,SUPRA,"Strong upward forecast trend (+0.81 σ) combined with elevated risk signals (Port Risk: 83.4, Disruption Risk: 10.0). Lock fixed forward rate now to secure tonnage before expected rate surge.",12083.0,11.52,SUCCESS (BUY NOW avoided +11.52% price rise)
2025-02-21,supramax,Paradip,11012.0,12378.66,1366.66,2025.41,0.67,53.4,"SUPRA, PANA, CAPE",FLEXIBLE / INDEX-LINKED,SUPRA,High forecast uncertainty (18.4% of price level). Utilize index-linked contract with floating rate option.,11912.0,8.17,NEUTRAL (Index-linked contract adjusted with +8.17% market move)
2025-02-24,supramax,Paradip,11046.0,12459.37,1413.37,2025.41,0.7,53.6,"SUPRA, PANA, CAPE",FLEXIBLE / INDEX-LINKED,SUPRA,High forecast uncertainty (18.3% of price level). Utilize index-linked contract with floating rate option.,11766.0,6.52,NEUTRAL (Index-linked contract adjusted with +6.52% market move)
2025-02-25,supramax,Paradip,11195.0,12250.15,1055.15,2025.41,0.52,52.3,"SUPRA, PANA, CAPE",FLEXIBLE / INDEX-LINKED,SUPRA,High forecast uncertainty (18.1% of price level). Utilize index-linked contract with floating rate option.,11684.0,4.37,NEUTRAL (Index-linked contract adjusted with +4.37% market move)
2025-02-26,supramax,Paradip,11234.0,12119.78,885.78,2025.41,0.44,51.6,"SUPRA, PANA, CAPE",FLEXIBLE / INDEX-LINKED,SUPRA,High forecast uncertainty (18.0% of price level). Utilize index-linked contract with floating rate option.,11697.0,4.12,NEUTRAL (Index-linked contract adjusted with +4.12% market move)
2025-02-27,supramax,Paradip,11379.0,12217.16,838.16,2025.41,0.41,51.5,"SUPRA, PANA, CAPE",FLEXIBLE / INDEX-LINKED,SUPRA,High forecast uncertainty (17.8% of price level). Utilize index-linked contract with floating rate option.,11617.0,2.09,NEUTRAL (Index-linked contract adjusted with +2.09% market move)
2025-02-28,supramax,Paradip,11311.0,11839.86,528.86,2025.41,0.26,50.3,"SUPRA, PANA, CAPE",FLEXIBLE / INDEX-LINKED,SUPRA,High forecast uncertainty (17.9% of price level). Utilize index-linked contract with floating rate option.,11561.0,2.21,NEUTRAL (Index-linked contract adjusted with +2.21% market move)
2025-03-04,supramax,Paradip,11126.0,11988.58,862.58,2025.41,0.43,51.5,"SUPRA, PANA, CAPE",FLEXIBLE / INDEX-LINKED,SUPRA,High forecast uncertainty (18.2% of price level). Utilize index-linked contract with floating rate option.,11601.0,4.27,NEUTRAL (Index-linked contract adjusted with +4.27% market move)
2025-03-05,supramax,Paradip,10936.0,11887.76,951.76,2025.41,0.47,51.9,"SUPRA, PANA, CAPE",FLEXIBLE / INDEX-LINKED,SUPRA,High forecast uncertainty (18.5% of price level). Utilize index-linked contract with floating rate option.,11569.0,5.79,NEUTRAL (Index-linked contract adjusted with +5.79% market move)
2025-03-06,supramax,Paradip,10794.0,11978.46,1184.46,2025.41,0.58,52.7,"SUPRA, PANA, CAPE",FLEXIBLE / INDEX-LINKED,SUPRA,High forecast uncertainty (18.8% of price level). Utilize index-linked contract with floating rate option.,11696.0,8.36,NEUTRAL (Index-linked contract adjusted with +8.36% market move)
2025-03-07,supramax,Paradip,10669.0,11949.27,1280.27,2025.41,0.63,53.1,"SUPRA, PANA, CAPE",FLEXIBLE / INDEX-LINKED,SUPRA,High forecast uncertainty (19.0% of price level). Utilize index-linked contract with floating rate option.,11827.0,10.85,NEUTRAL (Index-linked contract adjusted with +10.85% market move)
2025-03-10,supramax,Paradip,10727.0,11848.25,1121.25,2025.41,0.55,52.5,"SUPRA, PANA, CAPE",FLEXIBLE / INDEX-LINKED,SUPRA,High forecast uncertainty (18.9% of price level). Utilize index-linked contract with floating rate option.,11843.0,10.4,NEUTRAL (Index-linked contract adjusted with +10.40% market move)
2025-03-11,supramax,Paradip,10743.0,11862.66,1119.66,2025.41,0.55,52.5,"SUPRA, PANA, CAPE",FLEXIBLE / INDEX-LINKED,SUPRA,High forecast uncertainty (18.9% of price level). Utilize index-linked contract with floating rate option.,11906.0,10.83,NEUTRAL (Index-linked contract adjusted with +10.83% market move)
2025-03-12,supramax,Paradip,10923.0,12169.67,1246.67,2025.41,0.62,53.0,"SUPRA, PANA, CAPE",FLEXIBLE / INDEX-LINKED,SUPRA,High forecast uncertainty (18.5% of price level). Utilize index-linked contract with floating rate option.,12146.0,11.2,NEUTRAL (Index-linked contract adjusted with +11.20% market move)
2025-03-13,supramax,Paradip,11072.0,12660.89,1588.89,2025.41,0.78,54.2,"SUPRA, PANA, CAPE",BUY NOW,SUPRA,"Strong upward forecast trend (+0.78 σ) combined with elevated risk signals (Port Risk: 83.4, Disruption Risk: 10.0). Lock fixed forward rate now to secure tonnage before expected rate surge.",12141.0,9.65,SUCCESS (BUY NOW avoided +9.65% price rise)
2025-03-14,supramax,Paradip,11420.0,12971.29,1551.29,2025.41,0.77,54.1,"SUPRA, PANA, CAPE",BUY NOW,SUPRA,"Strong upward forecast trend (+0.77 σ) combined with elevated risk signals (Port Risk: 83.4, Disruption Risk: 10.0). Lock fixed forward rate now to secure tonnage before expected rate surge.",12096.0,5.92,SUCCESS (BUY NOW avoided +5.92% price rise)
2025-03-17,supramax,Paradip,11760.0,13107.93,1347.93,2025.41,0.67,53.3,"SUPRA, PANA, CAPE",FLEXIBLE / INDEX-LINKED,SUPRA,High forecast uncertainty (17.2% of price level). Utilize index-linked contract with floating rate option.,11997.0,2.02,NEUTRAL (Index-linked contract adjusted with +2.02% market move)
2025-03-18,supramax,Paradip,11935.0,13172.9,1237.9,2025.41,0.61,52.9,"SUPRA, PANA, CAPE",FLEXIBLE / INDEX-LINKED,SUPRA,High forecast uncertainty (17.0% of price level). Utilize index-linked contract with floating rate option.,11888.0,-0.39,NEUTRAL (Index-linked contract adjusted with -0.39% market move)
2025-03-19,supramax,Paradip,12368.0,13583.84,1215.84,2025.41,0.6,52.9,"SUPRA, PANA, CAPE",FLEXIBLE / INDEX-LINKED,SUPRA,High forecast uncertainty (16.4% of price level). Utilize index-linked contract with floating rate option.,11723.0,-5.22,NEUTRAL (Index-linked contract adjusted with -5.22% market move)
2025-03-20,supramax,Paradip,12563.0,13665.16,1102.16,2025.41,0.54,52.4,"SUPRA, PANA, CAPE",FLEXIBLE / INDEX-LINKED,SUPRA,High forecast uncertainty (16.1% of price level). Utilize index-linked contract with floating rate option.,11703.0,-6.85,NEUTRAL (Index-linked contract adjusted with -6.85% market move)
2025-03-21,supramax,Paradip,12563.0,13716.25,1153.25,2025.41,0.57,52.6,"SUPRA, PANA, CAPE",FLEXIBLE / INDEX-LINKED,SUPRA,High forecast uncertainty (16.1% of price level). Utilize index-linked contract with floating rate option.,11422.0,-9.08,NEUTRAL (Index-linked contract adjusted with -9.08% market move)
2025-03-24,supramax,Paradip,12579.0,13621.06,1042.06,2025.41,0.51,52.2,"SUPRA, PANA, CAPE",FLEXIBLE / INDEX-LINKED,SUPRA,High forecast uncertainty (16.1% of price level). Utilize index-linked contract with floating rate option.,11348.0,-9.79,NEUTRAL (Index-linked contract adjusted with -9.79% market move)
2025-03-25,supramax,Paradip,12585.0,13465.37,880.37,2025.41,0.43,51.6,"SUPRA, PANA, CAPE",FLEXIBLE / INDEX-LINKED,SUPRA,High forecast uncertainty (16.1% of price level). Utilize index-linked contract with floating rate option.,11347.0,-9.84,NEUTRAL (Index-linked contract adjusted with -9.84% market move)
2025-03-26,supramax,Paradip,12567.0,13767.12,1200.12,2025.41,0.59,52.8,"SUPRA, PANA, CAPE",FLEXIBLE / INDEX-LINKED,SUPRA,High forecast uncertainty (16.1% of price level). Utilize index-linked contract with floating rate option.,11257.0,-10.42,NEUTRAL (Index-linked contract adjusted with -10.42% market move)
2025-03-27,supramax,Paradip,12542.0,13733.42,1191.42,2025.41,0.59,52.8,"SUPRA, PANA, CAPE",FLEXIBLE / INDEX-LINKED,SUPRA,High forecast uncertainty (16.1% of price level). Utilize index-linked contract with floating rate option.,11216.0,-10.57,NEUTRAL (Index-linked contract adjusted with -10.57% market move)
2025-03-28,supramax,Paradip,12440.0,13865.41,1425.41,2025.41,0.7,53.6,"SUPRA, PANA, CAPE",FLEXIBLE / INDEX-LINKED,SUPRA,High forecast uncertainty (16.3% of price level). Utilize index-linked contract with floating rate option.,11273.0,-9.38,NEUTRAL (Index-linked contract adjusted with -9.38% market move)
2025-03-31,supramax,Paradip,12330.0,13982.47,1652.47,2025.41,0.82,54.5,"SUPRA, PANA, CAPE",BUY NOW,SUPRA,"Strong upward forecast trend (+0.82 σ) combined with elevated risk signals (Port Risk: 83.4, Disruption Risk: 10.0). Lock fixed forward rate now to secure tonnage before expected rate surge.",11309.0,-8.28,SUBOPTIMAL (Market moved -8.28%)
2025-04-01,supramax,Paradip,12246.0,13632.97,1386.97,2025.41,0.68,53.5,"SUPRA, PANA, CAPE",FLEXIBLE / INDEX-LINKED,SUPRA,High forecast uncertainty (16.5% of price level). Utilize index-linked contract with floating rate option.,11358.0,-7.25,NEUTRAL (Index-linked contract adjusted with -7.25% market move)
2025-04-02,supramax,Paradip,12185.0,13565.68,1380.68,2025.41,0.68,53.5,"SUPRA, PANA, CAPE",FLEXIBLE / INDEX-LINKED,SUPRA,High forecast uncertainty (16.6% of price level). Utilize index-linked contract with floating rate option.,11418.0,-6.29,NEUTRAL (Index-linked contract adjusted with -6.29% market move)
2025-04-03,supramax,Paradip,12173.0,13467.46,1294.46,2025.41,0.64,53.1,"SUPRA, PANA, CAPE",FLEXIBLE / INDEX-LINKED,SUPRA,High forecast uncertainty (16.6% of price level). Utilize index-linked contract with floating rate option.,11510.0,-5.45,NEUTRAL (Index-linked contract adjusted with -5.45% market move)
2025-04-04,supramax,Paradip,12083.0,13057.85,974.85,2025.41,0.48,52.0,"SUPRA, PANA, CAPE",FLEXIBLE / INDEX-LINKED,SUPRA,High forecast uncertainty (16.8% of price level). Utilize index-linked contract with floating rate option.,11655.0,-3.54,NEUTRAL (Index-linked contract adjusted with -3.54% market move)
2025-04-07,supramax,Paradip,11912.0,13039.58,1127.58,2025.41,0.56,52.5,"SUPRA, PANA, CAPE",FLEXIBLE / INDEX-LINKED,SUPRA,High forecast uncertainty (17.0% of price level). Utilize index-linked contract with floating rate option.,11796.0,-0.97,NEUTRAL (Index-linked contract adjusted with -0.97% market move)
2025-04-08,supramax,Paradip,11766.0,12776.7,1010.7,2025.41,0.5,52.1,"SUPRA, PANA, CAPE",FLEXIBLE / INDEX-LINKED,SUPRA,High forecast uncertainty (17.2% of price level). Utilize index-linked contract with floating rate option.,11854.0,0.75,NEUTRAL (Index-linked contract adjusted with +0.75% market move)
2025-04-09,supramax,Paradip,11684.0,12660.31,976.31,2025.41,0.48,52.0,"SUPRA, PANA, CAPE",FLEXIBLE / INDEX-LINKED,SUPRA,High forecast uncertainty (17.3% of price level). Utilize index-linked contract with floating rate option.,11918.0,2.0,NEUTRAL (Index-linked contract adjusted with +2.00% market move)
2025-04-10,supramax,Paradip,11697.0,12628.28,931.28,2025.41,0.46,51.8,"SUPRA, PANA, CAPE",FLEXIBLE / INDEX-LINKED,SUPRA,High forecast uncertainty (17.3% of price level). Utilize index-linked contract with floating rate option.,11869.0,1.47,NEUTRAL (Index-linked contract adjusted with +1.47% market move)
2025-04-11,supramax,Paradip,11617.0,12635.24,1018.24,2025.41,0.5,52.1,"SUPRA, PANA, CAPE",FLEXIBLE / INDEX-LINKED,SUPRA,High forecast uncertainty (17.4% of price level). Utilize index-linked contract with floating rate option.,11710.0,0.8,NEUTRAL (Index-linked contract adjusted with +0.80% market move)
2025-04-14,supramax,Paradip,11561.0,12753.9,1192.9,2025.41,0.59,52.8,"SUPRA, PANA, CAPE",FLEXIBLE / INDEX-LINKED,SUPRA,High forecast uncertainty (17.5% of price level). Utilize index-linked contract with floating rate option.,11434.0,-1.1,NEUTRAL (Index-linked contract adjusted with -1.10% market move)
2025-04-15,supramax,Paradip,11601.0,12658.76,1057.76,2025.41,0.52,52.3,"SUPRA, PANA, CAPE",FLEXIBLE / INDEX-LINKED,SUPRA,High forecast uncertainty (17.5% of price level). Utilize index-linked contract with floating rate option.,11393.0,-1.79,NEUTRAL (Index-linked contract adjusted with -1.79% market move)
2025-04-16,supramax,Paradip,11569.0,12889.43,1320.43,2025.41,0.65,53.2,"SUPRA, PANA, CAPE",FLEXIBLE / INDEX-LINKED,SUPRA,High forecast uncertainty (17.5% of price level). Utilize index-linked contract with floating rate option.,11309.0,-2.25,NEUTRAL (Index-linked contract adjusted with -2.25% market move)
2025-04-17,supramax,Paradip,11696.0,13150.3,1454.3,2025.41,0.72,53.7,"SUPRA, PANA, CAPE",FLEXIBLE / INDEX-LINKED,SUPRA,High forecast uncertainty (17.3% of price level). Utilize index-linked contract with floating rate option.,11209.0,-4.16,NEUTRAL (Index-linked contract adjusted with -4.16% market move)
2025-04-18,supramax,Paradip,11827.0,13186.8,1359.8,2025.41,0.67,53.4,"SUPRA, PANA, CAPE",FLEXIBLE / INDEX-LINKED,SUPRA,High forecast uncertainty (17.1% of price level). Utilize index-linked contract with floating rate option.,11218.0,-5.15,NEUTRAL (Index-linked contract adjusted with -5.15% market move)
2025-04-21,supramax,Paradip,11843.0,13169.76,1326.76,2025.41,0.66,53.3,"SUPRA, PANA, CAPE",FLEXIBLE / INDEX-LINKED,SUPRA,High forecast uncertainty (17.1% of price level). Utilize index-linked contract with floating rate option.,11179.0,-5.61,NEUTRAL (Index-linked contract adjusted with -5.61% market move)
2025-04-22,supramax,Paradip,11906.0,13119.41,1213.41,2025.41,0.6,52.8,"SUPRA, PANA, CAPE",FLEXIBLE / INDEX-LINKED,SUPRA,High forecast uncertainty (17.0% of price level). Utilize index-linked contract with floating rate option.,11158.0,-6.28,NEUTRAL (Index-linked contract adjusted with -6.28% market move)
2025-04-23,supramax,Paradip,12146.0,13253.78,1107.78,2025.41,0.55,52.5,"SUPRA, PANA, CAPE",FLEXIBLE / INDEX-LINKED,SUPRA,High forecast uncertainty (16.7% of price level). Utilize index-linked contract with floating rate option.,11143.0,-8.26,NEUTRAL (Index-linked contract adjusted with -8.26% market move)
2025-04-24,supramax,Paradip,12141.0,13449.9,1308.9,2025.41,0.65,53.2,"SUPRA, PANA, CAPE",FLEXIBLE / INDEX-LINKED,SUPRA,High forecast uncertainty (16.7% of price level). Utilize index-linked contract with floating rate option.,11184.0,-7.88,NEUTRAL (Index-linked contract adjusted with -7.88% market move)
2025-04-25,supramax,Paradip,12096.0,13301.63,1205.63,2025.41,0.6,52.8,"SUPRA, PANA, CAPE",FLEXIBLE / INDEX-LINKED,SUPRA,High forecast uncertainty (16.7% of price level). Utilize index-linked contract with floating rate option.,11335.0,-6.29,NEUTRAL (Index-linked contract adjusted with -6.29% market move)
2025-04-28,supramax,Paradip,11997.0,13221.69,1224.69,2025.41,0.6,52.9,"SUPRA, PANA, CAPE",FLEXIBLE / INDEX-LINKED,SUPRA,High forecast uncertainty (16.9% of price level). Utilize index-linked contract with floating rate option.,11621.0,-3.13,NEUTRAL (Index-linked contract adjusted with -3.13% market move)
2025-04-29,supramax,Paradip,11888.0,12922.72,1034.72,2025.41,0.51,52.2,"SUPRA, PANA, CAPE",FLEXIBLE / INDEX-LINKED,SUPRA,High forecast uncertainty (17.0% of price level). Utilize index-linked contract with floating rate option.,11757.0,-1.1,NEUTRAL (Index-linked contract adjusted with -1.10% market move)
2025-04-30,supramax,Paradip,11723.0,12639.01,916.01,2025.41,0.45,51.7,"SUPRA, PANA, CAPE",FLEXIBLE / INDEX-LINKED,SUPRA,High forecast uncertainty (17.3% of price level). Utilize index-linked contract with floating rate option.,11784.0,0.52,NEUTRAL (Index-linked contract adjusted with +0.52% market move)
2025-05-02,supramax,Paradip,11703.0,11140.57,-562.43,2025.41,-0.28,46.3,"SUPRA, PANA, CAPE",FLEXIBLE / INDEX-LINKED,SUPRA,High forecast uncertainty (17.3% of price level). Utilize index-linked contract with floating rate option.,11995.0,2.5,NEUTRAL (Index-linked contract adjusted with +2.50% market move)
2025-05-07,supramax,Paradip,11422.0,11559.72,137.72,2025.41,0.07,48.9,"SUPRA, PANA, CAPE",FLEXIBLE / INDEX-LINKED,SUPRA,High forecast uncertainty (17.7% of price level). Utilize index-linked contract with floating rate option.,12118.0,6.09,NEUTRAL (Index-linked contract adjusted with +6.09% market move)
2025-05-08,supramax,Paradip,11348.0,11555.11,207.11,2025.41,0.1,49.1,"SUPRA, PANA, CAPE",FLEXIBLE / INDEX-LINKED,SUPRA,High forecast uncertainty (17.8% of price level). Utilize index-linked contract with floating rate option.,12277.0,8.19,NEUTRAL (Index-linked contract adjusted with +8.19% market move)
2025-05-09,supramax,Paradip,11347.0,11569.75,222.75,2025.41,0.11,49.2,"SUPRA, PANA, CAPE",FLEXIBLE / INDEX-LINKED,SUPRA,High forecast uncertainty (17.8% of price level). Utilize index-linked contract with floating rate option.,12356.0,8.89,NEUTRAL (Index-linked contract adjusted with +8.89% market move)
2025-05-12,supramax,Paradip,11257.0,11671.11,414.11,2025.41,0.2,49.9,"SUPRA, PANA, CAPE",FLEXIBLE / INDEX-LINKED,SUPRA,High forecast uncertainty (18.0% of price level). Utilize index-linked contract with floating rate option.,12396.0,10.12,NEUTRAL (Index-linked contract adjusted with +10.12% market move)
2025-05-13,supramax,Paradip,11216.0,11701.08,485.08,2025.41,0.24,50.1,"SUPRA, PANA, CAPE",FLEXIBLE / INDEX-LINKED,SUPRA,High forecast uncertainty (18.1% of price level). Utilize index-linked contract with floating rate option.,12543.0,11.83,NEUTRAL (Index-linked contract adjusted with +11.83% market move)
2025-05-14,supramax,Paradip,11273.0,11750.33,477.33,2025.41,0.24,50.1,"SUPRA, PANA, CAPE",FLEXIBLE / INDEX-LINKED,SUPRA,High forecast uncertainty (18.0% of price level). Utilize index-linked contract with floating rate option.,12648.0,12.2,NEUTRAL (Index-linked contract adjusted with +12.20% market move)
2025-05-15,supramax,Paradip,11309.0,12044.15,735.15,2025.41,0.36,51.1,"SUPRA, PANA, CAPE",FLEXIBLE / INDEX-LINKED,SUPRA,High forecast uncertainty (17.9% of price level). Utilize index-linked contract with floating rate option.,12701.0,12.31,NEUTRAL (Index-linked contract adjusted with +12.31% market move)
2025-05-16,supramax,Paradip,11358.0,12199.22,841.22,2025.41,0.42,51.5,"SUPRA, PANA, CAPE",FLEXIBLE / INDEX-LINKED,SUPRA,High forecast uncertainty (17.8% of price level). Utilize index-linked contract with floating rate option.,12879.0,13.39,NEUTRAL (Index-linked contract adjusted with +13.39% market move)
2025-05-19,supramax,Paradip,11418.0,12128.16,710.16,2025.41,0.35,51.0,"SUPRA, PANA, CAPE",FLEXIBLE / INDEX-LINKED,SUPRA,High forecast uncertainty (17.7% of price level). Utilize index-linked contract with floating rate option.,12986.0,13.73,NEUTRAL (Index-linked contract adjusted with +13.73% market move)
2025-05-20,supramax,Paradip,11510.0,12072.18,562.18,2025.41,0.28,50.4,"SUPRA, PANA, CAPE",FLEXIBLE / INDEX-LINKED,SUPRA,High forecast uncertainty (17.6% of price level). Utilize index-linked contract with floating rate option.,13132.0,14.09,NEUTRAL (Index-linked contract adjusted with +14.09% market move)
2025-05-21,supramax,Paradip,11655.0,11884.02,229.02,2025.41,0.11,49.2,"SUPRA, PANA, CAPE",FLEXIBLE / INDEX-LINKED,SUPRA,High forecast uncertainty (17.4% of price level). Utilize index-linked contract with floating rate option.,13224.0,13.46,NEUTRAL (Index-linked contract adjusted with +13.46% market move)
2025-05-22,supramax,Paradip,11796.0,11793.7,-2.3,2025.41,-0.0,48.3,"SUPRA, PANA, CAPE",FLEXIBLE / INDEX-LINKED,SUPRA,High forecast uncertainty (17.2% of price level). Utilize index-linked contract with floating rate option.,13333.0,13.03,NEUTRAL (Index-linked contract adjusted with +13.03% market move)
2025-05-23,supramax,Paradip,11854.0,11861.64,7.64,2025.41,0.0,48.4,"SUPRA, PANA, CAPE",FLEXIBLE / INDEX-LINKED,SUPRA,High forecast uncertainty (17.1% of price level). Utilize index-linked contract with floating rate option.,13792.0,16.35,NEUTRAL (Index-linked contract adjusted with +16.35% market move)
2025-05-26,supramax,Paradip,11918.0,12246.88,328.88,2025.41,0.16,49.6,"SUPRA, PANA, CAPE",FLEXIBLE / INDEX-LINKED,SUPRA,High forecast uncertainty (17.0% of price level). Utilize index-linked contract with floating rate option.,14063.0,18.0,NEUTRAL (Index-linked contract adjusted with +18.00% market move)
2025-05-27,supramax,Paradip,11869.0,12465.71,596.71,2025.41,0.29,50.6,"SUPRA, PANA, CAPE",FLEXIBLE / INDEX-LINKED,SUPRA,High forecast uncertainty (17.1% of price level). Utilize index-linked contract with floating rate option.,14290.0,20.4,NEUTRAL (Index-linked contract adjusted with +20.40% market move)
2025-05-28,supramax,Paradip,11710.0,12370.44,660.44,2025.41,0.33,50.8,"SUPRA, PANA, CAPE",FLEXIBLE / INDEX-LINKED,SUPRA,High forecast uncertainty (17.3% of price level). Utilize index-linked contract with floating rate option.,14496.0,23.79,NEUTRAL (Index-linked contract adjusted with +23.79% market move)
2025-05-29,supramax,Paradip,11434.0,12146.21,712.21,2025.41,0.35,51.0,"SUPRA, PANA, CAPE",FLEXIBLE / INDEX-LINKED,SUPRA,High forecast uncertainty (17.7% of price level). Utilize index-linked contract with floating rate option.,14766.0,29.14,NEUTRAL (Index-linked contract adjusted with +29.14% market move)
2025-05-30,supramax,Paradip,11393.0,12033.42,640.42,2025.41,0.32,50.7,"SUPRA, PANA, CAPE",FLEXIBLE / INDEX-LINKED,SUPRA,High forecast uncertainty (17.8% of price level). Utilize index-linked contract with floating rate option.,15008.0,31.73,NEUTRAL (Index-linked contract adjusted with +31.73% market move)
2025-06-02,supramax,Paradip,11309.0,12504.46,1195.46,2025.41,0.59,52.8,"SUPRA, PANA, CAPE",FLEXIBLE / INDEX-LINKED,SUPRA,High forecast uncertainty (17.9% of price level). Utilize index-linked contract with floating rate option.,15172.0,34.16,NEUTRAL (Index-linked contract adjusted with +34.16% market move)
2025-06-04,supramax,Paradip,11209.0,12116.31,907.31,2025.41,0.45,51.7,"SUPRA, PANA, CAPE",FLEXIBLE / INDEX-LINKED,SUPRA,High forecast uncertainty (18.1% of price level). Utilize index-linked contract with floating rate option.,15651.0,39.63,NEUTRAL (Index-linked contract adjusted with +39.63% market move)
2025-06-05,supramax,Paradip,11218.0,12186.44,968.44,2025.41,0.48,51.9,"SUPRA, PANA, CAPE",FLEXIBLE / INDEX-LINKED,SUPRA,High forecast uncertainty (18.1% of price level). Utilize index-linked contract with floating rate option.,15933.0,42.03,NEUTRAL (Index-linked contract adjusted with +42.03% market move)
2025-06-09,supramax,Paradip,11179.0,12362.46,1183.46,2025.41,0.58,52.7,"SUPRA, PANA, CAPE",FLEXIBLE / INDEX-LINKED,SUPRA,High forecast uncertainty (18.1% of price level). Utilize index-linked contract with floating rate option.,15997.0,43.1,NEUTRAL (Index-linked contract adjusted with +43.10% market move)
2025-06-10,supramax,Paradip,11158.0,12094.14,936.14,2025.41,0.46,51.8,"SUPRA, PANA, CAPE",FLEXIBLE / INDEX-LINKED,SUPRA,High forecast uncertainty (18.2% of price level). Utilize index-linked contract with floating rate option.,15942.0,42.88,NEUTRAL (Index-linked contract adjusted with +42.88% market move)
2025-06-11,supramax,Paradip,11143.0,12367.96,1224.96,2025.41,0.6,52.9,"SUPRA, PANA, CAPE",FLEXIBLE / INDEX-LINKED,SUPRA,High forecast uncertainty (18.2% of price level). Utilize index-linked contract with floating rate option.,15789.0,41.69,NEUTRAL (Index-linked contract adjusted with +41.69% market move)
2025-06-12,supramax,Paradip,11184.0,12561.44,1377.44,2025.41,0.68,53.5,"SUPRA, PANA, CAPE",FLEXIBLE / INDEX-LINKED,SUPRA,High forecast uncertainty (18.1% of price level). Utilize index-linked contract with floating rate option.,15578.0,39.29,NEUTRAL (Index-linked contract adjusted with +39.29% market move)
2025-06-13,supramax,Paradip,11335.0,12671.53,1336.53,2025.41,0.66,53.3,"SUPRA, PANA, CAPE",FLEXIBLE / INDEX-LINKED,SUPRA,High forecast uncertainty (17.9% of price level). Utilize index-linked contract with floating rate option.,15482.0,36.59,NEUTRAL (Index-linked contract adjusted with +36.59% market move)
2025-06-16,supramax,Paradip,11621.0,13081.05,1460.05,2025.41,0.72,53.8,"SUPRA, PANA, CAPE",FLEXIBLE / INDEX-LINKED,SUPRA,High forecast uncertainty (17.4% of price level). Utilize index-linked contract with floating rate option.,15444.0,32.9,NEUTRAL (Index-linked contract adjusted with +32.90% market move)
2025-06-17,supramax,Paradip,11757.0,13009.52,1252.52,2025.41,0.62,53.0,"SUPRA, PANA, CAPE",FLEXIBLE / INDEX-LINKED,SUPRA,High forecast uncertainty (17.2% of price level). Utilize index-linked contract with floating rate option.,15356.0,30.61,NEUTRAL (Index-linked contract adjusted with +30.61% market move)
2025-06-18,supramax,Paradip,11784.0,13357.21,1573.21,2025.41,0.78,54.2,"SUPRA, PANA, CAPE",BUY NOW,SUPRA,"Strong upward forecast trend (+0.78 σ) combined with elevated risk signals (Port Risk: 83.4, Disruption Risk: 10.0). Lock fixed forward rate now to secure tonnage before expected rate surge.",15235.0,29.29,SUCCESS (BUY NOW avoided +29.29% price rise)
2025-06-19,supramax,Paradip,11995.0,13655.96,1660.96,2025.41,0.82,54.5,"SUPRA, PANA, CAPE",BUY NOW,SUPRA,"Strong upward forecast trend (+0.82 σ) combined with elevated risk signals (Port Risk: 83.4, Disruption Risk: 10.0). Lock fixed forward rate now to secure tonnage before expected rate surge.",15133.0,26.16,SUCCESS (BUY NOW avoided +26.16% price rise)
2025-06-20,supramax,Paradip,12118.0,13499.89,1381.89,2025.41,0.68,53.5,"SUPRA, PANA, CAPE",FLEXIBLE / INDEX-LINKED,SUPRA,High forecast uncertainty (16.7% of price level). Utilize index-linked contract with floating rate option.,15062.0,24.29,NEUTRAL (Index-linked contract adjusted with +24.29% market move)
2025-06-23,supramax,Paradip,12277.0,13294.21,1017.21,2025.41,0.5,52.1,"SUPRA, PANA, CAPE",FLEXIBLE / INDEX-LINKED,SUPRA,High forecast uncertainty (16.5% of price level). Utilize index-linked contract with floating rate option.,15021.0,22.35,NEUTRAL (Index-linked contract adjusted with +22.35% market move)
2025-06-24,supramax,Paradip,12356.0,13190.1,834.1,2025.41,0.41,51.4,"SUPRA, PANA, CAPE",FLEXIBLE / INDEX-LINKED,SUPRA,High forecast uncertainty (16.4% of price level). Utilize index-linked contract with floating rate option.,15018.0,21.54,NEUTRAL (Index-linked contract adjusted with +21.54% market move)
2025-06-25,supramax,Paradip,12396.0,13188.52,792.52,2025.41,0.39,51.3,"SUPRA, PANA, CAPE",FLEXIBLE / INDEX-LINKED,SUPRA,High forecast uncertainty (16.3% of price level). Utilize index-linked contract with floating rate option.,15233.0,22.89,NEUTRAL (Index-linked contract adjusted with +22.89% market move)
2025-06-26,supramax,Paradip,12543.0,13413.16,870.16,2025.41,0.43,51.6,"SUPRA, PANA, CAPE",FLEXIBLE / INDEX-LINKED,SUPRA,High forecast uncertainty (16.1% of price level). Utilize index-linked contract with floating rate option.,15614.0,24.48,NEUTRAL (Index-linked contract adjusted with +24.48% market move)
2025-06-27,supramax,Paradip,12648.0,13556.37,908.37,2025.41,0.45,51.7,"SUPRA, PANA, CAPE",FLEXIBLE / INDEX-LINKED,SUPRA,High forecast uncertainty (16.0% of price level). Utilize index-linked contract with floating rate option.,15741.0,24.45,NEUTRAL (Index-linked contract adjusted with +24.45% market move)
2025-06-30,supramax,Paradip,12701.0,13496.66,795.66,2025.41,0.39,51.3,"SUPRA, PANA, CAPE",FLEXIBLE / INDEX-LINKED,SUPRA,High forecast uncertainty (15.9% of price level). Utilize index-linked contract with floating rate option.,15829.0,24.63,NEUTRAL (Index-linked contract adjusted with +24.63% market move)
2025-07-01,supramax,Paradip,12879.0,13857.31,978.31,2025.41,0.48,52.0,"SUPRA, PANA, CAPE",FLEXIBLE / INDEX-LINKED,SUPRA,High forecast uncertainty (15.7% of price level). Utilize index-linked contract with floating rate option.,16129.0,25.23,NEUTRAL (Index-linked contract adjusted with +25.23% market move)
2025-07-02,supramax,Paradip,12986.0,13934.93,948.93,2025.41,0.47,51.9,"SUPRA, PANA, CAPE",FLEXIBLE / INDEX-LINKED,SUPRA,High forecast uncertainty (15.6% of price level). Utilize index-linked contract with floating rate option.,16342.0,25.84,NEUTRAL (Index-linked contract adjusted with +25.84% market move)
2025-07-03,supramax,Paradip,13132.0,14070.52,938.52,2025.41,0.46,51.8,"SUPRA, PANA, CAPE",FLEXIBLE / INDEX-LINKED,SUPRA,High forecast uncertainty (15.4% of price level). Utilize index-linked contract with floating rate option.,16528.0,25.86,NEUTRAL (Index-linked contract adjusted with +25.86% market move)
2025-07-04,supramax,Paradip,13224.0,14365.86,1141.86,2025.41,0.56,52.6,"SUPRA, PANA, CAPE",FLEXIBLE / INDEX-LINKED,SUPRA,High forecast uncertainty (15.3% of price level). Utilize index-linked contract with floating rate option.,16615.0,25.64,NEUTRAL (Index-linked contract adjusted with +25.64% market move)
2025-07-07,supramax,Paradip,13333.0,14443.34,1110.34,2025.41,0.55,52.5,"SUPRA, PANA, CAPE",FLEXIBLE / INDEX-LINKED,SUPRA,High forecast uncertainty (15.2% of price level). Utilize index-linked contract with floating rate option.,16784.0,25.88,NEUTRAL (Index-linked contract adjusted with +25.88% market move)
2025-07-08,supramax,Paradip,13792.0,14656.67,864.67,2025.41,0.43,51.6,"SUPRA, PANA, CAPE",FLEXIBLE / INDEX-LINKED,SUPRA,Neutral rate trend (0.43 σ). Maintain flexible chartering timing with floating index-linked terms.,17110.0,24.06,NEUTRAL (Index-linked contract adjusted with +24.06% market move)
2025-07-09,supramax,Paradip,14063.0,14675.08,612.08,2025.41,0.3,50.6,"SUPRA, PANA, CAPE",FLEXIBLE / INDEX-LINKED,SUPRA,Neutral rate trend (0.30 σ). Maintain flexible chartering timing with floating index-linked terms.,17371.0,23.52,NEUTRAL (Index-linked contract adjusted with +23.52% market move)
2025-07-10,supramax,Paradip,14290.0,14650.11,360.11,2025.41,0.18,49.7,"SUPRA, PANA, CAPE",FLEXIBLE / INDEX-LINKED,SUPRA,Neutral rate trend (0.18 σ). Maintain flexible chartering timing with floating index-linked terms.,17661.0,23.59,NEUTRAL (Index-linked contract adjusted with +23.59% market move)
2025-07-11,supramax,Paradip,14496.0,14757.73,261.73,2025.41,0.13,49.3,"SUPRA, PANA, CAPE",FLEXIBLE / INDEX-LINKED,SUPRA,Neutral rate trend (0.13 σ). Maintain flexible chartering timing with floating index-linked terms.,17621.0,21.56,NEUTRAL (Index-linked contract adjusted with +21.56% market move)
2025-07-14,supramax,Paradip,14766.0,14781.31,15.31,2025.41,0.01,48.4,"SUPRA, PANA, CAPE",FLEXIBLE / INDEX-LINKED,SUPRA,Neutral rate trend (0.01 σ). Maintain flexible chartering timing with floating index-linked terms.,17628.0,19.38,NEUTRAL (Index-linked contract adjusted with +19.38% market move)
2025-07-15,supramax,Paradip,15008.0,14775.34,-232.66,2025.41,-0.11,47.5,"SUPRA, PANA, CAPE",FLEXIBLE / INDEX-LINKED,SUPRA,Neutral rate trend (-0.11 σ). Maintain flexible chartering timing with floating index-linked terms.,17988.0,19.86,NEUTRAL (Index-linked contract adjusted with +19.86% market move)
2025-07-16,supramax,Paradip,15172.0,14918.96,-253.04,2025.41,-0.12,47.4,"SUPRA, PANA, CAPE",FLEXIBLE / INDEX-LINKED,SUPRA,Neutral rate trend (-0.12 σ). Maintain flexible chartering timing with floating index-linked terms.,18008.0,18.69,NEUTRAL (Index-linked contract adjusted with +18.69% market move)
2025-07-17,supramax,Paradip,15651.0,14700.33,-950.67,2025.41,-0.47,44.8,"SUPRA, PANA, CAPE",FLEXIBLE / INDEX-LINKED,SUPRA,Neutral rate trend (-0.47 σ). Maintain flexible chartering timing with floating index-linked terms.,18139.0,15.9,NEUTRAL (Index-linked contract adjusted with +15.90% market move)
2025-07-18,supramax,Paradip,15933.0,14625.01,-1307.99,2025.41,-0.65,43.5,"SUPRA, PANA, CAPE",WAIT,SUPRA,Downward forecast trend (-0.65 σ) with Low/Moderate disruption risk. Delay chartering to capitalize on falling spot market rates.,17862.0,12.11,SUBOPTIMAL (Market moved +12.11%)
2025-07-21,supramax,Paradip,15997.0,14592.02,-1404.98,2025.41,-0.69,43.1,"SUPRA, PANA, CAPE",WAIT,SUPRA,Downward forecast trend (-0.69 σ) with Low/Moderate disruption risk. Delay chartering to capitalize on falling spot market rates.,17829.0,11.45,SUBOPTIMAL (Market moved +11.45%)
2025-07-22,supramax,Paradip,15942.0,14516.45,-1425.55,2025.41,-0.7,43.1,"SUPRA, PANA, CAPE",WAIT,SUPRA,Downward forecast trend (-0.70 σ) with Low/Moderate disruption risk. Delay chartering to capitalize on falling spot market rates.,17510.0,9.84,SUBOPTIMAL (Market moved +9.84%)
2025-07-23,supramax,Paradip,15789.0,14548.45,-1240.55,2025.41,-0.61,43.8,"SUPRA, PANA, CAPE",WAIT,SUPRA,Downward forecast trend (-0.61 σ) with Low/Moderate disruption risk. Delay chartering to capitalize on falling spot market rates.,17348.0,9.87,SUBOPTIMAL (Market moved +9.87%)
2025-07-24,supramax,Paradip,15578.0,14943.39,-634.61,2025.41,-0.31,46.0,"SUPRA, PANA, CAPE",FLEXIBLE / INDEX-LINKED,SUPRA,Neutral rate trend (-0.31 σ). Maintain flexible chartering timing with floating index-linked terms.,17524.0,12.49,NEUTRAL (Index-linked contract adjusted with +12.49% market move)
2025-07-25,supramax,Paradip,15482.0,14735.43,-746.57,2025.41,-0.37,45.6,"SUPRA, PANA, CAPE",FLEXIBLE / INDEX-LINKED,SUPRA,Neutral rate trend (-0.37 σ). Maintain flexible chartering timing with floating index-linked terms.,17698.0,14.31,NEUTRAL (Index-linked contract adjusted with +14.31% market move)
2025-07-28,supramax,Paradip,15444.0,14502.63,-941.37,2025.41,-0.46,44.9,"SUPRA, PANA, CAPE",FLEXIBLE / INDEX-LINKED,SUPRA,Neutral rate trend (-0.46 σ). Maintain flexible chartering timing with floating index-linked terms.,17789.0,15.18,NEUTRAL (Index-linked contract adjusted with +15.18% market move)
2025-07-29,supramax,Paradip,15356.0,14497.66,-858.34,2025.41,-0.42,45.2,"SUPRA, PANA, CAPE",FLEXIBLE / INDEX-LINKED,SUPRA,Neutral rate trend (-0.42 σ). Maintain flexible chartering timing with floating index-linked terms.,17855.0,16.27,NEUTRAL (Index-linked contract adjusted with +16.27% market move)
2025-07-30,supramax,Paradip,15235.0,14234.12,-1000.88,2025.41,-0.49,44.6,"SUPRA, PANA, CAPE",FLEXIBLE / INDEX-LINKED,SUPRA,Neutral rate trend (-0.49 σ). Maintain flexible chartering timing with floating index-linked terms.,17908.0,17.55,NEUTRAL (Index-linked contract adjusted with +17.55% market move)
2025-07-31,supramax,Paradip,15133.0,14269.3,-863.7,2025.41,-0.43,45.2,"SUPRA, PANA, CAPE",FLEXIBLE / INDEX-LINKED,SUPRA,Neutral rate trend (-0.43 σ). Maintain flexible chartering timing with floating index-linked terms.,18046.0,19.25,NEUTRAL (Index-linked contract adjusted with +19.25% market move)
2025-08-01,supramax,Paradip,15062.0,17347.76,2285.76,2025.41,1.13,56.8,"SUPRA, PANA, CAPE",BUY NOW,SUPRA,"Strong upward forecast trend (+1.13 σ) combined with elevated risk signals (Port Risk: 83.4, Disruption Risk: 10.0). Lock fixed forward rate now to secure tonnage before expected rate surge.",18124.0,20.33,SUCCESS (BUY NOW avoided +20.33% price rise)
2025-08-04,supramax,Paradip,15021.0,14760.89,-260.11,2025.41,-0.13,47.4,"SUPRA, PANA, CAPE",FLEXIBLE / INDEX-LINKED,SUPRA,Neutral rate trend (-0.13 σ). Maintain flexible chartering timing with floating index-linked terms.,18064.0,20.26,NEUTRAL (Index-linked contract adjusted with +20.26% market move)
2025-08-05,supramax,Paradip,15018.0,14863.25,-154.75,2025.41,-0.08,47.8,"SUPRA, PANA, CAPE",FLEXIBLE / INDEX-LINKED,SUPRA,Neutral rate trend (-0.08 σ). Maintain flexible chartering timing with floating index-linked terms.,17957.0,19.57,NEUTRAL (Index-linked contract adjusted with +19.57% market move)
2025-08-06,supramax,Paradip,15233.0,14946.34,-286.66,2025.41,-0.14,47.3,"SUPRA, PANA, CAPE",FLEXIBLE / INDEX-LINKED,SUPRA,Neutral rate trend (-0.14 σ). Maintain flexible chartering timing with floating index-linked terms.,17955.0,17.87,NEUTRAL (Index-linked contract adjusted with +17.87% market move)
2025-08-07,supramax,Paradip,15614.0,15201.24,-412.76,2025.41,-0.2,46.8,"SUPRA, PANA, CAPE",FLEXIBLE / INDEX-LINKED,SUPRA,Neutral rate trend (-0.20 σ). Maintain flexible chartering timing with floating index-linked terms.,17946.0,14.94,NEUTRAL (Index-linked contract adjusted with +14.94% market move)
2025-08-08,supramax,Paradip,15741.0,14797.7,-943.3,2025.41,-0.47,44.9,"SUPRA, PANA, CAPE",FLEXIBLE / INDEX-LINKED,SUPRA,Neutral rate trend (-0.47 σ). Maintain flexible chartering timing with floating index-linked terms.,17994.0,14.31,NEUTRAL (Index-linked contract adjusted with +14.31% market move)
2025-08-11,supramax,Paradip,15829.0,14897.15,-931.85,2025.41,-0.46,44.9,"SUPRA, PANA, CAPE",FLEXIBLE / INDEX-LINKED,SUPRA,Neutral rate trend (-0.46 σ). Maintain flexible chartering timing with floating index-linked terms.,17979.0,13.58,NEUTRAL (Index-linked contract adjusted with +13.58% market move)
2025-08-12,supramax,Paradip,16129.0,14781.05,-1347.95,2025.41,-0.67,43.4,"SUPRA, PANA, CAPE",WAIT,SUPRA,Downward forecast trend (-0.67 σ) with Low/Moderate disruption risk. Delay chartering to capitalize on falling spot market rates.,18083.0,12.11,SUBOPTIMAL (Market moved +12.11%)
2025-08-13,supramax,Paradip,16342.0,14915.3,-1426.7,2025.41,-0.7,43.1,"SUPRA, PANA, CAPE",WAIT,SUPRA,Downward forecast trend (-0.70 σ) with Low/Moderate disruption risk. Delay chartering to capitalize on falling spot market rates.,18130.0,10.94,SUBOPTIMAL (Market moved +10.94%)
2025-08-14,supramax,Paradip,16528.0,15226.54,-1301.46,2025.41,-0.64,43.5,"SUPRA, PANA, CAPE",WAIT,SUPRA,Downward forecast trend (-0.64 σ) with Low/Moderate disruption risk. Delay chartering to capitalize on falling spot market rates.,18323.0,10.86,SUBOPTIMAL (Market moved +10.86%)
2025-08-18,supramax,Paradip,16615.0,15138.04,-1476.96,2025.41,-0.73,42.9,"SUPRA, PANA, CAPE",WAIT,SUPRA,Downward forecast trend (-0.73 σ) with Low/Moderate disruption risk. Delay chartering to capitalize on falling spot market rates.,18311.0,10.21,SUBOPTIMAL (Market moved +10.21%)
2025-08-19,supramax,Paradip,16784.0,15009.33,-1774.67,2025.41,-0.88,41.8,"SUPRA, PANA, CAPE",WAIT,SUPRA,Downward forecast trend (-0.88 σ) with Low/Moderate disruption risk. Delay chartering to capitalize on falling spot market rates.,18338.0,9.26,SUBOPTIMAL (Market moved +9.26%)
2025-08-20,supramax,Paradip,17110.0,15093.65,-2016.35,2025.41,-1.0,40.9,"SUPRA, PANA, CAPE",WAIT,SUPRA,Downward forecast trend (-1.00 σ) with Low/Moderate disruption risk. Delay chartering to capitalize on falling spot market rates.,18335.0,7.16,SUBOPTIMAL (Market moved +7.16%)
2025-08-21,supramax,Paradip,17371.0,15142.72,-2228.28,2025.41,-1.1,40.1,"SUPRA, PANA, CAPE",WAIT,SUPRA,Downward forecast trend (-1.10 σ) with Low/Moderate disruption risk. Delay chartering to capitalize on falling spot market rates.,18308.0,5.39,SUBOPTIMAL (Market moved +5.39%)
2025-08-22,supramax,Paradip,17661.0,15158.39,-2502.61,2025.41,-1.24,39.1,"SUPRA, PANA, CAPE",WAIT,SUPRA,Downward forecast trend (-1.24 σ) with Low/Moderate disruption risk. Delay chartering to capitalize on falling spot market rates.,17605.0,-0.32,SUCCESS (WAIT captured -0.32% price drop)
2025-08-25,supramax,Paradip,17621.0,14978.7,-2642.3,2025.41,-1.3,38.6,"SUPRA, PANA, CAPE",WAIT,SUPRA,Downward forecast trend (-1.30 σ) with Low/Moderate disruption risk. Delay chartering to capitalize on falling spot market rates.,17745.0,0.7,SUBOPTIMAL (Market moved +0.70%)
2025-08-26,supramax,Paradip,17628.0,14821.47,-2806.53,2025.41,-1.39,38.0,"SUPRA, PANA, CAPE",WAIT,SUPRA,Downward forecast trend (-1.39 σ) with Low/Moderate disruption risk. Delay chartering to capitalize on falling spot market rates.,17627.0,-0.01,SUCCESS (WAIT captured -0.01% price drop)
2025-08-27,supramax,Paradip,17988.0,15130.6,-2857.4,2025.41,-1.41,37.8,"SUPRA, PANA, CAPE",WAIT,SUPRA,Downward forecast trend (-1.41 σ) with Low/Moderate disruption risk. Delay chartering to capitalize on falling spot market rates.,17645.0,-1.91,SUCCESS (WAIT captured -1.91% price drop)
2025-08-28,supramax,Paradip,18008.0,15458.38,-2549.62,2025.41,-1.26,38.9,"SUPRA, PANA, CAPE",WAIT,SUPRA,Downward forecast trend (-1.26 σ) with Low/Moderate disruption risk. Delay chartering to capitalize on falling spot market rates.,17763.0,-1.36,SUCCESS (WAIT captured -1.36% price drop)
2025-08-29,supramax,Paradip,18139.0,15315.74,-2823.26,2025.41,-1.39,37.9,"SUPRA, PANA, CAPE",WAIT,SUPRA,Downward forecast trend (-1.39 σ) with Low/Moderate disruption risk. Delay chartering to capitalize on falling spot market rates.,17649.0,-2.7,SUCCESS (WAIT captured -2.70% price drop)
2025-09-01,supramax,Paradip,17862.0,15081.77,-2780.23,2025.41,-1.37,38.1,"SUPRA, PANA, CAPE",WAIT,SUPRA,Downward forecast trend (-1.37 σ) with Low/Moderate disruption risk. Delay chartering to capitalize on falling spot market rates.,17590.0,-1.52,SUCCESS (WAIT captured -1.52% price drop)
2025-09-02,supramax,Paradip,17829.0,15146.12,-2682.88,2025.41,-1.32,38.4,"SUPRA, PANA, CAPE",WAIT,SUPRA,Downward forecast trend (-1.32 σ) with Low/Moderate disruption risk. Delay chartering to capitalize on falling spot market rates.,17555.0,-1.54,SUCCESS (WAIT captured -1.54% price drop)
2025-09-03,supramax,Paradip,17510.0,15377.97,-2132.03,2025.41,-1.05,40.5,"SUPRA, PANA, CAPE",WAIT,SUPRA,Downward forecast trend (-1.05 σ) with Low/Moderate disruption risk. Delay chartering to capitalize on falling spot market rates.,17629.0,0.68,SUBOPTIMAL (Market moved +0.68%)
2025-09-04,supramax,Paradip,17348.0,15252.16,-2095.84,2025.41,-1.03,40.6,"SUPRA, PANA, CAPE",WAIT,SUPRA,Downward forecast trend (-1.03 σ) with Low/Moderate disruption risk. Delay chartering to capitalize on falling spot market rates.,17592.0,1.41,SUBOPTIMAL (Market moved +1.41%)
2025-09-05,supramax,Paradip,17524.0,15153.0,-2371.0,2025.41,-1.17,39.6,"SUPRA, PANA, CAPE",WAIT,SUPRA,Downward forecast trend (-1.17 σ) with Low/Moderate disruption risk. Delay chartering to capitalize on falling spot market rates.,17478.0,-0.26,SUCCESS (WAIT captured -0.26% price drop)
2025-09-08,supramax,Paradip,17698.0,14540.75,-3157.25,2025.41,-1.56,36.7,"SUPRA, PANA, CAPE",WAIT,SUPRA,Downward forecast trend (-1.56 σ) with Low/Moderate disruption risk. Delay chartering to capitalize on falling spot market rates.,17313.0,-2.18,SUCCESS (WAIT captured -2.18% price drop)
2025-09-09,supramax,Paradip,17789.0,14562.33,-3226.67,2025.41,-1.59,36.4,"SUPRA, PANA, CAPE",WAIT,SUPRA,Downward forecast trend (-1.59 σ) with Low/Moderate disruption risk. Delay chartering to capitalize on falling spot market rates.,17088.0,-3.94,SUCCESS (WAIT captured -3.94% price drop)
2025-09-10,supramax,Paradip,17855.0,14670.37,-3184.63,2025.41,-1.57,36.6,"SUPRA, PANA, CAPE",WAIT,SUPRA,Downward forecast trend (-1.57 σ) with Low/Moderate disruption risk. Delay chartering to capitalize on falling spot market rates.,16914.0,-5.27,SUCCESS (WAIT captured -5.27% price drop)
2025-09-11,supramax,Paradip,17908.0,14648.52,-3259.48,2025.41,-1.61,36.3,"SUPRA, PANA, CAPE",WAIT,SUPRA,Downward forecast trend (-1.61 σ) with Low/Moderate disruption risk. Delay chartering to capitalize on falling spot market rates.,16693.0,-6.78,SUCCESS (WAIT captured -6.78% price drop)
2025-09-12,supramax,Paradip,18046.0,14899.58,-3146.42,2025.41,-1.55,36.7,"SUPRA, PANA, CAPE",WAIT,SUPRA,Downward forecast trend (-1.55 σ) with Low/Moderate disruption risk. Delay chartering to capitalize on falling spot market rates.,16736.0,-7.26,SUCCESS (WAIT captured -7.26% price drop)
2025-09-15,supramax,Paradip,18124.0,15247.47,-2876.53,2025.41,-1.42,37.7,"SUPRA, PANA, CAPE",WAIT,SUPRA,Downward forecast trend (-1.42 σ) with Low/Moderate disruption risk. Delay chartering to capitalize on falling spot market rates.,16718.0,-7.76,SUCCESS (WAIT captured -7.76% price drop)
2025-09-16,supramax,Paradip,18064.0,15328.69,-2735.31,2025.41,-1.35,38.2,"SUPRA, PANA, CAPE",WAIT,SUPRA,Downward forecast trend (-1.35 σ) with Low/Moderate disruption risk. Delay chartering to capitalize on falling spot market rates.,16628.0,-7.95,SUCCESS (WAIT captured -7.95% price drop)
2025-09-17,supramax,Paradip,17957.0,15045.25,-2911.75,2025.41,-1.44,37.6,"SUPRA, PANA, CAPE",WAIT,SUPRA,Downward forecast trend (-1.44 σ) with Low/Moderate disruption risk. Delay chartering to capitalize on falling spot market rates.,16483.0,-8.21,SUCCESS (WAIT captured -8.21% price drop)
2025-09-18,supramax,Paradip,17955.0,15000.4,-2954.6,2025.41,-1.46,37.4,"SUPRA, PANA, CAPE",WAIT,SUPRA,Downward forecast trend (-1.46 σ) with Low/Moderate disruption risk. Delay chartering to capitalize on falling spot market rates.,16573.0,-7.7,SUCCESS (WAIT captured -7.70% price drop)
2025-09-19,supramax,Paradip,17946.0,14832.95,-3113.05,2025.41,-1.54,36.8,"SUPRA, PANA, CAPE",WAIT,SUPRA,Downward forecast trend (-1.54 σ) with Low/Moderate disruption risk. Delay chartering to capitalize on falling spot market rates.,16592.0,-7.54,SUCCESS (WAIT captured -7.54% price drop)
2025-09-22,supramax,Paradip,17994.0,14657.06,-3336.94,2025.41,-1.65,36.0,"SUPRA, PANA, CAPE",WAIT,SUPRA,Downward forecast trend (-1.65 σ) with Low/Moderate disruption risk. Delay chartering to capitalize on falling spot market rates.,16433.0,-8.68,SUCCESS (WAIT captured -8.68% price drop)
2025-09-23,supramax,Paradip,17979.0,14746.64,-3232.36,2025.41,-1.6,36.4,"SUPRA, PANA, CAPE",WAIT,SUPRA,Downward forecast trend (-1.60 σ) with Low/Moderate disruption risk. Delay chartering to capitalize on falling spot market rates.,16616.0,-7.58,SUCCESS (WAIT captured -7.58% price drop)
2025-09-24,supramax,Paradip,18083.0,14938.42,-3144.58,2025.41,-1.55,36.7,"SUPRA, PANA, CAPE",WAIT,SUPRA,Downward forecast trend (-1.55 σ) with Low/Moderate disruption risk. Delay chartering to capitalize on falling spot market rates.,16965.0,-6.18,SUCCESS (WAIT captured -6.18% price drop)
2025-09-25,supramax,Paradip,18130.0,15018.43,-3111.57,2025.41,-1.54,36.8,"SUPRA, PANA, CAPE",WAIT,SUPRA,Downward forecast trend (-1.54 σ) with Low/Moderate disruption risk. Delay chartering to capitalize on falling spot market rates.,17200.0,-5.13,SUCCESS (WAIT captured -5.13% price drop)
2025-09-26,supramax,Paradip,18323.0,15124.63,-3198.37,2025.41,-1.58,36.5,"SUPRA, PANA, CAPE",WAIT,SUPRA,Downward forecast trend (-1.58 σ) with Low/Moderate disruption risk. Delay chartering to capitalize on falling spot market rates.,17432.0,-4.86,SUCCESS (WAIT captured -4.86% price drop)
2025-09-29,supramax,Paradip,18311.0,14384.79,-3926.21,2025.41,-1.94,33.8,"SUPRA, PANA, CAPE",WAIT,SUPRA,Downward forecast trend (-1.94 σ) with Low/Moderate disruption risk. Delay chartering to capitalize on falling spot market rates.,17560.0,-4.1,SUCCESS (WAIT captured -4.10% price drop)
2025-09-30,supramax,Paradip,18338.0,14261.67,-4076.33,2025.41,-2.01,33.3,"SUPRA, PANA, CAPE",WAIT,SUPRA,Downward forecast trend (-2.01 σ) with Low/Moderate disruption risk. Delay chartering to capitalize on falling spot market rates.,17659.0,-3.7,SUCCESS (WAIT captured -3.70% price drop)
2025-10-01,supramax,Paradip,18335.0,14585.97,-3749.03,2025.41,-1.85,34.5,"SUPRA, PANA, CAPE",WAIT,SUPRA,Downward forecast trend (-1.85 σ) with Low/Moderate disruption risk. Delay chartering to capitalize on falling spot market rates.,17781.0,-3.02,SUCCESS (WAIT captured -3.02% price drop)
2025-10-02,supramax,Paradip,18308.0,14778.3,-3529.7,2025.41,-1.74,35.3,"SUPRA, PANA, CAPE",WAIT,SUPRA,Downward forecast trend (-1.74 σ) with Low/Moderate disruption risk. Delay chartering to capitalize on falling spot market rates.,17957.0,-1.92,SUCCESS (WAIT captured -1.92% price drop)
2025-10-10,supramax,Paradip,17605.0,14297.85,-3307.15,2025.41,-1.63,36.1,"SUPRA, PANA, CAPE",WAIT,SUPRA,Downward forecast trend (-1.63 σ) with Low/Moderate disruption risk. Delay chartering to capitalize on falling spot market rates.,18028.0,2.4,SUBOPTIMAL (Market moved +2.40%)
2025-10-13,supramax,Paradip,17745.0,14748.77,-2996.23,2025.41,-1.48,37.3,"SUPRA, PANA, CAPE",WAIT,SUPRA,Downward forecast trend (-1.48 σ) with Low/Moderate disruption risk. Delay chartering to capitalize on falling spot market rates.,17964.0,1.23,SUBOPTIMAL (Market moved +1.23%)
2025-10-14,supramax,Paradip,17627.0,14868.59,-2758.41,2025.41,-1.36,38.1,"SUPRA, PANA, CAPE",WAIT,SUPRA,Downward forecast trend (-1.36 σ) with Low/Moderate disruption risk. Delay chartering to capitalize on falling spot market rates.,17984.0,2.03,SUBOPTIMAL (Market moved +2.03%)
2025-10-15,supramax,Paradip,17645.0,14980.93,-2664.07,2025.41,-1.32,38.5,"SUPRA, PANA, CAPE",WAIT,SUPRA,Downward forecast trend (-1.32 σ) with Low/Moderate disruption risk. Delay chartering to capitalize on falling spot market rates.,18170.0,2.98,SUBOPTIMAL (Market moved +2.98%)
2025-10-16,supramax,Paradip,17763.0,15086.15,-2676.85,2025.41,-1.32,38.4,"SUPRA, PANA, CAPE",WAIT,SUPRA,Downward forecast trend (-1.32 σ) with Low/Moderate disruption risk. Delay chartering to capitalize on falling spot market rates.,18302.0,3.03,SUBOPTIMAL (Market moved +3.03%)
2025-10-17,supramax,Paradip,17649.0,14985.12,-2663.88,2025.41,-1.32,38.5,"SUPRA, PANA, CAPE",WAIT,SUPRA,Downward forecast trend (-1.32 σ) with Low/Moderate disruption risk. Delay chartering to capitalize on falling spot market rates.,18464.0,4.62,SUBOPTIMAL (Market moved +4.62%)
2025-10-20,supramax,Paradip,17590.0,15190.03,-2399.97,2025.41,-1.18,39.5,"SUPRA, PANA, CAPE",WAIT,SUPRA,Downward forecast trend (-1.18 σ) with Low/Moderate disruption risk. Delay chartering to capitalize on falling spot market rates.,18573.0,5.59,SUBOPTIMAL (Market moved +5.59%)
2025-10-21,supramax,Paradip,17555.0,15430.94,-2124.06,2025.41,-1.05,40.5,"SUPRA, PANA, CAPE",WAIT,SUPRA,Downward forecast trend (-1.05 σ) with Low/Moderate disruption risk. Delay chartering to capitalize on falling spot market rates.,18736.0,6.73,SUBOPTIMAL (Market moved +6.73%)
2025-10-22,supramax,Paradip,17629.0,15256.69,-2372.31,2025.41,-1.17,39.6,"SUPRA, PANA, CAPE",WAIT,SUPRA,Downward forecast trend (-1.17 σ) with Low/Moderate disruption risk. Delay chartering to capitalize on falling spot market rates.,18805.0,6.67,SUBOPTIMAL (Market moved +6.67%)
2025-10-23,supramax,Paradip,17592.0,15329.15,-2262.85,2025.41,-1.12,40.0,"SUPRA, PANA, CAPE",WAIT,SUPRA,Downward forecast trend (-1.12 σ) with Low/Moderate disruption risk. Delay chartering to capitalize on falling spot market rates.,18756.0,6.62,SUBOPTIMAL (Market moved +6.62%)
2025-10-24,supramax,Paradip,17478.0,15249.47,-2228.53,2025.41,-1.1,40.1,"SUPRA, PANA, CAPE",WAIT,SUPRA,Downward forecast trend (-1.10 σ) with Low/Moderate disruption risk. Delay chartering to capitalize on falling spot market rates.,18575.0,6.28,SUBOPTIMAL (Market moved +6.28%)
2025-10-27,supramax,Paradip,17313.0,15209.34,-2103.66,2025.41,-1.04,40.6,"SUPRA, PANA, CAPE",WAIT,SUPRA,Downward forecast trend (-1.04 σ) with Low/Moderate disruption risk. Delay chartering to capitalize on falling spot market rates.,18260.0,5.47,SUBOPTIMAL (Market moved +5.47%)
2025-10-28,supramax,Paradip,17088.0,15588.99,-1499.01,2025.41,-0.74,42.8,"SUPRA, PANA, CAPE",WAIT,SUPRA,Downward forecast trend (-0.74 σ) with Low/Moderate disruption risk. Delay chartering to capitalize on falling spot market rates.,17749.0,3.87,SUBOPTIMAL (Market moved +3.87%)
2025-10-29,supramax,Paradip,16914.0,15317.9,-1596.1,2025.41,-0.79,42.4,"SUPRA, PANA, CAPE",WAIT,SUPRA,Downward forecast trend (-0.79 σ) with Low/Moderate disruption risk. Delay chartering to capitalize on falling spot market rates.,17590.0,4.0,SUBOPTIMAL (Market moved +4.00%)
2025-10-30,supramax,Paradip,16693.0,15001.83,-1691.17,2025.41,-0.83,42.1,"SUPRA, PANA, CAPE",WAIT,SUPRA,Downward forecast trend (-0.83 σ) with Low/Moderate disruption risk. Delay chartering to capitalize on falling spot market rates.,17478.0,4.7,SUBOPTIMAL (Market moved +4.70%)
2025-10-31,supramax,Paradip,16736.0,15221.59,-1514.41,2025.41,-0.75,42.7,"SUPRA, PANA, CAPE",WAIT,SUPRA,Downward forecast trend (-0.75 σ) with Low/Moderate disruption risk. Delay chartering to capitalize on falling spot market rates.,17247.0,3.05,SUBOPTIMAL (Market moved +3.05%)
2025-11-03,supramax,Paradip,16718.0,15668.9,-1049.1,2025.41,-0.52,44.5,"SUPRA, PANA, CAPE",WAIT,SUPRA,Downward forecast trend (-0.52 σ) with Low/Moderate disruption risk. Delay chartering to capitalize on falling spot market rates.,16905.0,1.12,SUBOPTIMAL (Market moved +1.12%)
2025-11-04,supramax,Paradip,16628.0,15403.66,-1224.34,2025.41,-0.6,43.8,"SUPRA, PANA, CAPE",WAIT,SUPRA,Downward forecast trend (-0.60 σ) with Low/Moderate disruption risk. Delay chartering to capitalize on falling spot market rates.,16628.0,0.0,SUBOPTIMAL (Market moved +0.00%)
2025-11-05,supramax,Paradip,16483.0,15275.7,-1207.3,2025.41,-0.6,43.9,"SUPRA, PANA, CAPE",WAIT,SUPRA,Downward forecast trend (-0.60 σ) with Low/Moderate disruption risk. Delay chartering to capitalize on falling spot market rates.,16388.0,-0.58,SUCCESS (WAIT captured -0.58% price drop)
2025-11-06,supramax,Paradip,16573.0,15536.32,-1036.68,2025.41,-0.51,44.5,"SUPRA, PANA, CAPE",WAIT,SUPRA,Downward forecast trend (-0.51 σ) with Low/Moderate disruption risk. Delay chartering to capitalize on falling spot market rates.,15976.0,-3.6,SUCCESS (WAIT captured -3.60% price drop)
2025-11-07,supramax,Paradip,16592.0,15847.42,-744.58,2025.41,-0.37,45.6,"SUPRA, PANA, CAPE",FLEXIBLE / INDEX-LINKED,SUPRA,Neutral rate trend (-0.37 σ). Maintain flexible chartering timing with floating index-linked terms.,15553.0,-6.26,NEUTRAL (Index-linked contract adjusted with -6.26% market move)
2025-11-10,supramax,Paradip,16433.0,15762.57,-670.43,2025.41,-0.33,45.9,"SUPRA, PANA, CAPE",FLEXIBLE / INDEX-LINKED,SUPRA,Neutral rate trend (-0.33 σ). Maintain flexible chartering timing with floating index-linked terms.,15045.0,-8.45,NEUTRAL (Index-linked contract adjusted with -8.45% market move)
2025-11-11,supramax,Paradip,16616.0,15977.93,-638.07,2025.41,-0.32,46.0,"SUPRA, PANA, CAPE",FLEXIBLE / INDEX-LINKED,SUPRA,Neutral rate trend (-0.32 σ). Maintain flexible chartering timing with floating index-linked terms.,14623.0,-11.99,NEUTRAL (Index-linked contract adjusted with -11.99% market move)
2025-11-12,supramax,Paradip,16965.0,15910.45,-1054.55,2025.41,-0.52,44.4,"SUPRA, PANA, CAPE",WAIT,SUPRA,Downward forecast trend (-0.52 σ) with Low/Moderate disruption risk. Delay chartering to capitalize on falling spot market rates.,12852.0,-24.24,SUCCESS (WAIT captured -24.24% price drop)
2025-11-13,supramax,Paradip,17200.0,15913.42,-1286.58,2025.41,-0.64,43.6,"SUPRA, PANA, CAPE",WAIT,SUPRA,Downward forecast trend (-0.64 σ) with Low/Moderate disruption risk. Delay chartering to capitalize on falling spot market rates.,12603.0,-26.73,SUCCESS (WAIT captured -26.73% price drop)
2025-11-14,supramax,Paradip,17432.0,16088.66,-1343.34,2025.41,-0.66,43.4,"SUPRA, PANA, CAPE",WAIT,SUPRA,Downward forecast trend (-0.66 σ) with Low/Moderate disruption risk. Delay chartering to capitalize on falling spot market rates.,12392.0,-28.91,SUCCESS (WAIT captured -28.91% price drop)
2025-11-17,supramax,Paradip,17560.0,16310.96,-1249.04,2025.41,-0.62,43.7,"SUPRA, PANA, CAPE",WAIT,SUPRA,Downward forecast trend (-0.62 σ) with Low/Moderate disruption risk. Delay chartering to capitalize on falling spot market rates.,12280.0,-30.07,SUCCESS (WAIT captured -30.07% price drop)
2025-11-18,supramax,Paradip,17659.0,16150.84,-1508.16,2025.41,-0.74,42.8,"SUPRA, PANA, CAPE",WAIT,SUPRA,Downward forecast trend (-0.74 σ) with Low/Moderate disruption risk. Delay chartering to capitalize on falling spot market rates.,12239.0,-30.69,SUCCESS (WAIT captured -30.69% price drop)
2025-11-19,supramax,Paradip,17781.0,16133.53,-1647.47,2025.41,-0.81,42.2,"SUPRA, PANA, CAPE",WAIT,SUPRA,Downward forecast trend (-0.81 σ) with Low/Moderate disruption risk. Delay chartering to capitalize on falling spot market rates.,12148.0,-31.68,SUCCESS (WAIT captured -31.68% price drop)
2025-11-20,supramax,Paradip,17957.0,16387.11,-1569.89,2025.41,-0.78,42.5,"SUPRA, PANA, CAPE",WAIT,SUPRA,Downward forecast trend (-0.78 σ) with Low/Moderate disruption risk. Delay chartering to capitalize on falling spot market rates.,12101.0,-32.61,SUCCESS (WAIT captured -32.61% price drop)
2025-11-21,supramax,Paradip,18028.0,16129.13,-1898.87,2025.41,-0.94,41.3,"SUPRA, PANA, CAPE",WAIT,SUPRA,Downward forecast trend (-0.94 σ) with Low/Moderate disruption risk. Delay chartering to capitalize on falling spot market rates.,12068.0,-33.06,SUCCESS (WAIT captured -33.06% price drop)
2025-11-24,supramax,Paradip,17964.0,16292.73,-1671.27,2025.41,-0.83,42.2,"SUPRA, PANA, CAPE",WAIT,SUPRA,Downward forecast trend (-0.83 σ) with Low/Moderate disruption risk. Delay chartering to capitalize on falling spot market rates.,12058.0,-32.88,SUCCESS (WAIT captured -32.88% price drop)
2025-11-25,supramax,Paradip,17984.0,16009.79,-1974.21,2025.41,-0.97,41.0,"SUPRA, PANA, CAPE",WAIT,SUPRA,Downward forecast trend (-0.97 σ) with Low/Moderate disruption risk. Delay chartering to capitalize on falling spot market rates.,12217.0,-32.07,SUCCESS (WAIT captured -32.07% price drop)
2025-11-27,supramax,Paradip,18170.0,16361.0,-1809.0,2025.41,-0.89,41.7,"SUPRA, PANA, CAPE",WAIT,SUPRA,Downward forecast trend (-0.89 σ) with Low/Moderate disruption risk. Delay chartering to capitalize on falling spot market rates.,12251.0,-32.58,SUCCESS (WAIT captured -32.58% price drop)
2025-11-28,supramax,Paradip,18302.0,16234.11,-2067.89,2025.41,-1.02,40.7,"SUPRA, PANA, CAPE",WAIT,SUPRA,Downward forecast trend (-1.02 σ) with Low/Moderate disruption risk. Delay chartering to capitalize on falling spot market rates.,12048.0,-34.17,SUCCESS (WAIT captured -34.17% price drop)
2025-12-01,supramax,Paradip,18464.0,16288.32,-2175.68,2025.41,-1.07,40.3,"SUPRA, PANA, CAPE",WAIT,SUPRA,Downward forecast trend (-1.07 σ) with Low/Moderate disruption risk. Delay chartering to capitalize on falling spot market rates.,12531.0,-32.13,SUCCESS (WAIT captured -32.13% price drop)
2025-12-02,supramax,Paradip,18573.0,16146.18,-2426.82,2025.41,-1.2,39.4,"SUPRA, PANA, CAPE",WAIT,SUPRA,Downward forecast trend (-1.20 σ) with Low/Moderate disruption risk. Delay chartering to capitalize on falling spot market rates.,12796.0,-31.1,SUCCESS (WAIT captured -31.10% price drop)
2025-12-03,supramax,Paradip,18736.0,16307.23,-2428.77,2025.41,-1.2,39.4,"SUPRA, PANA, CAPE",WAIT,SUPRA,Downward forecast trend (-1.20 σ) with Low/Moderate disruption risk. Delay chartering to capitalize on falling spot market rates.,13025.0,-30.48,SUCCESS (WAIT captured -30.48% price drop)
2025-12-04,supramax,Paradip,18805.0,16419.04,-2385.96,2025.41,-1.18,39.5,"SUPRA, PANA, CAPE",WAIT,SUPRA,Downward forecast trend (-1.18 σ) with Low/Moderate disruption risk. Delay chartering to capitalize on falling spot market rates.,13013.0,-30.8,SUCCESS (WAIT captured -30.80% price drop)
2025-12-05,supramax,Paradip,18756.0,16373.4,-2382.6,2025.41,-1.18,39.5,"SUPRA, PANA, CAPE",WAIT,SUPRA,Downward forecast trend (-1.18 σ) with Low/Moderate disruption risk. Delay chartering to capitalize on falling spot market rates.,13041.0,-30.47,SUCCESS (WAIT captured -30.47% price drop)
2025-12-08,supramax,Paradip,18575.0,16020.84,-2554.16,2025.41,-1.26,38.9,"SUPRA, PANA, CAPE",WAIT,SUPRA,Downward forecast trend (-1.26 σ) with Low/Moderate disruption risk. Delay chartering to capitalize on falling spot market rates.,13337.0,-28.2,SUCCESS (WAIT captured -28.20% price drop)
2025-12-09,supramax,Paradip,18260.0,15973.29,-2286.71,2025.41,-1.13,39.9,"SUPRA, PANA, CAPE",WAIT,SUPRA,Downward forecast trend (-1.13 σ) with Low/Moderate disruption risk. Delay chartering to capitalize on falling spot market rates.,13496.0,-26.09,SUCCESS (WAIT captured -26.09% price drop)
2025-12-10,supramax,Paradip,17749.0,15712.11,-2036.89,2025.41,-1.01,40.8,"SUPRA, PANA, CAPE",WAIT,SUPRA,Downward forecast trend (-1.01 σ) with Low/Moderate disruption risk. Delay chartering to capitalize on falling spot market rates.,13621.0,-23.26,SUCCESS (WAIT captured -23.26% price drop)
2025-12-11,supramax,Paradip,17590.0,15615.27,-1974.73,2025.41,-0.97,41.0,"SUPRA, PANA, CAPE",WAIT,SUPRA,Downward forecast trend (-0.97 σ) with Low/Moderate disruption risk. Delay chartering to capitalize on falling spot market rates.,13870.0,-21.15,SUCCESS (WAIT captured -21.15% price drop)
2025-12-12,supramax,Paradip,17478.0,15690.79,-1787.21,2025.41,-0.88,41.7,"SUPRA, PANA, CAPE",WAIT,SUPRA,Downward forecast trend (-0.88 σ) with Low/Moderate disruption risk. Delay chartering to capitalize on falling spot market rates.,13952.0,-20.17,SUCCESS (WAIT captured -20.17% price drop)
2025-12-15,supramax,Paradip,17247.0,15378.7,-1868.3,2025.41,-0.92,41.4,"SUPRA, PANA, CAPE",WAIT,SUPRA,Downward forecast trend (-0.92 σ) with Low/Moderate disruption risk. Delay chartering to capitalize on falling spot market rates.,13979.0,-18.95,SUCCESS (WAIT captured -18.95% price drop)
2025-12-16,supramax,Paradip,16905.0,15168.58,-1736.42,2025.41,-0.86,41.9,"SUPRA, PANA, CAPE",WAIT,SUPRA,Downward forecast trend (-0.86 σ) with Low/Moderate disruption risk. Delay chartering to capitalize on falling spot market rates.,14038.0,-16.96,SUCCESS (WAIT captured -16.96% price drop)
2025-12-17,supramax,Paradip,16628.0,15286.07,-1341.93,2025.41,-0.66,43.4,"SUPRA, PANA, CAPE",WAIT,SUPRA,Downward forecast trend (-0.66 σ) with Low/Moderate disruption risk. Delay chartering to capitalize on falling spot market rates.,14119.0,-15.09,SUCCESS (WAIT captured -15.09% price drop)
2025-12-18,supramax,Paradip,16388.0,15138.37,-1249.63,2025.41,-0.62,43.7,"SUPRA, PANA, CAPE",WAIT,SUPRA,Downward forecast trend (-0.62 σ) with Low/Moderate disruption risk. Delay chartering to capitalize on falling spot market rates.,14131.0,-13.77,SUCCESS (WAIT captured -13.77% price drop)
2025-12-19,supramax,Paradip,15976.0,15087.1,-888.9,2025.41,-0.44,45.1,"SUPRA, PANA, CAPE",FLEXIBLE / INDEX-LINKED,SUPRA,Neutral rate trend (-0.44 σ). Maintain flexible chartering timing with floating index-linked terms.,14040.0,-12.12,NEUTRAL (Index-linked contract adjusted with -12.12% market move)
2025-12-22,supramax,Paradip,15553.0,15034.25,-518.75,2025.41,-0.26,46.4,"SUPRA, PANA, CAPE",FLEXIBLE / INDEX-LINKED,SUPRA,Neutral rate trend (-0.26 σ). Maintain flexible chartering timing with floating index-linked terms.,14177.0,-8.85,NEUTRAL (Index-linked contract adjusted with -8.85% market move)
2025-12-23,supramax,Paradip,15045.0,14752.83,-292.17,2025.41,-0.14,47.3,"SUPRA, PANA, CAPE",FLEXIBLE / INDEX-LINKED,SUPRA,Neutral rate trend (-0.14 σ). Maintain flexible chartering timing with floating index-linked terms.,14387.0,-4.37,NEUTRAL (Index-linked contract adjusted with -4.37% market move)
2025-12-24,supramax,Paradip,14623.0,14851.39,228.39,2025.41,0.11,49.2,"SUPRA, PANA, CAPE",FLEXIBLE / INDEX-LINKED,SUPRA,Neutral rate trend (0.11 σ). Maintain flexible chartering timing with floating index-linked terms.,14835.0,1.45,NEUTRAL (Index-linked contract adjusted with +1.45% market move)
2026-01-05,supramax,Paradip,12852.0,15078.64,2226.64,2025.41,1.1,56.6,"SUPRA, PANA, CAPE",BUY NOW,SUPRA,"Strong upward forecast trend (+1.10 σ) combined with elevated risk signals (Port Risk: 83.4, Disruption Risk: 10.0). Lock fixed forward rate now to secure tonnage before expected rate surge.",14816.0,15.28,SUCCESS (BUY NOW avoided +15.28% price rise)
2026-01-06,supramax,Paradip,12603.0,15549.31,2946.31,2025.41,1.45,59.3,"SUPRA, PANA, CAPE",BUY NOW,SUPRA,"Strong upward forecast trend (+1.45 σ) combined with elevated risk signals (Port Risk: 83.4, Disruption Risk: 10.0). Lock fixed forward rate now to secure tonnage before expected rate surge.",14723.0,16.82,SUCCESS (BUY NOW avoided +16.82% price rise)
2026-01-07,supramax,Paradip,12392.0,15499.21,3107.21,2025.41,1.53,59.9,"SUPRA, PANA, CAPE",BUY NOW,SUPRA,"Strong upward forecast trend (+1.53 σ) combined with elevated risk signals (Port Risk: 83.4, Disruption Risk: 10.0). Lock fixed forward rate now to secure tonnage before expected rate surge.",14902.0,20.26,SUCCESS (BUY NOW avoided +20.26% price rise)
2026-01-08,supramax,Paradip,12280.0,15589.88,3309.88,2025.41,1.63,60.6,"SUPRA, PANA, CAPE",BUY NOW,SUPRA,"Strong upward forecast trend (+1.63 σ) combined with elevated risk signals (Port Risk: 83.4, Disruption Risk: 10.0). Lock fixed forward rate now to secure tonnage before expected rate surge.",15156.0,23.42,SUCCESS (BUY NOW avoided +23.42% price rise)
2026-01-09,supramax,Paradip,12239.0,15583.62,3344.62,2025.41,1.65,60.7,"SUPRA, PANA, CAPE",BUY NOW,SUPRA,"Strong upward forecast trend (+1.65 σ) combined with elevated risk signals (Port Risk: 83.4, Disruption Risk: 10.0). Lock fixed forward rate now to secure tonnage before expected rate surge.",15502.0,26.66,SUCCESS (BUY NOW avoided +26.66% price rise)
2026-01-12,supramax,Paradip,12148.0,15614.42,3466.42,2025.41,1.71,61.2,"SUPRA, PANA, CAPE",BUY NOW,SUPRA,"Strong upward forecast trend (+1.71 σ) combined with elevated risk signals (Port Risk: 83.4, Disruption Risk: 10.0). Lock fixed forward rate now to secure tonnage before expected rate surge.",15899.0,30.88,SUCCESS (BUY NOW avoided +30.88% price rise)
2026-01-13,supramax,Paradip,12101.0,15187.31,3086.31,2025.41,1.52,59.8,"SUPRA, PANA, CAPE",BUY NOW,SUPRA,"Strong upward forecast trend (+1.52 σ) combined with elevated risk signals (Port Risk: 83.4, Disruption Risk: 10.0). Lock fixed forward rate now to secure tonnage before expected rate surge.",16577.0,36.99,SUCCESS (BUY NOW avoided +36.99% price rise)
2026-01-14,supramax,Paradip,12068.0,15117.87,3049.87,2025.41,1.51,59.6,"SUPRA, PANA, CAPE",BUY NOW,SUPRA,"Strong upward forecast trend (+1.51 σ) combined with elevated risk signals (Port Risk: 83.4, Disruption Risk: 10.0). Lock fixed forward rate now to secure tonnage before expected rate surge.",17372.0,43.95,SUCCESS (BUY NOW avoided +43.95% price rise)
2026-01-15,supramax,Paradip,12058.0,14928.8,2870.8,2025.41,1.42,59.0,"SUPRA, PANA, CAPE",BUY NOW,SUPRA,"Strong upward forecast trend (+1.42 σ) combined with elevated risk signals (Port Risk: 83.4, Disruption Risk: 10.0). Lock fixed forward rate now to secure tonnage before expected rate surge.",17891.0,48.37,SUCCESS (BUY NOW avoided +48.37% price rise)
2026-01-16,supramax,Paradip,12217.0,15175.84,2958.84,2025.41,1.46,59.3,"SUPRA, PANA, CAPE",BUY NOW,SUPRA,"Strong upward forecast trend (+1.46 σ) combined with elevated risk signals (Port Risk: 83.4, Disruption Risk: 10.0). Lock fixed forward rate now to secure tonnage before expected rate surge.",18097.0,48.13,SUCCESS (BUY NOW avoided +48.13% price rise)
2026-01-19,supramax,Paradip,12251.0,15238.5,2987.5,2025.41,1.48,59.4,"SUPRA, PANA, CAPE",BUY NOW,SUPRA,"Strong upward forecast trend (+1.48 σ) combined with elevated risk signals (Port Risk: 83.4, Disruption Risk: 10.0). Lock fixed forward rate now to secure tonnage before expected rate surge.",18150.0,48.15,SUCCESS (BUY NOW avoided +48.15% price rise)
2026-01-20,supramax,Paradip,12048.0,15166.29,3118.29,2025.41,1.54,59.9,"SUPRA, PANA, CAPE",BUY NOW,SUPRA,"Strong upward forecast trend (+1.54 σ) combined with elevated risk signals (Port Risk: 83.4, Disruption Risk: 10.0). Lock fixed forward rate now to secure tonnage before expected rate surge.",17777.0,47.55,SUCCESS (BUY NOW avoided +47.55% price rise)
2026-01-21,supramax,Paradip,12531.0,15063.7,2532.7,2025.41,1.25,57.7,"SUPRA, PANA, CAPE",BUY NOW,SUPRA,"Strong upward forecast trend (+1.25 σ) combined with elevated risk signals (Port Risk: 83.4, Disruption Risk: 10.0). Lock fixed forward rate now to secure tonnage before expected rate surge.",17399.0,38.85,SUCCESS (BUY NOW avoided +38.85% price rise)
2026-01-22,supramax,Paradip,12796.0,14761.82,1965.82,2025.41,0.97,55.6,"SUPRA, PANA, CAPE",BUY NOW,SUPRA,"Strong upward forecast trend (+0.97 σ) combined with elevated risk signals (Port Risk: 83.4, Disruption Risk: 10.0). Lock fixed forward rate now to secure tonnage before expected rate surge.",16854.0,31.71,SUCCESS (BUY NOW avoided +31.71% price rise)
2026-01-23,supramax,Paradip,13025.0,14875.42,1850.42,2025.41,0.91,55.2,"SUPRA, PANA, CAPE",BUY NOW,SUPRA,"Strong upward forecast trend (+0.91 σ) combined with elevated risk signals (Port Risk: 83.4, Disruption Risk: 10.0). Lock fixed forward rate now to secure tonnage before expected rate surge.",16637.0,27.73,SUCCESS (BUY NOW avoided +27.73% price rise)
2026-01-26,supramax,Paradip,13013.0,14993.81,1980.81,2025.41,0.98,55.7,"SUPRA, PANA, CAPE",BUY NOW,SUPRA,"Strong upward forecast trend (+0.98 σ) combined with elevated risk signals (Port Risk: 83.4, Disruption Risk: 10.0). Lock fixed forward rate now to secure tonnage before expected rate surge.",16433.0,26.28,SUCCESS (BUY NOW avoided +26.28% price rise)
2026-01-27,supramax,Paradip,13041.0,14994.56,1953.56,2025.41,0.96,55.6,"SUPRA, PANA, CAPE",BUY NOW,SUPRA,"Strong upward forecast trend (+0.96 σ) combined with elevated risk signals (Port Risk: 83.4, Disruption Risk: 10.0). Lock fixed forward rate now to secure tonnage before expected rate surge.",16341.0,25.3,SUCCESS (BUY NOW avoided +25.30% price rise)
2026-01-28,supramax,Paradip,13337.0,15052.41,1715.41,2025.41,0.85,54.7,"SUPRA, PANA, CAPE",BUY NOW,SUPRA,"Strong upward forecast trend (+0.85 σ) combined with elevated risk signals (Port Risk: 83.4, Disruption Risk: 10.0). Lock fixed forward rate now to secure tonnage before expected rate surge.",16045.0,20.3,SUCCESS (BUY NOW avoided +20.30% price rise)
2026-01-29,supramax,Paradip,13496.0,14896.8,1400.8,2025.41,0.69,53.5,"SUPRA, PANA, CAPE",FLEXIBLE / INDEX-LINKED,SUPRA,High forecast uncertainty (15.0% of price level). Utilize index-linked contract with floating rate option.,15885.0,17.7,NEUTRAL (Index-linked contract adjusted with +17.70% market move)
2026-01-30,supramax,Paradip,13621.0,15128.37,1507.37,2025.41,0.74,53.9,"SUPRA, PANA, CAPE",FLEXIBLE / INDEX-LINKED,SUPRA,Neutral rate trend (0.74 σ). Maintain flexible chartering timing with floating index-linked terms.,15604.0,14.56,NEUTRAL (Index-linked contract adjusted with +14.56% market move)
2026-02-02,supramax,Paradip,13870.0,16263.85,2393.85,2025.41,1.18,57.2,"SUPRA, PANA, CAPE",BUY NOW,SUPRA,"Strong upward forecast trend (+1.18 σ) combined with elevated risk signals (Port Risk: 83.4, Disruption Risk: 10.0). Lock fixed forward rate now to secure tonnage before expected rate surge.",15461.0,11.47,SUCCESS (BUY NOW avoided +11.47% price rise)
2026-02-03,supramax,Paradip,13952.0,15968.07,2016.07,2025.41,1.0,55.8,"SUPRA, PANA, CAPE",BUY NOW,SUPRA,"Strong upward forecast trend (+1.00 σ) combined with elevated risk signals (Port Risk: 83.4, Disruption Risk: 10.0). Lock fixed forward rate now to secure tonnage before expected rate surge.",15278.0,9.5,SUCCESS (BUY NOW avoided +9.50% price rise)
2026-02-04,supramax,Paradip,13979.0,16297.46,2318.46,2025.41,1.14,56.9,"SUPRA, PANA, CAPE",BUY NOW,SUPRA,"Strong upward forecast trend (+1.14 σ) combined with elevated risk signals (Port Risk: 83.4, Disruption Risk: 10.0). Lock fixed forward rate now to secure tonnage before expected rate surge.",15176.0,8.56,SUCCESS (BUY NOW avoided +8.56% price rise)
2026-02-05,supramax,Paradip,14038.0,16277.91,2239.91,2025.41,1.11,56.6,"SUPRA, PANA, CAPE",BUY NOW,SUPRA,"Strong upward forecast trend (+1.11 σ) combined with elevated risk signals (Port Risk: 83.4, Disruption Risk: 10.0). Lock fixed forward rate now to secure tonnage before expected rate surge.",15183.0,8.16,SUCCESS (BUY NOW avoided +8.16% price rise)
2026-02-06,supramax,Paradip,14119.0,16299.32,2180.32,2025.41,1.08,56.4,"SUPRA, PANA, CAPE",BUY NOW,SUPRA,"Strong upward forecast trend (+1.08 σ) combined with elevated risk signals (Port Risk: 83.4, Disruption Risk: 10.0). Lock fixed forward rate now to secure tonnage before expected rate surge.",15115.0,7.05,SUCCESS (BUY NOW avoided +7.05% price rise)
2026-02-09,supramax,Paradip,14131.0,16127.73,1996.73,2025.41,0.99,55.7,"SUPRA, PANA, CAPE",BUY NOW,SUPRA,"Strong upward forecast trend (+0.99 σ) combined with elevated risk signals (Port Risk: 83.4, Disruption Risk: 10.0). Lock fixed forward rate now to secure tonnage before expected rate surge.",15053.0,6.52,SUCCESS (BUY NOW avoided +6.52% price rise)
2026-02-10,supramax,Paradip,14040.0,16148.72,2108.72,2025.41,1.04,56.2,"SUPRA, PANA, CAPE",BUY NOW,SUPRA,"Strong upward forecast trend (+1.04 σ) combined with elevated risk signals (Port Risk: 83.4, Disruption Risk: 10.0). Lock fixed forward rate now to secure tonnage before expected rate surge.",15112.0,7.64,SUCCESS (BUY NOW avoided +7.64% price rise)
2026-02-11,supramax,Paradip,14177.0,16135.77,1958.77,2025.41,0.97,55.6,"SUPRA, PANA, CAPE",BUY NOW,SUPRA,"Strong upward forecast trend (+0.97 σ) combined with elevated risk signals (Port Risk: 83.4, Disruption Risk: 10.0). Lock fixed forward rate now to secure tonnage before expected rate surge.",14713.0,3.78,SUCCESS (BUY NOW avoided +3.78% price rise)
2026-02-12,supramax,Paradip,14387.0,16488.4,2101.4,2025.41,1.04,56.1,"SUPRA, PANA, CAPE",BUY NOW,SUPRA,"Strong upward forecast trend (+1.04 σ) combined with elevated risk signals (Port Risk: 83.4, Disruption Risk: 10.0). Lock fixed forward rate now to secure tonnage before expected rate surge.",14617.0,1.6,SUCCESS (BUY NOW avoided +1.60% price rise)
2026-02-13,supramax,Paradip,14835.0,16621.57,1786.57,2025.41,0.88,55.0,"SUPRA, PANA, CAPE",BUY NOW,SUPRA,"Strong upward forecast trend (+0.88 σ) combined with elevated risk signals (Port Risk: 83.4, Disruption Risk: 10.0). Lock fixed forward rate now to secure tonnage before expected rate surge.",14845.0,0.07,SUCCESS (BUY NOW avoided +0.07% price rise)
2026-02-19,supramax,Paradip,14816.0,16802.77,1986.77,2025.41,0.98,55.7,"SUPRA, PANA, CAPE",BUY NOW,SUPRA,"Strong upward forecast trend (+0.98 σ) combined with elevated risk signals (Port Risk: 83.4, Disruption Risk: 10.0). Lock fixed forward rate now to secure tonnage before expected rate surge.",15072.0,1.73,SUCCESS (BUY NOW avoided +1.73% price rise)
2026-02-20,supramax,Paradip,14723.0,17016.83,2293.83,2025.41,1.13,56.8,"SUPRA, PANA, CAPE",BUY NOW,SUPRA,"Strong upward forecast trend (+1.13 σ) combined with elevated risk signals (Port Risk: 83.4, Disruption Risk: 10.0). Lock fixed forward rate now to secure tonnage before expected rate surge.",14740.0,0.12,SUCCESS (BUY NOW avoided +0.12% price rise)
2026-02-23,supramax,Paradip,14902.0,17111.85,2209.85,2025.41,1.09,56.5,"SUPRA, PANA, CAPE",BUY NOW,SUPRA,"Strong upward forecast trend (+1.09 σ) combined with elevated risk signals (Port Risk: 83.4, Disruption Risk: 10.0). Lock fixed forward rate now to secure tonnage before expected rate surge.",14948.0,0.31,SUCCESS (BUY NOW avoided +0.31% price rise)
2026-02-24,supramax,Paradip,15156.0,17239.82,2083.82,2025.41,1.03,56.1,"SUPRA, PANA, CAPE",BUY NOW,SUPRA,"Strong upward forecast trend (+1.03 σ) combined with elevated risk signals (Port Risk: 83.4, Disruption Risk: 10.0). Lock fixed forward rate now to secure tonnage before expected rate surge.",15211.0,0.36,SUCCESS (BUY NOW avoided +0.36% price rise)
2026-02-25,supramax,Paradip,15502.0,17310.01,1808.01,2025.41,0.89,55.0,"SUPRA, PANA, CAPE",BUY NOW,SUPRA,"Strong upward forecast trend (+0.89 σ) combined with elevated risk signals (Port Risk: 83.4, Disruption Risk: 10.0). Lock fixed forward rate now to secure tonnage before expected rate surge.",15469.0,-0.21,SUBOPTIMAL (Market moved -0.21%)
2026-02-26,supramax,Paradip,15899.0,17424.4,1525.4,2025.41,0.75,54.0,"SUPRA, PANA, CAPE",BUY NOW,SUPRA,"Strong upward forecast trend (+0.75 σ) combined with elevated risk signals (Port Risk: 83.4, Disruption Risk: 10.0). Lock fixed forward rate now to secure tonnage before expected rate surge.",15859.0,-0.25,SUBOPTIMAL (Market moved -0.25%)
2026-02-27,supramax,Paradip,16577.0,17970.91,1393.91,2025.41,0.69,53.5,"SUPRA, PANA, CAPE",FLEXIBLE / INDEX-LINKED,SUPRA,Neutral rate trend (0.69 σ). Maintain flexible chartering timing with floating index-linked terms.,15950.0,-3.78,NEUTRAL (Index-linked contract adjusted with -3.78% market move)
2026-03-03,supramax,Paradip,17372.0,18585.52,1213.52,2025.41,0.6,52.8,"SUPRA, PANA, CAPE",FLEXIBLE / INDEX-LINKED,SUPRA,Neutral rate trend (0.60 σ). Maintain flexible chartering timing with floating index-linked terms.,16208.0,-6.7,NEUTRAL (Index-linked contract adjusted with -6.70% market move)
2026-03-04,supramax,Paradip,17891.0,18948.95,1057.95,2025.41,0.52,52.3,"SUPRA, PANA, CAPE",FLEXIBLE / INDEX-LINKED,SUPRA,Neutral rate trend (0.52 σ). Maintain flexible chartering timing with floating index-linked terms.,16552.0,-7.48,NEUTRAL (Index-linked contract adjusted with -7.48% market move)
2026-03-05,supramax,Paradip,18097.0,19271.74,1174.74,2025.41,0.58,52.7,"SUPRA, PANA, CAPE",FLEXIBLE / INDEX-LINKED,SUPRA,Neutral rate trend (0.58 σ). Maintain flexible chartering timing with floating index-linked terms.,17096.0,-5.53,NEUTRAL (Index-linked contract adjusted with -5.53% market move)
2026-03-06,supramax,Paradip,18150.0,19575.83,1425.83,2025.41,0.7,53.6,"SUPRA, PANA, CAPE",FLEXIBLE / INDEX-LINKED,SUPRA,Neutral rate trend (0.70 σ). Maintain flexible chartering timing with floating index-linked terms.,17476.0,-3.71,NEUTRAL (Index-linked contract adjusted with -3.71% market move)
2026-03-09,supramax,Paradip,17777.0,19148.68,1371.68,2025.41,0.68,53.4,"SUPRA, PANA, CAPE",FLEXIBLE / INDEX-LINKED,SUPRA,Neutral rate trend (0.68 σ). Maintain flexible chartering timing with floating index-linked terms.,17539.0,-1.34,NEUTRAL (Index-linked contract adjusted with -1.34% market move)
2026-03-10,supramax,Paradip,17399.0,19057.12,1658.12,2025.41,0.82,54.5,"SUPRA, PANA, CAPE",BUY NOW,SUPRA,"Strong upward forecast trend (+0.82 σ) combined with elevated risk signals (Port Risk: 83.4, Disruption Risk: 10.0). Lock fixed forward rate now to secure tonnage before expected rate surge.",17827.0,2.46,SUCCESS (BUY NOW avoided +2.46% price rise)
2026-03-11,supramax,Paradip,16854.0,19003.53,2149.53,2025.41,1.06,56.3,"SUPRA, PANA, CAPE",BUY NOW,SUPRA,"Strong upward forecast trend (+1.06 σ) combined with elevated risk signals (Port Risk: 83.4, Disruption Risk: 10.0). Lock fixed forward rate now to secure tonnage before expected rate surge.",18374.0,9.02,SUCCESS (BUY NOW avoided +9.02% price rise)
2026-03-12,supramax,Paradip,16637.0,19170.53,2533.53,2025.41,1.25,57.7,"SUPRA, PANA, CAPE",BUY NOW,SUPRA,"Strong upward forecast trend (+1.25 σ) combined with elevated risk signals (Port Risk: 83.4, Disruption Risk: 10.0). Lock fixed forward rate now to secure tonnage before expected rate surge.",19061.0,14.57,SUCCESS (BUY NOW avoided +14.57% price rise)
2026-03-13,supramax,Paradip,16433.0,19331.97,2898.97,2025.41,1.43,59.1,"SUPRA, PANA, CAPE",BUY NOW,SUPRA,"Strong upward forecast trend (+1.43 σ) combined with elevated risk signals (Port Risk: 83.4, Disruption Risk: 10.0). Lock fixed forward rate now to secure tonnage before expected rate surge.",19509.0,18.72,SUCCESS (BUY NOW avoided +18.72% price rise)
2026-03-16,supramax,Paradip,16341.0,19298.78,2957.78,2025.41,1.46,59.3,"SUPRA, PANA, CAPE",BUY NOW,SUPRA,"Strong upward forecast trend (+1.46 σ) combined with elevated risk signals (Port Risk: 83.4, Disruption Risk: 10.0). Lock fixed forward rate now to secure tonnage before expected rate surge.",19644.0,20.21,SUCCESS (BUY NOW avoided +20.21% price rise)
2026-03-17,supramax,Paradip,16045.0,18953.37,2908.37,2025.41,1.44,59.1,"SUPRA, PANA, CAPE",BUY NOW,SUPRA,"Strong upward forecast trend (+1.44 σ) combined with elevated risk signals (Port Risk: 83.4, Disruption Risk: 10.0). Lock fixed forward rate now to secure tonnage before expected rate surge.",19621.0,22.29,SUCCESS (BUY NOW avoided +22.29% price rise)
2026-03-18,supramax,Paradip,15885.0,18869.61,2984.61,2025.41,1.47,59.4,"SUPRA, PANA, CAPE",BUY NOW,SUPRA,"Strong upward forecast trend (+1.47 σ) combined with elevated risk signals (Port Risk: 83.4, Disruption Risk: 10.0). Lock fixed forward rate now to secure tonnage before expected rate surge.",19530.0,22.95,SUCCESS (BUY NOW avoided +22.95% price rise)
2026-03-19,supramax,Paradip,15604.0,18578.94,2974.94,2025.41,1.47,59.4,"SUPRA, PANA, CAPE",BUY NOW,SUPRA,"Strong upward forecast trend (+1.47 σ) combined with elevated risk signals (Port Risk: 83.4, Disruption Risk: 10.0). Lock fixed forward rate now to secure tonnage before expected rate surge.",19519.0,25.09,SUCCESS (BUY NOW avoided +25.09% price rise)
2026-03-20,supramax,Paradip,15461.0,18882.19,3421.19,2025.41,1.69,61.0,"SUPRA, PANA, CAPE",BUY NOW,SUPRA,"Strong upward forecast trend (+1.69 σ) combined with elevated risk signals (Port Risk: 83.4, Disruption Risk: 10.0). Lock fixed forward rate now to secure tonnage before expected rate surge.",19255.0,24.54,SUCCESS (BUY NOW avoided +24.54% price rise)
2026-03-23,supramax,Paradip,15278.0,17842.36,2564.36,2025.41,1.27,57.8,"SUPRA, PANA, CAPE",BUY NOW,SUPRA,"Strong upward forecast trend (+1.27 σ) combined with elevated risk signals (Port Risk: 83.4, Disruption Risk: 10.0). Lock fixed forward rate now to secure tonnage before expected rate surge.",19340.0,26.59,SUCCESS (BUY NOW avoided +26.59% price rise)
2026-03-24,supramax,Paradip,15176.0,18112.39,2936.39,2025.41,1.45,59.2,"SUPRA, PANA, CAPE",BUY NOW,SUPRA,"Strong upward forecast trend (+1.45 σ) combined with elevated risk signals (Port Risk: 83.4, Disruption Risk: 10.0). Lock fixed forward rate now to secure tonnage before expected rate surge.",19443.0,28.12,SUCCESS (BUY NOW avoided +28.12% price rise)
2026-03-25,supramax,Paradip,15183.0,17988.02,2805.02,2025.41,1.38,58.7,"SUPRA, PANA, CAPE",BUY NOW,SUPRA,"Strong upward forecast trend (+1.38 σ) combined with elevated risk signals (Port Risk: 83.4, Disruption Risk: 10.0). Lock fixed forward rate now to secure tonnage before expected rate surge.",19482.0,28.31,SUCCESS (BUY NOW avoided +28.31% price rise)
2026-03-26,supramax,Paradip,15115.0,17843.27,2728.27,2025.41,1.35,58.5,"SUPRA, PANA, CAPE",BUY NOW,SUPRA,"Strong upward forecast trend (+1.35 σ) combined with elevated risk signals (Port Risk: 83.4, Disruption Risk: 10.0). Lock fixed forward rate now to secure tonnage before expected rate surge.",19721.0,30.47,SUCCESS (BUY NOW avoided +30.47% price rise)
2026-03-27,supramax,Paradip,15053.0,17761.0,2708.0,2025.41,1.34,58.4,"SUPRA, PANA, CAPE",BUY NOW,SUPRA,"Strong upward forecast trend (+1.34 σ) combined with elevated risk signals (Port Risk: 83.4, Disruption Risk: 10.0). Lock fixed forward rate now to secure tonnage before expected rate surge.",19733.0,31.09,SUCCESS (BUY NOW avoided +31.09% price rise)
2026-03-30,supramax,Paradip,15112.0,18080.96,2968.96,2025.41,1.47,59.3,"SUPRA, PANA, CAPE",BUY NOW,SUPRA,"Strong upward forecast trend (+1.47 σ) combined with elevated risk signals (Port Risk: 83.4, Disruption Risk: 10.0). Lock fixed forward rate now to secure tonnage before expected rate surge.",19724.0,30.52,SUCCESS (BUY NOW avoided +30.52% price rise)
2026-03-31,supramax,Paradip,14713.0,17828.39,3115.39,2025.41,1.54,59.9,"SUPRA, PANA, CAPE",BUY NOW,SUPRA,"Strong upward forecast trend (+1.54 σ) combined with elevated risk signals (Port Risk: 83.4, Disruption Risk: 10.0). Lock fixed forward rate now to secure tonnage before expected rate surge.",19817.0,34.69,SUCCESS (BUY NOW avoided +34.69% price rise)
2026-04-01,supramax,Paradip,14617.0,19367.64,4750.64,2025.41,2.35,65.9,"SUPRA, PANA, CAPE",BUY NOW,SUPRA,"Strong upward forecast trend (+2.35 σ) combined with elevated risk signals (Port Risk: 83.4, Disruption Risk: 10.0). Lock fixed forward rate now to secure tonnage before expected rate surge.",19923.0,36.3,SUCCESS (BUY NOW avoided +36.30% price rise)
2026-04-02,supramax,Paradip,14845.0,19522.41,4677.41,2025.41,2.31,65.7,"SUPRA, PANA, CAPE",BUY NOW,SUPRA,"Strong upward forecast trend (+2.31 σ) combined with elevated risk signals (Port Risk: 83.4, Disruption Risk: 10.0). Lock fixed forward rate now to secure tonnage before expected rate surge.",20086.0,35.3,SUCCESS (BUY NOW avoided +35.30% price rise)
2026-04-03,supramax,Paradip,15072.0,18761.19,3689.19,2025.41,1.82,62.0,"SUPRA, PANA, CAPE",BUY NOW,SUPRA,"Strong upward forecast trend (+1.82 σ) combined with elevated risk signals (Port Risk: 83.4, Disruption Risk: 10.0). Lock fixed forward rate now to secure tonnage before expected rate surge.",20017.0,32.81,SUCCESS (BUY NOW avoided +32.81% price rise)
2026-04-06,supramax,Paradip,14740.0,19068.26,4328.26,2025.41,2.14,64.4,"SUPRA, PANA, CAPE",BUY NOW,SUPRA,"Strong upward forecast trend (+2.14 σ) combined with elevated risk signals (Port Risk: 83.4, Disruption Risk: 10.0). Lock fixed forward rate now to secure tonnage before expected rate surge.",20076.0,36.2,SUCCESS (BUY NOW avoided +36.20% price rise)
2026-04-07,supramax,Paradip,14948.0,19628.28,4680.28,2025.41,2.31,65.7,"SUPRA, PANA, CAPE",BUY NOW,SUPRA,"Strong upward forecast trend (+2.31 σ) combined with elevated risk signals (Port Risk: 83.4, Disruption Risk: 10.0). Lock fixed forward rate now to secure tonnage before expected rate surge.",20111.0,34.54,SUCCESS (BUY NOW avoided +34.54% price rise)
2026-04-08,supramax,Paradip,15211.0,19224.55,4013.55,2025.41,1.98,63.2,"SUPRA, PANA, CAPE",BUY NOW,SUPRA,"Strong upward forecast trend (+1.98 σ) combined with elevated risk signals (Port Risk: 83.4, Disruption Risk: 10.0). Lock fixed forward rate now to secure tonnage before expected rate surge.",20170.0,32.6,SUCCESS (BUY NOW avoided +32.60% price rise)
2026-04-09,supramax,Paradip,15469.0,19531.99,4062.99,2025.41,2.01,63.4,"SUPRA, PANA, CAPE",BUY NOW,SUPRA,"Strong upward forecast trend (+2.01 σ) combined with elevated risk signals (Port Risk: 83.4, Disruption Risk: 10.0). Lock fixed forward rate now to secure tonnage before expected rate surge.",20198.0,30.57,SUCCESS (BUY NOW avoided +30.57% price rise)
2026-04-10,supramax,Paradip,15859.0,19093.22,3234.22,2025.41,1.6,60.3,"SUPRA, PANA, CAPE",BUY NOW,SUPRA,"Strong upward forecast trend (+1.60 σ) combined with elevated risk signals (Port Risk: 83.4, Disruption Risk: 10.0). Lock fixed forward rate now to secure tonnage before expected rate surge.",20066.0,26.53,SUCCESS (BUY NOW avoided +26.53% price rise)
2026-04-13,supramax,Paradip,15950.0,19102.66,3152.66,2025.41,1.56,60.0,"SUPRA, PANA, CAPE",BUY NOW,SUPRA,"Strong upward forecast trend (+1.56 σ) combined with elevated risk signals (Port Risk: 83.4, Disruption Risk: 10.0). Lock fixed forward rate now to secure tonnage before expected rate surge.",19983.0,25.29,SUCCESS (BUY NOW avoided +25.29% price rise)
2026-04-14,supramax,Paradip,16208.0,18938.58,2730.58,2025.41,1.35,58.5,"SUPRA, PANA, CAPE",BUY NOW,SUPRA,"Strong upward forecast trend (+1.35 σ) combined with elevated risk signals (Port Risk: 83.4, Disruption Risk: 10.0). Lock fixed forward rate now to secure tonnage before expected rate surge.",19976.0,23.25,SUCCESS (BUY NOW avoided +23.25% price rise)
2026-04-15,supramax,Paradip,16552.0,18913.88,2361.88,2025.41,1.17,57.1,"SUPRA, PANA, CAPE",BUY NOW,SUPRA,"Strong upward forecast trend (+1.17 σ) combined with elevated risk signals (Port Risk: 83.4, Disruption Risk: 10.0). Lock fixed forward rate now to secure tonnage before expected rate surge.",20001.0,20.84,SUCCESS (BUY NOW avoided +20.84% price rise)
2026-04-16,supramax,Paradip,17096.0,19381.01,2285.01,2025.41,1.13,56.8,"SUPRA, PANA, CAPE",BUY NOW,SUPRA,"Strong upward forecast trend (+1.13 σ) combined with elevated risk signals (Port Risk: 83.4, Disruption Risk: 10.0). Lock fixed forward rate now to secure tonnage before expected rate surge.",20075.0,17.43,SUCCESS (BUY NOW avoided +17.43% price rise)
2026-04-17,supramax,Paradip,17476.0,18961.41,1485.41,2025.41,0.73,53.9,"SUPRA, PANA, CAPE",FLEXIBLE / INDEX-LINKED,SUPRA,Neutral rate trend (0.73 σ). Maintain flexible chartering timing with floating index-linked terms.,20105.0,15.04,NEUTRAL (Index-linked contract adjusted with +15.04% market move)
2026-04-20,supramax,Paradip,17539.0,19026.37,1487.37,2025.41,0.73,53.9,"SUPRA, PANA, CAPE",FLEXIBLE / INDEX-LINKED,SUPRA,Neutral rate trend (0.73 σ). Maintain flexible chartering timing with floating index-linked terms.,20077.0,14.47,NEUTRAL (Index-linked contract adjusted with +14.47% market move)
2026-04-21,supramax,Paradip,17827.0,18910.7,1083.7,2025.41,0.54,52.4,"SUPRA, PANA, CAPE",FLEXIBLE / INDEX-LINKED,SUPRA,Neutral rate trend (0.54 σ). Maintain flexible chartering timing with floating index-linked terms.,20253.0,13.61,NEUTRAL (Index-linked contract adjusted with +13.61% market move)
2026-04-22,supramax,Paradip,18374.0,18876.31,502.31,2025.41,0.25,50.2,"SUPRA, PANA, CAPE",FLEXIBLE / INDEX-LINKED,SUPRA,Neutral rate trend (0.25 σ). Maintain flexible chartering timing with floating index-linked terms.,20380.0,10.92,NEUTRAL (Index-linked contract adjusted with +10.92% market move)
2026-04-23,supramax,Paradip,19061.0,19309.05,248.05,2025.41,0.12,49.3,"SUPRA, PANA, CAPE",FLEXIBLE / INDEX-LINKED,SUPRA,Neutral rate trend (0.12 σ). Maintain flexible chartering timing with floating index-linked terms.,20500.0,7.55,NEUTRAL (Index-linked contract adjusted with +7.55% market move)
2026-04-24,supramax,Paradip,19509.0,19321.83,-187.17,2025.41,-0.09,47.7,"SUPRA, PANA, CAPE",FLEXIBLE / INDEX-LINKED,SUPRA,Neutral rate trend (-0.09 σ). Maintain flexible chartering timing with floating index-linked terms.,20648.0,5.84,NEUTRAL (Index-linked contract adjusted with +5.84% market move)
2026-04-27,supramax,Paradip,19644.0,19653.53,9.53,2025.41,0.0,48.4,"SUPRA, PANA, CAPE",FLEXIBLE / INDEX-LINKED,SUPRA,Neutral rate trend (0.00 σ). Maintain flexible chartering timing with floating index-linked terms.,20701.0,5.38,NEUTRAL (Index-linked contract adjusted with +5.38% market move)
2026-04-28,supramax,Paradip,19621.0,20169.2,548.2,2025.41,0.27,50.4,"SUPRA, PANA, CAPE",FLEXIBLE / INDEX-LINKED,SUPRA,Neutral rate trend (0.27 σ). Maintain flexible chartering timing with floating index-linked terms.,20841.0,6.22,NEUTRAL (Index-linked contract adjusted with +6.22% market move)
2026-04-29,supramax,Paradip,19530.0,20277.63,747.63,2025.41,0.37,51.1,"SUPRA, PANA, CAPE",FLEXIBLE / INDEX-LINKED,SUPRA,Neutral rate trend (0.37 σ). Maintain flexible chartering timing with floating index-linked terms.,21091.0,7.99,NEUTRAL (Index-linked contract adjusted with +7.99% market move)
2026-04-30,supramax,Paradip,19519.0,20179.83,660.83,2025.41,0.33,50.8,"SUPRA, PANA, CAPE",FLEXIBLE / INDEX-LINKED,SUPRA,Neutral rate trend (0.33 σ). Maintain flexible chartering timing with floating index-linked terms.,21379.0,9.53,NEUTRAL (Index-linked contract adjusted with +9.53% market move)
2026-05-06,supramax,Paradip,19255.0,20227.4,972.4,2025.41,0.48,52.0,"SUPRA, PANA, CAPE",FLEXIBLE / INDEX-LINKED,SUPRA,Neutral rate trend (0.48 σ). Maintain flexible chartering timing with floating index-linked terms.,21370.0,10.98,NEUTRAL (Index-linked contract adjusted with +10.98% market move)
2026-05-07,supramax,Paradip,19340.0,20390.21,1050.21,2025.41,0.52,52.2,"SUPRA, PANA, CAPE",FLEXIBLE / INDEX-LINKED,SUPRA,Neutral rate trend (0.52 σ). Maintain flexible chartering timing with floating index-linked terms.,21432.0,10.82,NEUTRAL (Index-linked contract adjusted with +10.82% market move)
2026-05-08,supramax,Paradip,19443.0,20425.12,982.12,2025.41,0.48,52.0,"SUPRA, PANA, CAPE",FLEXIBLE / INDEX-LINKED,SUPRA,Neutral rate trend (0.48 σ). Maintain flexible chartering timing with floating index-linked terms.,21375.0,9.94,NEUTRAL (Index-linked contract adjusted with +9.94% market move)
2026-05-11,supramax,Paradip,19482.0,20419.88,937.88,2025.41,0.46,51.8,"SUPRA, PANA, CAPE",FLEXIBLE / INDEX-LINKED,SUPRA,Neutral rate trend (0.46 σ). Maintain flexible chartering timing with floating index-linked terms.,21500.0,10.36,NEUTRAL (Index-linked contract adjusted with +10.36% market move)
2026-05-12,supramax,Paradip,19721.0,20885.16,1164.16,2025.41,0.57,52.7,"SUPRA, PANA, CAPE",FLEXIBLE / INDEX-LINKED,SUPRA,Neutral rate trend (0.57 σ). Maintain flexible chartering timing with floating index-linked terms.,21553.0,9.29,NEUTRAL (Index-linked contract adjusted with +9.29% market move)
2026-05-13,supramax,Paradip,19733.0,20965.25,1232.25,2025.41,0.61,52.9,"SUPRA, PANA, CAPE",FLEXIBLE / INDEX-LINKED,SUPRA,Neutral rate trend (0.61 σ). Maintain flexible chartering timing with floating index-linked terms.,21396.0,8.43,NEUTRAL (Index-linked contract adjusted with +8.43% market move)
2026-05-14,supramax,Paradip,19724.0,21176.8,1452.8,2025.41,0.72,53.7,"SUPRA, PANA, CAPE",FLEXIBLE / INDEX-LINKED,SUPRA,Neutral rate trend (0.72 σ). Maintain flexible chartering timing with floating index-linked terms.,21251.0,7.74,NEUTRAL (Index-linked contract adjusted with +7.74% market move)
2026-05-15,supramax,Paradip,19817.0,21107.16,1290.16,2025.41,0.64,53.1,"SUPRA, PANA, CAPE",FLEXIBLE / INDEX-LINKED,SUPRA,Neutral rate trend (0.64 σ). Maintain flexible chartering timing with floating index-linked terms.,21082.0,6.38,NEUTRAL (Index-linked contract adjusted with +6.38% market move)
2026-05-18,supramax,Paradip,19923.0,21654.77,1731.77,2025.41,0.86,54.8,"SUPRA, PANA, CAPE",BUY NOW,SUPRA,"Strong upward forecast trend (+0.86 σ) combined with elevated risk signals (Port Risk: 83.4, Disruption Risk: 10.0). Lock fixed forward rate now to secure tonnage before expected rate surge.",20907.0,4.94,SUCCESS (BUY NOW avoided +4.94% price rise)
2026-05-19,supramax,Paradip,20086.0,21545.27,1459.27,2025.41,0.72,53.8,"SUPRA, PANA, CAPE",FLEXIBLE / INDEX-LINKED,SUPRA,Neutral rate trend (0.72 σ). Maintain flexible chartering timing with floating index-linked terms.,21033.0,4.71,NEUTRAL (Index-linked contract adjusted with +4.71% market move)
2026-05-20,supramax,Paradip,20017.0,20966.24,949.24,2025.41,0.47,51.9,"SUPRA, PANA, CAPE",FLEXIBLE / INDEX-LINKED,SUPRA,Neutral rate trend (0.47 σ). Maintain flexible chartering timing with floating index-linked terms.,21110.0,5.46,NEUTRAL (Index-linked contract adjusted with +5.46% market move)
2026-05-21,supramax,Paradip,20076.0,20554.15,478.15,2025.41,0.24,50.1,"SUPRA, PANA, CAPE",FLEXIBLE / INDEX-LINKED,SUPRA,Neutral rate trend (0.24 σ). Maintain flexible chartering timing with floating index-linked terms.,21089.0,5.05,NEUTRAL (Index-linked contract adjusted with +5.05% market move)
2026-05-22,supramax,Paradip,20111.0,20707.49,596.49,2025.41,0.29,50.6,"SUPRA, PANA, CAPE",FLEXIBLE / INDEX-LINKED,SUPRA,Neutral rate trend (0.29 σ). Maintain flexible chartering timing with floating index-linked terms.,21124.0,5.04,NEUTRAL (Index-linked contract adjusted with +5.04% market move)
2026-05-26,supramax,Paradip,20170.0,20802.32,632.32,2025.41,0.31,50.7,"SUPRA, PANA, CAPE",FLEXIBLE / INDEX-LINKED,SUPRA,Neutral rate trend (0.31 σ). Maintain flexible chartering timing with floating index-linked terms.,21112.0,4.67,NEUTRAL (Index-linked contract adjusted with +4.67% market move)
2026-05-27,supramax,Paradip,20198.0,20649.16,451.16,2025.41,0.22,50.0,"SUPRA, PANA, CAPE",FLEXIBLE / INDEX-LINKED,SUPRA,Neutral rate trend (0.22 σ). Maintain flexible chartering timing with floating index-linked terms.,21109.0,4.51,NEUTRAL (Index-linked contract adjusted with +4.51% market move)
2026-05-28,supramax,Paradip,20066.0,20283.94,217.94,2025.41,0.11,49.2,"SUPRA, PANA, CAPE",FLEXIBLE / INDEX-LINKED,SUPRA,Neutral rate trend (0.11 σ). Maintain flexible chartering timing with floating index-linked terms.,21192.0,5.61,NEUTRAL (Index-linked contract adjusted with +5.61% market move)
2026-05-29,supramax,Paradip,19983.0,20376.2,393.2,2025.41,0.19,49.8,"SUPRA, PANA, CAPE",FLEXIBLE / INDEX-LINKED,SUPRA,Neutral rate trend (0.19 σ). Maintain flexible chartering timing with floating index-linked terms.,21130.0,5.74,NEUTRAL (Index-linked contract adjusted with +5.74% market move)
2026-06-01,supramax,Paradip,19976.0,20878.04,902.04,2025.41,0.45,51.7,"SUPRA, PANA, CAPE",FLEXIBLE / INDEX-LINKED,SUPRA,Neutral rate trend (0.45 σ). Maintain flexible chartering timing with floating index-linked terms.,21312.0,6.69,NEUTRAL (Index-linked contract adjusted with +6.69% market move)
2026-06-02,supramax,Paradip,20001.0,20970.74,969.74,2025.41,0.48,51.9,"SUPRA, PANA, CAPE",FLEXIBLE / INDEX-LINKED,SUPRA,Neutral rate trend (0.48 σ). Maintain flexible chartering timing with floating index-linked terms.,21378.0,6.88,NEUTRAL (Index-linked contract adjusted with +6.88% market move)
2026-06-04,supramax,Paradip,20075.0,20893.78,818.78,2025.41,0.4,51.4,"SUPRA, PANA, CAPE",FLEXIBLE / INDEX-LINKED,SUPRA,Neutral rate trend (0.40 σ). Maintain flexible chartering timing with floating index-linked terms.,21501.0,7.1,NEUTRAL (Index-linked contract adjusted with +7.10% market move)
2026-06-05,supramax,Paradip,20105.0,20989.59,884.59,2025.41,0.44,51.6,"SUPRA, PANA, CAPE",FLEXIBLE / INDEX-LINKED,SUPRA,Neutral rate trend (0.44 σ). Maintain flexible chartering timing with floating index-linked terms.,21628.0,7.58,NEUTRAL (Index-linked contract adjusted with +7.58% market move)
2026-06-08,supramax,Paradip,20077.0,20964.22,887.22,2025.41,0.44,51.6,"SUPRA, PANA, CAPE",FLEXIBLE / INDEX-LINKED,SUPRA,Neutral rate trend (0.44 σ). Maintain flexible chartering timing with floating index-linked terms.,21467.0,6.92,NEUTRAL (Index-linked contract adjusted with +6.92% market move)
2026-06-09,supramax,Paradip,20253.0,20598.58,345.58,2025.41,0.17,49.6,"SUPRA, PANA, CAPE",FLEXIBLE / INDEX-LINKED,SUPRA,Neutral rate trend (0.17 σ). Maintain flexible chartering timing with floating index-linked terms.,21349.0,5.41,NEUTRAL (Index-linked contract adjusted with +5.41% market move)
2026-06-10,supramax,Paradip,20380.0,20931.53,551.53,2025.41,0.27,50.4,"SUPRA, PANA, CAPE",FLEXIBLE / INDEX-LINKED,SUPRA,Neutral rate trend (0.27 σ). Maintain flexible chartering timing with floating index-linked terms.,21120.0,3.63,NEUTRAL (Index-linked contract adjusted with +3.63% market move)
2026-06-11,supramax,Paradip,20500.0,20767.94,267.94,2025.41,0.13,49.3,"SUPRA, PANA, CAPE",FLEXIBLE / INDEX-LINKED,SUPRA,Neutral rate trend (0.13 σ). Maintain flexible chartering timing with floating index-linked terms.,20918.0,2.04,NEUTRAL (Index-linked contract adjusted with +2.04% market move)
2026-06-12,supramax,Paradip,20648.0,20737.4,89.4,2025.41,0.04,48.7,"SUPRA, PANA, CAPE",FLEXIBLE / INDEX-LINKED,SUPRA,Neutral rate trend (0.04 σ). Maintain flexible chartering timing with floating index-linked terms.,20688.0,0.19,NEUTRAL (Index-linked contract adjusted with +0.19% market move)
2026-06-15,supramax,Paradip,20701.0,20666.6,-34.4,2025.41,-0.02,48.2,"SUPRA, PANA, CAPE",FLEXIBLE / INDEX-LINKED,SUPRA,Neutral rate trend (-0.02 σ). Maintain flexible chartering timing with floating index-linked terms.,20426.0,-1.33,NEUTRAL (Index-linked contract adjusted with -1.33% market move)
2026-06-16,supramax,Paradip,20841.0,20503.65,-337.35,2025.41,-0.17,47.1,"SUPRA, PANA, CAPE",FLEXIBLE / INDEX-LINKED,SUPRA,Neutral rate trend (-0.17 σ). Maintain flexible chartering timing with floating index-linked terms.,20108.0,-3.52,NEUTRAL (Index-linked contract adjusted with -3.52% market move)
2026-06-17,supramax,Paradip,21091.0,20627.09,-463.91,2025.41,-0.23,46.6,"SUPRA, PANA, CAPE",FLEXIBLE / INDEX-LINKED,SUPRA,Neutral rate trend (-0.23 σ). Maintain flexible chartering timing with floating index-linked terms.,19815.0,-6.05,NEUTRAL (Index-linked contract adjusted with -6.05% market move)
2026-06-18,supramax,Paradip,21379.0,20712.42,-666.58,2025.41,-0.33,45.9,"SUPRA, PANA, CAPE",FLEXIBLE / INDEX-LINKED,SUPRA,Neutral rate trend (-0.33 σ). Maintain flexible chartering timing with floating index-linked terms.,19724.0,-7.74,NEUTRAL (Index-linked contract adjusted with -7.74% market move)
2026-06-19,supramax,Paradip,21370.0,20850.18,-519.82,2025.41,-0.26,46.4,"SUPRA, PANA, CAPE",FLEXIBLE / INDEX-LINKED,SUPRA,Neutral rate trend (-0.26 σ). Maintain flexible chartering timing with floating index-linked terms.,19654.0,-8.03,NEUTRAL (Index-linked contract adjusted with -8.03% market move)
2026-06-22,supramax,Paradip,21432.0,20615.67,-816.33,2025.41,-0.4,45.3,"SUPRA, PANA, CAPE",FLEXIBLE / INDEX-LINKED,SUPRA,Neutral rate trend (-0.40 σ). Maintain flexible chartering timing with floating index-linked terms.,19659.0,-8.27,NEUTRAL (Index-linked contract adjusted with -8.27% market move)
2026-06-23,supramax,Paradip,21375.0,20143.02,-1231.98,2025.41,-0.61,43.8,"SUPRA, PANA, CAPE",WAIT,SUPRA,Downward forecast trend (-0.61 σ) with Low/Moderate disruption risk. Delay chartering to capitalize on falling spot market rates.,19607.0,-8.27,SUCCESS (WAIT captured -8.27% price drop)
2026-06-24,supramax,Paradip,21500.0,20027.75,-1472.25,2025.41,-0.73,42.9,"SUPRA, PANA, CAPE",WAIT,SUPRA,Downward forecast trend (-0.73 σ) with Low/Moderate disruption risk. Delay chartering to capitalize on falling spot market rates.,19518.0,-9.22,SUCCESS (WAIT captured -9.22% price drop)
2026-06-25,supramax,Paradip,21553.0,20215.81,-1337.19,2025.41,-0.66,43.4,"SUPRA, PANA, CAPE",WAIT,SUPRA,Downward forecast trend (-0.66 σ) with Low/Moderate disruption risk. Delay chartering to capitalize on falling spot market rates.,19464.0,-9.69,SUCCESS (WAIT captured -9.69% price drop)
2026-06-26,supramax,Paradip,21396.0,19911.74,-1484.26,2025.41,-0.73,42.9,"SUPRA, PANA, CAPE",WAIT,SUPRA,Downward forecast trend (-0.73 σ) with Low/Moderate disruption risk. Delay chartering to capitalize on falling spot market rates.,19387.0,-9.39,SUCCESS (WAIT captured -9.39% price drop)
2026-06-29,supramax,Paradip,21251.0,20324.98,-926.02,2025.41,-0.46,44.9,"SUPRA, PANA, CAPE",FLEXIBLE / INDEX-LINKED,SUPRA,Neutral rate trend (-0.46 σ). Maintain flexible chartering timing with floating index-linked terms.,19292.0,-9.22,NEUTRAL (Index-linked contract adjusted with -9.22% market move)
2026-06-30,supramax,Paradip,21082.0,20297.28,-784.72,2025.41,-0.39,45.4,"SUPRA, PANA, CAPE",FLEXIBLE / INDEX-LINKED,SUPRA,Neutral rate trend (-0.39 σ). Maintain flexible chartering timing with floating index-linked terms.,19288.0,-8.51,NEUTRAL (Index-linked contract adjusted with -8.51% market move)
2026-07-01,supramax,Paradip,20907.0,18976.48,-1930.52,2025.41,-0.95,41.2,"SUPRA, PANA, CAPE",WAIT,SUPRA,Downward forecast trend (-0.95 σ) with Low/Moderate disruption risk. Delay chartering to capitalize on falling spot market rates.,19516.0,-6.65,SUCCESS (WAIT captured -6.65% price drop)
2026-07-02,supramax,Paradip,21033.0,22203.89,1170.89,2025.41,0.58,52.7,"SUPRA, PANA, CAPE",FLEXIBLE / INDEX-LINKED,SUPRA,Neutral rate trend (0.58 σ). Maintain flexible chartering timing with floating index-linked terms.,19702.0,-6.33,NEUTRAL (Index-linked contract adjusted with -6.33% market move)
2026-07-03,supramax,Paradip,21110.0,20686.8,-423.2,2025.41,-0.21,46.8,"SUPRA, PANA, CAPE",FLEXIBLE / INDEX-LINKED,SUPRA,Neutral rate trend (-0.21 σ). Maintain flexible chartering timing with floating index-linked terms.,19801.0,-6.2,NEUTRAL (Index-linked contract adjusted with -6.20% market move)
2026-07-06,supramax,Paradip,21089.0,20360.4,-728.6,2025.41,-0.36,45.7,"SUPRA, PANA, CAPE",FLEXIBLE / INDEX-LINKED,SUPRA,Neutral rate trend (-0.36 σ). Maintain flexible chartering timing with floating index-linked terms.,19799.0,-6.12,NEUTRAL (Index-linked contract adjusted with -6.12% market move)
2026-07-07,supramax,Paradip,21124.0,20400.88,-723.12,2025.41,-0.36,45.7,"SUPRA, PANA, CAPE",FLEXIBLE / INDEX-LINKED,SUPRA,Neutral rate trend (-0.36 σ). Maintain flexible chartering timing with floating index-linked terms.,19869.0,-5.94,NEUTRAL (Index-linked contract adjusted with -5.94% market move)
2026-07-08,supramax,Paradip,21112.0,20126.81,-985.19,2025.41,-0.49,44.7,"SUPRA, PANA, CAPE",FLEXIBLE / INDEX-LINKED,SUPRA,Neutral rate trend (-0.49 σ). Maintain flexible chartering timing with floating index-linked terms.,19969.0,-5.41,NEUTRAL (Index-linked contract adjusted with -5.41% market move)
2026-07-09,supramax,Paradip,21109.0,19831.16,-1277.84,2025.41,-0.63,43.6,"SUPRA, PANA, CAPE",WAIT,SUPRA,Downward forecast trend (-0.63 σ) with Low/Moderate disruption risk. Delay chartering to capitalize on falling spot market rates.,20190.0,-4.35,SUCCESS (WAIT captured -4.35% price drop)
2026-07-10,supramax,Paradip,21192.0,20053.59,-1138.41,2025.41,-0.56,44.1,"SUPRA, PANA, CAPE",WAIT,SUPRA,Downward forecast trend (-0.56 σ) with Low/Moderate disruption risk. Delay chartering to capitalize on falling spot market rates.,20161.0,-4.87,SUCCESS (WAIT captured -4.87% price drop)
2026-07-13,supramax,Paradip,21130.0,19968.51,-1161.49,2025.41,-0.57,44.0,"SUPRA, PANA, CAPE",WAIT,SUPRA,Downward forecast trend (-0.57 σ) with Low/Moderate disruption risk. Delay chartering to capitalize on falling spot market rates.,20247.0,-4.18,SUCCESS (WAIT captured -4.18% price drop)
2026-07-14,supramax,Paradip,21312.0,20181.06,-1130.94,2025.41,-0.56,44.2,"SUPRA, PANA, CAPE",WAIT,SUPRA,Downward forecast trend (-0.56 σ) with Low/Moderate disruption risk. Delay chartering to capitalize on falling spot market rates.,20317.0,-4.67,SUCCESS (WAIT captured -4.67% price drop)
2026-07-15,supramax,Paradip,21378.0,20241.61,-1136.39,2025.41,-0.56,44.1,"SUPRA, PANA, CAPE",WAIT,SUPRA,Downward forecast trend (-0.56 σ) with Low/Moderate disruption risk. Delay chartering to capitalize on falling spot market rates.,20584.0,-3.71,SUCCESS (WAIT captured -3.71% price drop)
2026-07-16,supramax,Paradip,21501.0,19940.86,-1560.14,2025.41,-0.77,42.6,"SUPRA, PANA, CAPE",WAIT,SUPRA,Downward forecast trend (-0.77 σ) with Low/Moderate disruption risk. Delay chartering to capitalize on falling spot market rates.,20782.0,-3.34,SUCCESS (WAIT captured -3.34% price drop)
2026-07-20,supramax,Paradip,21628.0,19835.9,-1792.1,2025.41,-0.88,41.7,"SUPRA, PANA, CAPE",WAIT,SUPRA,Downward forecast trend (-0.88 σ) with Low/Moderate disruption risk. Delay chartering to capitalize on falling spot market rates.,20849.0,-3.6,SUCCESS (WAIT captured -3.60% price drop)
2026-07-21,supramax,Paradip,21467.0,19826.27,-1640.73,2025.41,-0.81,42.3,"SUPRA, PANA, CAPE",WAIT,SUPRA,Downward forecast trend (-0.81 σ) with Low/Moderate disruption risk. Delay chartering to capitalize on falling spot market rates.,20895.0,-2.66,SUCCESS (WAIT captured -2.66% price drop)
2026-07-22,supramax,Paradip,21349.0,20379.95,-969.05,2025.41,-0.48,44.8,"SUPRA, PANA, CAPE",FLEXIBLE / INDEX-LINKED,SUPRA,Neutral rate trend (-0.48 σ). Maintain flexible chartering timing with floating index-linked terms.,21013.0,-1.57,NEUTRAL (Index-linked contract adjusted with -1.57% market move)
2026-07-23,supramax,Paradip,21120.0,20542.37,-577.63,2025.41,-0.29,46.2,"SUPRA, PANA, CAPE",FLEXIBLE / INDEX-LINKED,SUPRA,Neutral rate trend (-0.29 σ). Maintain flexible chartering timing with floating index-linked terms.,21218.0,0.46,NEUTRAL (Index-linked contract adjusted with +0.46% market move)
