date,vessel,year,base_rate,true_rate,true_delta,pred_delta,tuned_thresh,decision,retained,dir_correct,cost_spot,cost_ficos,net_savings
2021-01-05,panamax,2021,12739.0,13276.0,537.0,-135.25890959968174,-64.28571428571428,WAIT,True,False,254780.0,268020.0,-13240.0
2021-01-06,panamax,2021,13276.0,13834.0,558.0,263.1999499503154,-64.28571428571428,SPOT_INDEX,False,True,265520.0,265520.0,0.0
2021-01-07,panamax,2021,13834.0,14218.0,384.0,247.4720575473318,-64.28571428571428,SPOT_INDEX,False,True,276680.0,276680.0,0.0
2021-01-08,panamax,2021,14218.0,14870.0,652.0,452.02163846515583,-64.28571428571428,SPOT_INDEX,False,True,284360.0,284360.0,0.0
2021-01-11,panamax,2021,14870.0,15087.0,217.0,475.4741715027305,-64.28571428571428,SPOT_INDEX,False,True,297400.0,297400.0,0.0
2021-01-12,panamax,2021,15087.0,15295.0,208.0,499.16805123410995,-64.28571428571428,SPOT_INDEX,False,True,301740.0,301740.0,0.0
2021-01-13,panamax,2021,15295.0,15354.0,59.0,486.1734631970293,-64.28571428571428,SPOT_INDEX,False,True,305900.0,305900.0,0.0
2021-01-14,panamax,2021,15354.0,15306.0,-48.0,178.0165539258725,-64.28571428571428,SPOT_INDEX,False,False,307080.0,307080.0,0.0
2021-01-15,panamax,2021,15306.0,15284.0,-22.0,-31.306543215061154,-64.28571428571428,SPOT_INDEX,False,True,306120.0,306120.0,0.0
2021-01-18,panamax,2021,15284.0,15261.0,-23.0,-56.36498688022655,-64.28571428571428,SPOT_INDEX,False,True,305680.0,305680.0,0.0
2021-01-19,panamax,2021,15261.0,15238.0,-23.0,-40.37534585209688,-64.28571428571428,SPOT_INDEX,False,True,305220.0,305220.0,0.0
2021-01-20,panamax,2021,15238.0,15264.0,26.0,-38.6877055286266,-64.28571428571428,SPOT_INDEX,False,False,304760.0,304760.0,0.0
2021-01-21,panamax,2021,15264.0,15232.0,-32.0,147.36753883839393,-64.28571428571428,SPOT_INDEX,False,False,305280.0,305280.0,0.0
2021-01-22,panamax,2021,15232.0,15210.0,-22.0,-68.44202403398535,-64.28571428571428,WAIT,True,True,304640.0,306700.0,-2060.0
2021-01-25,panamax,2021,15210.0,15349.0,139.0,-73.1606868292937,-64.28571428571428,WAIT,True,False,304200.0,309480.0,-5280.0
2021-01-26,panamax,2021,15349.0,15317.0,-32.0,108.83834986388894,-64.28571428571428,SPOT_INDEX,False,False,306980.0,306980.0,0.0
2021-01-27,panamax,2021,15317.0,15151.0,-166.0,-98.30171194352118,-64.28571428571428,WAIT,True,True,306340.0,305520.0,820.0
2021-01-28,panamax,2021,15151.0,15012.0,-139.0,-465.43638370699387,-64.28571428571428,WAIT,True,True,303020.0,302740.0,280.0
2021-01-29,panamax,2021,15012.0,14962.0,-50.0,-255.58845318599597,-64.28571428571428,WAIT,True,True,300240.0,301740.0,-1500.0
2021-02-01,panamax,2021,14962.0,14905.0,-57.0,-101.55676400161433,-64.28571428571428,WAIT,True,True,299240.0,300600.0,-1360.0
2021-02-02,panamax,2021,14905.0,14809.0,-96.0,-154.8416064849548,-64.28571428571428,WAIT,True,True,298100.0,298680.0,-580.0
2021-02-03,panamax,2021,14809.0,14860.0,51.0,-220.2341370888436,-64.28571428571428,WAIT,True,False,296180.0,299700.0,-3520.0
2021-02-04,panamax,2021,14860.0,14914.0,54.0,102.8208927268065,-64.28571428571428,SPOT_INDEX,False,True,297200.0,297200.0,0.0
2021-02-05,panamax,2021,14914.0,15157.0,243.0,109.34977597331934,-64.28571428571428,SPOT_INDEX,False,True,298280.0,298280.0,0.0
2021-02-08,panamax,2021,15157.0,15531.0,374.0,161.36481864356972,-64.28571428571428,SPOT_INDEX,False,True,303140.0,303140.0,0.0
2021-02-09,panamax,2021,15531.0,16090.0,559.0,157.37486298523132,-64.28571428571428,SPOT_INDEX,False,True,310620.0,310620.0,0.0
2021-02-10,panamax,2021,16090.0,17545.0,1455.0,165.32176081892564,-64.28571428571428,SPOT_INDEX,False,True,321800.0,321800.0,0.0
2021-02-15,panamax,2021,17545.0,18547.0,1002.0,238.03393209881142,-64.28571428571428,SPOT_INDEX,False,True,350900.0,350900.0,0.0
2021-02-16,panamax,2021,18547.0,21078.0,2531.0,286.44318407572763,-64.28571428571428,SPOT_INDEX,False,True,370940.0,370940.0,0.0
2021-02-17,panamax,2021,21078.0,24204.0,3126.0,517.3098224037449,-64.28571428571428,SPOT_INDEX,False,True,421560.0,421560.0,0.0
2021-02-18,panamax,2021,24204.0,23369.0,-835.0,503.70448402240027,-64.28571428571428,SPOT_INDEX,False,False,484080.0,484080.0,0.0
2021-02-19,panamax,2021,23369.0,23173.0,-196.0,-27.297240595638197,-64.28571428571428,SPOT_INDEX,False,True,467380.0,467380.0,0.0
2021-02-22,panamax,2021,23173.0,23064.0,-109.0,-176.66960694375632,-64.28571428571428,WAIT,True,True,463460.0,463780.0,-320.0
2021-02-23,panamax,2021,23064.0,23276.0,212.0,-93.86303398619384,-64.28571428571428,WAIT,True,False,461280.0,468020.0,-6740.0
2021-02-24,panamax,2021,23276.0,22981.0,-295.0,184.88783540592246,-64.28571428571428,SPOT_INDEX,False,False,465520.0,465520.0,0.0
2021-02-25,panamax,2021,22981.0,22542.0,-439.0,-171.6632326082737,-64.28571428571428,WAIT,True,True,459620.0,453340.0,6280.0
2021-02-26,panamax,2021,22542.0,21912.0,-630.0,-187.2867586131649,-64.28571428571428,WAIT,True,True,450840.0,440740.0,10100.0
2021-03-02,panamax,2021,21912.0,22392.0,480.0,-158.11170420533634,-64.28571428571428,WAIT,True,False,438240.0,450340.0,-12100.0
2021-03-03,panamax,2021,22392.0,22396.0,4.0,202.75224788018062,-64.28571428571428,SPOT_INDEX,False,True,447840.0,447840.0,0.0
2021-03-04,panamax,2021,22396.0,22976.0,580.0,43.05484713572091,-64.28571428571428,SPOT_INDEX,False,True,447920.0,447920.0,0.0
2021-03-05,panamax,2021,22976.0,23212.0,236.0,191.35254227324185,-64.28571428571428,SPOT_INDEX,False,True,459520.0,459520.0,0.0
2021-03-08,panamax,2021,23212.0,23585.0,373.0,215.64304649609608,-64.28571428571428,SPOT_INDEX,False,True,464240.0,464240.0,0.0
2021-03-09,panamax,2021,23585.0,23608.0,23.0,197.43557460587607,-64.28571428571428,SPOT_INDEX,False,True,471700.0,471700.0,0.0
2021-03-10,panamax,2021,23608.0,23466.0,-142.0,132.40513879886322,-64.28571428571428,SPOT_INDEX,False,False,472160.0,472160.0,0.0
2021-03-11,panamax,2021,23466.0,23597.0,131.0,-167.6794707391587,-64.28571428571428,WAIT,True,False,469320.0,474440.0,-5120.0
2021-03-12,panamax,2021,23597.0,24015.0,418.0,131.28558036945734,-64.28571428571428,SPOT_INDEX,False,True,471940.0,471940.0,0.0
2021-03-15,panamax,2021,24015.0,24324.0,309.0,206.35984201971115,-64.28571428571428,SPOT_INDEX,False,True,480300.0,480300.0,0.0
2021-03-16,panamax,2021,24324.0,24713.0,389.0,214.47193990400163,-64.28571428571428,SPOT_INDEX,False,True,486480.0,486480.0,0.0
2021-03-17,panamax,2021,24713.0,26648.0,1935.0,191.34268837657228,-64.28571428571428,SPOT_INDEX,False,True,494260.0,494260.0,0.0
2021-03-18,panamax,2021,26648.0,29402.0,2754.0,220.24265788666045,-64.28571428571428,SPOT_INDEX,False,True,532960.0,532960.0,0.0
2021-03-19,panamax,2021,29402.0,30559.0,1157.0,282.5772244466541,-64.28571428571428,SPOT_INDEX,False,True,588040.0,588040.0,0.0
2021-03-22,panamax,2021,30559.0,30236.0,-323.0,173.47716578526808,-64.28571428571428,SPOT_INDEX,False,False,611180.0,611180.0,0.0
2021-03-23,panamax,2021,30236.0,27985.0,-2251.0,-189.19769390449954,-64.28571428571428,WAIT,True,True,604720.0,562200.0,42520.0
2021-03-24,panamax,2021,27985.0,27007.0,-978.0,-98.32297138587178,-64.28571428571428,WAIT,True,True,559700.0,542640.0,17060.0
2021-03-25,panamax,2021,27007.0,26969.0,-38.0,-11.546493250038152,-64.28571428571428,SPOT_INDEX,False,True,540140.0,540140.0,0.0
2021-03-26,panamax,2021,26969.0,26886.0,-83.0,-214.2978615531588,-64.28571428571428,WAIT,True,True,539380.0,540220.0,-840.0
2021-03-29,panamax,2021,26886.0,26548.0,-338.0,-281.71851542156827,-64.28571428571428,WAIT,True,True,537720.0,533460.0,4260.0
2021-03-30,panamax,2021,26548.0,25424.0,-1124.0,-152.5482439789985,-64.28571428571428,WAIT,True,True,530960.0,510980.0,19980.0
2021-03-31,panamax,2021,25424.0,23996.0,-1428.0,546.8470698261212,-64.28571428571428,SPOT_INDEX,False,False,508480.0,508480.0,0.0
2021-04-01,panamax,2021,23996.0,23608.0,-388.0,431.74248878491164,-64.28571428571428,SPOT_INDEX,False,False,479920.0,479920.0,0.0
2021-04-02,panamax,2021,23608.0,23439.0,-169.0,-70.5921512362853,-64.28571428571428,WAIT,True,True,472160.0,471280.0,880.0
2021-04-06,panamax,2021,23439.0,22839.0,-600.0,-249.27013606852393,-64.28571428571428,WAIT,True,True,468780.0,459280.0,9500.0
2021-04-07,panamax,2021,22839.0,22263.0,-576.0,-50.62009062826526,-64.28571428571428,SPOT_INDEX,False,True,456780.0,456780.0,0.0
2021-04-08,panamax,2021,22263.0,21452.0,-811.0,-86.59506649301805,-64.28571428571428,WAIT,True,True,445260.0,431540.0,13720.0
2021-04-09,panamax,2021,21452.0,20513.0,-939.0,489.79558212110794,-64.28571428571428,SPOT_INDEX,False,False,429040.0,429040.0,0.0
2021-04-12,panamax,2021,20513.0,20032.0,-481.0,504.23952404652266,-64.28571428571428,SPOT_INDEX,False,False,410260.0,410260.0,0.0
2021-04-13,panamax,2021,20032.0,19385.0,-647.0,-189.61160507081146,-64.28571428571428,WAIT,True,True,400640.0,390200.0,10440.0
2021-04-14,panamax,2021,19385.0,20480.0,1095.0,173.75210601804918,-64.28571428571428,SPOT_INDEX,False,True,387700.0,387700.0,0.0
2021-04-15,panamax,2021,20480.0,21593.0,1113.0,208.44544556640142,-64.28571428571428,SPOT_INDEX,False,True,409600.0,409600.0,0.0
2021-04-16,panamax,2021,21593.0,21875.0,282.0,191.95888791641107,-64.28571428571428,SPOT_INDEX,False,True,431860.0,431860.0,0.0
2021-04-19,panamax,2021,21875.0,23092.0,1217.0,170.63980440677776,-64.28571428571428,SPOT_INDEX,False,True,437500.0,437500.0,0.0
2021-04-20,panamax,2021,23092.0,25158.0,2066.0,214.23283720497216,-64.28571428571428,SPOT_INDEX,False,True,461840.0,461840.0,0.0
2021-04-21,panamax,2021,25158.0,26315.0,1157.0,259.2015027276321,-64.28571428571428,SPOT_INDEX,False,True,503160.0,503160.0,0.0
2021-04-22,panamax,2021,26315.0,25527.0,-788.0,279.54164824605164,-64.28571428571428,SPOT_INDEX,False,False,526300.0,526300.0,0.0
2021-04-23,panamax,2021,25527.0,25411.0,-116.0,-37.27461663863629,-64.28571428571428,SPOT_INDEX,False,True,510540.0,510540.0,0.0
2021-04-26,panamax,2021,25411.0,25402.0,-9.0,-132.7121923212892,-64.28571428571428,WAIT,True,True,508220.0,510540.0,-2320.0
2021-04-27,panamax,2021,25402.0,26025.0,623.0,-101.03271844781395,-64.28571428571428,WAIT,True,False,508040.0,523000.0,-14960.0
2021-04-28,panamax,2021,26025.0,26315.0,290.0,234.90915896511552,-64.28571428571428,SPOT_INDEX,False,True,520500.0,520500.0,0.0
2021-04-29,panamax,2021,26315.0,26401.0,86.0,216.0704179998819,-64.28571428571428,SPOT_INDEX,False,True,526300.0,526300.0,0.0
2021-04-30,panamax,2021,26401.0,26540.0,139.0,106.96917240191051,-64.28571428571428,SPOT_INDEX,False,True,528020.0,528020.0,0.0
2021-05-03,panamax,2021,26540.0,26927.0,387.0,211.5972244589318,-64.28571428571428,SPOT_INDEX,False,True,530800.0,530800.0,0.0
2021-05-04,panamax,2021,26927.0,28648.0,1721.0,203.27064665476155,-64.28571428571428,SPOT_INDEX,False,True,538540.0,538540.0,0.0
2021-05-06,panamax,2021,28648.0,29375.0,727.0,448.70021795509166,-64.28571428571428,SPOT_INDEX,False,True,572960.0,572960.0,0.0
2021-05-07,panamax,2021,29375.0,30190.0,815.0,133.09082388747237,-64.28571428571428,SPOT_INDEX,False,True,587500.0,587500.0,0.0
2021-05-10,panamax,2021,30190.0,30782.0,592.0,257.39225277325613,-64.28571428571428,SPOT_INDEX,False,True,603800.0,603800.0,0.0
2021-05-11,panamax,2021,30782.0,31208.0,426.0,239.71055366222186,-64.28571428571428,SPOT_INDEX,False,True,615640.0,615640.0,0.0
2021-05-12,panamax,2021,31208.0,30726.0,-482.0,148.83675624601617,-64.28571428571428,SPOT_INDEX,False,False,624160.0,624160.0,0.0
2021-05-13,panamax,2021,30726.0,30082.0,-644.0,-148.37350095115053,-64.28571428571428,WAIT,True,True,614520.0,604140.0,10380.0
2021-05-14,panamax,2021,30082.0,29575.0,-507.0,116.91375302590279,-64.28571428571428,SPOT_INDEX,False,False,601640.0,601640.0,0.0
2021-05-17,panamax,2021,29575.0,28964.0,-611.0,-266.0713356766924,-64.28571428571428,WAIT,True,True,591500.0,581780.0,9720.0
2021-05-18,panamax,2021,28964.0,29126.0,162.0,-270.259744110871,-64.28571428571428,WAIT,True,False,579280.0,585020.0,-5740.0
2021-05-20,panamax,2021,29126.0,29189.0,63.0,268.31165465490136,-64.28571428571428,SPOT_INDEX,False,True,582520.0,582520.0,0.0
2021-05-21,panamax,2021,29189.0,28969.0,-220.0,173.75213339960735,-64.28571428571428,SPOT_INDEX,False,False,583780.0,583780.0,0.0
2021-05-24,panamax,2021,28969.0,28829.0,-140.0,-249.17679262039647,-64.28571428571428,WAIT,True,True,579380.0,579080.0,300.0
2021-05-25,panamax,2021,28829.0,28563.0,-266.0,-224.17007981389708,-64.28571428571428,WAIT,True,True,576580.0,573760.0,2820.0
2021-05-26,panamax,2021,28563.0,28124.0,-439.0,-297.20344030925406,-64.28571428571428,WAIT,True,True,571260.0,564980.0,6280.0
2021-05-27,panamax,2021,28124.0,28015.0,-109.0,-315.98488744611166,-64.28571428571428,WAIT,True,True,562480.0,562800.0,-320.0
2021-05-28,panamax,2021,28015.0,28015.0,0.0,-231.40602642915695,-64.28571428571428,WAIT,True,False,560300.0,562800.0,-2500.0
2021-05-31,panamax,2021,28015.0,28111.0,96.0,-48.12728241840991,-64.28571428571428,SPOT_INDEX,False,False,560300.0,560300.0,0.0
2021-06-01,panamax,2021,28111.0,28546.0,435.0,261.62861036829855,-64.28571428571428,SPOT_INDEX,False,True,562220.0,562220.0,0.0
2021-06-02,panamax,2021,28546.0,28730.0,184.0,301.16556656345745,-64.28571428571428,SPOT_INDEX,False,True,570920.0,570920.0,0.0
2021-06-03,panamax,2021,28730.0,28958.0,228.0,252.4977463259682,-64.28571428571428,SPOT_INDEX,False,True,574600.0,574600.0,0.0
2021-06-04,panamax,2021,28958.0,28570.0,-388.0,255.78888696295425,-64.28571428571428,SPOT_INDEX,False,False,579160.0,579160.0,0.0
2021-06-07,panamax,2021,28570.0,28446.0,-124.0,-293.7870581189835,-64.28571428571428,WAIT,True,True,571400.0,571420.0,-20.0
2021-06-08,panamax,2021,28446.0,28714.0,268.0,-272.1753114572964,-64.28571428571428,WAIT,True,False,568920.0,576780.0,-7860.0
2021-06-09,panamax,2021,28714.0,29172.0,458.0,238.29862866917202,-64.28571428571428,SPOT_INDEX,False,True,574280.0,574280.0,0.0
2021-06-10,panamax,2021,29172.0,30192.0,1020.0,518.6918009237285,-64.28571428571428,SPOT_INDEX,False,True,583440.0,583440.0,0.0
2021-06-11,panamax,2021,30192.0,30864.0,672.0,590.1782943541928,-64.28571428571428,SPOT_INDEX,False,True,603840.0,603840.0,0.0
2021-06-14,panamax,2021,30864.0,31307.0,443.0,536.2761858662232,-64.28571428571428,SPOT_INDEX,False,True,617280.0,617280.0,0.0
2021-06-15,panamax,2021,31307.0,31825.0,518.0,495.83904631754245,-64.28571428571428,SPOT_INDEX,False,True,626140.0,626140.0,0.0
2021-06-16,panamax,2021,31825.0,32981.0,1156.0,482.4584058024968,-64.28571428571428,SPOT_INDEX,False,True,636500.0,636500.0,0.0
2021-06-17,panamax,2021,32981.0,32652.0,-329.0,447.7192556562108,-64.28571428571428,SPOT_INDEX,False,False,659620.0,659620.0,0.0
2021-06-18,panamax,2021,32652.0,32550.0,-102.0,-192.01098114304148,-64.28571428571428,WAIT,True,True,653040.0,653500.0,-460.0
2021-06-21,panamax,2021,32550.0,32347.0,-203.0,-91.59868180820799,-64.28571428571428,WAIT,True,True,651000.0,649440.0,1560.0
2021-06-22,panamax,2021,32347.0,32121.0,-226.0,-187.76477479908164,-64.28571428571428,WAIT,True,True,646940.0,644920.0,2020.0
2021-06-23,panamax,2021,32121.0,32210.0,89.0,-221.48036819425414,-64.28571428571428,WAIT,True,False,642420.0,646700.0,-4280.0
2021-06-24,panamax,2021,32210.0,32529.0,319.0,178.96451792903383,-64.28571428571428,SPOT_INDEX,False,True,644200.0,644200.0,0.0
2021-06-25,panamax,2021,32529.0,33255.0,726.0,283.84312861363634,-64.28571428571428,SPOT_INDEX,False,True,650580.0,650580.0,0.0
2021-06-28,panamax,2021,33255.0,34200.0,945.0,214.2738733678316,-64.28571428571428,SPOT_INDEX,False,True,665100.0,665100.0,0.0
2021-06-29,panamax,2021,34200.0,35192.0,992.0,191.7286607906531,-64.28571428571428,SPOT_INDEX,False,True,684000.0,684000.0,0.0
2021-06-30,panamax,2021,35192.0,36216.0,1024.0,197.53977692772673,-64.28571428571428,SPOT_INDEX,False,True,703840.0,703840.0,0.0
2021-07-01,panamax,2021,36216.0,37087.0,871.0,281.5611757709782,-64.28571428571428,SPOT_INDEX,False,True,724320.0,724320.0,0.0
2021-07-02,panamax,2021,37087.0,38077.0,990.0,229.87865855133566,-64.28571428571428,SPOT_INDEX,False,True,741740.0,741740.0,0.0
2021-07-05,panamax,2021,38077.0,37976.0,-101.0,250.5121279882527,-64.28571428571428,SPOT_INDEX,False,False,761540.0,761540.0,0.0
2021-07-06,panamax,2021,37976.0,38068.0,92.0,-227.38447120512927,-64.28571428571428,WAIT,True,False,759520.0,763860.0,-4340.0
2021-07-07,panamax,2021,38068.0,38246.0,178.0,153.34453074507712,-64.28571428571428,SPOT_INDEX,False,True,761360.0,761360.0,0.0
2021-07-08,panamax,2021,38246.0,38084.0,-162.0,251.43013261907706,-64.28571428571428,SPOT_INDEX,False,False,764920.0,764920.0,0.0
2021-07-09,panamax,2021,38084.0,37897.0,-187.0,-187.26261140610418,-64.28571428571428,WAIT,True,True,761680.0,760440.0,1240.0
2021-07-12,panamax,2021,37897.0,37731.0,-166.0,-181.06848109924252,-64.28571428571428,WAIT,True,True,757940.0,757120.0,820.0
2021-07-13,panamax,2021,37731.0,37319.0,-412.0,-470.28929095760344,-64.28571428571428,WAIT,True,True,754620.0,748880.0,5740.0
2021-07-14,panamax,2021,37319.0,35496.0,-1823.0,-160.23937566935274,-64.28571428571428,WAIT,True,True,746380.0,712420.0,33960.0
2021-07-15,panamax,2021,35496.0,34445.0,-1051.0,-95.72332831154375,-64.28571428571428,WAIT,True,True,709920.0,691400.0,18520.0
2021-07-16,panamax,2021,34445.0,34229.0,-216.0,-130.6753166695081,-64.28571428571428,WAIT,True,True,688900.0,687080.0,1820.0
2021-07-19,panamax,2021,34229.0,34058.0,-171.0,-123.12003957889402,-64.28571428571428,WAIT,True,True,684580.0,683660.0,920.0
2021-07-20,panamax,2021,34058.0,33900.0,-158.0,-120.51903991096253,-64.28571428571428,WAIT,True,True,681160.0,680500.0,660.0
2021-07-21,panamax,2021,33900.0,33859.0,-41.0,-90.73701788409302,-64.28571428571428,WAIT,True,True,678000.0,679680.0,-1680.0
2021-07-22,panamax,2021,33859.0,33942.0,83.0,-96.24335613820236,-64.28571428571428,WAIT,True,False,677180.0,681340.0,-4160.0
2021-07-23,panamax,2021,33942.0,33895.0,-47.0,161.24677757968985,-64.28571428571428,SPOT_INDEX,False,False,678840.0,678840.0,0.0
2021-07-26,panamax,2021,33895.0,33719.0,-176.0,-105.03626485584812,-64.28571428571428,WAIT,True,True,677900.0,676880.0,1020.0
2021-07-27,panamax,2021,33719.0,33502.0,-217.0,-215.8498113560339,-64.28571428571428,WAIT,True,True,674380.0,672540.0,1840.0
2021-07-28,panamax,2021,33502.0,33011.0,-491.0,-249.0314310171242,-64.28571428571428,WAIT,True,True,670040.0,662720.0,7320.0
2021-07-29,panamax,2021,33011.0,32750.0,-261.0,-203.62519634684213,-64.28571428571428,WAIT,True,True,660220.0,657500.0,2720.0
2021-07-30,panamax,2021,32750.0,32447.0,-303.0,-203.62519634684213,-64.28571428571428,WAIT,True,True,655000.0,651440.0,3560.0
2021-08-02,panamax,2021,32447.0,32464.0,17.0,-204.09684772485906,-64.28571428571428,WAIT,True,False,648940.0,651780.0,-2840.0
2021-08-03,panamax,2021,32464.0,32582.0,118.0,111.37493788868134,-64.28571428571428,SPOT_INDEX,False,True,649280.0,649280.0,0.0
2021-08-04,panamax,2021,32582.0,32740.0,158.0,185.27707418314054,-64.28571428571428,SPOT_INDEX,False,True,651640.0,651640.0,0.0
2021-08-05,panamax,2021,32740.0,32863.0,123.0,235.73854735087087,-64.28571428571428,SPOT_INDEX,False,True,654800.0,654800.0,0.0
2021-08-06,panamax,2021,32863.0,33050.0,187.0,196.88987490265026,-64.28571428571428,SPOT_INDEX,False,True,657260.0,657260.0,0.0
2021-08-09,panamax,2021,33050.0,33136.0,86.0,255.3195050596729,-64.28571428571428,SPOT_INDEX,False,True,661000.0,661000.0,0.0
2021-08-10,panamax,2021,33136.0,33369.0,233.0,189.74369544257152,-64.28571428571428,SPOT_INDEX,False,True,662720.0,662720.0,0.0
2021-08-11,panamax,2021,33369.0,33626.0,257.0,262.84838303190924,-64.28571428571428,SPOT_INDEX,False,True,667380.0,667380.0,0.0
2021-08-12,panamax,2021,33626.0,33780.0,154.0,268.1165023724102,-64.28571428571428,SPOT_INDEX,False,True,672520.0,672520.0,0.0
2021-08-13,panamax,2021,33780.0,34180.0,400.0,233.48240002147833,-64.28571428571428,SPOT_INDEX,False,True,675600.0,675600.0,0.0
2021-08-17,panamax,2021,34180.0,34645.0,465.0,334.6035438017279,-64.28571428571428,SPOT_INDEX,False,True,683600.0,683600.0,0.0
2021-08-18,panamax,2021,34645.0,35040.0,395.0,311.08424337674035,-64.28571428571428,SPOT_INDEX,False,True,692900.0,692900.0,0.0
2021-08-19,panamax,2021,35040.0,35230.0,190.0,319.01580397203657,-64.28571428571428,SPOT_INDEX,False,True,700800.0,700800.0,0.0
2021-08-20,panamax,2021,35230.0,35362.0,132.0,260.43055332662266,-64.28571428571428,SPOT_INDEX,False,True,704600.0,704600.0,0.0
2021-08-23,panamax,2021,35362.0,35677.0,315.0,173.12506895394614,-64.28571428571428,SPOT_INDEX,False,True,707240.0,707240.0,0.0
2021-08-24,panamax,2021,35677.0,36446.0,769.0,192.5235764963437,-64.28571428571428,SPOT_INDEX,False,True,713540.0,713540.0,0.0
2021-08-25,panamax,2021,36446.0,36773.0,327.0,185.71835651122404,-64.28571428571428,SPOT_INDEX,False,True,728920.0,728920.0,0.0
2021-08-26,panamax,2021,36773.0,36984.0,211.0,170.58365859295995,-64.28571428571428,SPOT_INDEX,False,True,735460.0,735460.0,0.0
2021-08-27,panamax,2021,36984.0,36997.0,13.0,177.68816308972816,-64.28571428571428,SPOT_INDEX,False,True,739680.0,739680.0,0.0
2021-08-30,panamax,2021,36997.0,37006.0,9.0,21.507585858323452,-64.28571428571428,SPOT_INDEX,False,True,739940.0,739940.0,0.0
2021-08-31,panamax,2021,37006.0,36760.0,-246.0,-51.53832475053695,-64.28571428571428,SPOT_INDEX,False,True,740120.0,740120.0,0.0
2021-09-01,panamax,2021,36760.0,36277.0,-483.0,-253.33500078513964,-64.28571428571428,WAIT,True,True,735200.0,728040.0,7160.0
2021-09-02,panamax,2021,36277.0,36035.0,-242.0,-230.73513865292054,-64.28571428571428,WAIT,True,True,725540.0,723200.0,2340.0
2021-09-03,panamax,2021,36035.0,35610.0,-425.0,-367.0302371507064,-64.28571428571428,WAIT,True,True,720700.0,714700.0,6000.0
2021-09-06,panamax,2021,35610.0,35087.0,-523.0,-264.3287192887539,-64.28571428571428,WAIT,True,True,712200.0,704240.0,7960.0
2021-09-07,panamax,2021,35087.0,34808.0,-279.0,-344.9136900115139,-64.28571428571428,WAIT,True,True,701740.0,698660.0,3080.0
2021-09-08,panamax,2021,34808.0,34728.0,-80.0,-291.14532015453267,-64.28571428571428,WAIT,True,True,696160.0,697060.0,-900.0
2021-09-09,panamax,2021,34728.0,34867.0,139.0,-347.7348505921688,-64.28571428571428,WAIT,True,False,694560.0,699840.0,-5280.0
2021-09-10,panamax,2021,34867.0,35241.0,374.0,219.8257768579138,-64.28571428571428,SPOT_INDEX,False,True,697340.0,697340.0,0.0
2021-09-13,panamax,2021,35241.0,35712.0,471.0,328.9157200518953,-64.28571428571428,SPOT_INDEX,False,True,704820.0,704820.0,0.0
2021-09-14,panamax,2021,35712.0,35895.0,183.0,341.13211098555666,-64.28571428571428,SPOT_INDEX,False,True,714240.0,714240.0,0.0
2021-09-15,panamax,2021,35895.0,36193.0,298.0,250.14100815434216,-64.28571428571428,SPOT_INDEX,False,True,717900.0,717900.0,0.0
2021-09-16,panamax,2021,36193.0,36410.0,217.0,246.8536236400099,-64.28571428571428,SPOT_INDEX,False,True,723860.0,723860.0,0.0
2021-09-17,panamax,2021,36410.0,37382.0,972.0,224.0385123344002,-64.28571428571428,SPOT_INDEX,False,True,728200.0,728200.0,0.0
2021-09-23,panamax,2021,37382.0,37405.0,23.0,293.40027622417455,-64.28571428571428,SPOT_INDEX,False,True,747640.0,747640.0,0.0
2021-09-24,panamax,2021,37405.0,37411.0,6.0,87.85717319197965,-64.28571428571428,SPOT_INDEX,False,True,748100.0,748100.0,0.0
2021-09-27,panamax,2021,37411.0,37442.0,31.0,-64.56319482283904,-64.28571428571428,WAIT,True,False,748220.0,751340.0,-3120.0
2021-09-28,panamax,2021,37442.0,37618.0,176.0,106.05524552855967,-64.28571428571428,SPOT_INDEX,False,True,748840.0,748840.0,0.0
2021-09-29,panamax,2021,37618.0,37675.0,57.0,201.517333356148,-64.28571428571428,SPOT_INDEX,False,True,752360.0,752360.0,0.0
2021-09-30,panamax,2021,37675.0,37582.0,-93.0,139.29254245660744,-64.28571428571428,SPOT_INDEX,False,False,753500.0,753500.0,0.0
2021-10-01,panamax,2021,37582.0,37465.0,-117.0,-289.2563353125831,-64.28571428571428,WAIT,True,True,751640.0,751800.0,-160.0
2021-10-05,panamax,2021,37465.0,37253.0,-212.0,-191.6769144633416,-64.28571428571428,WAIT,True,True,749300.0,747560.0,1740.0
2021-10-06,panamax,2021,37253.0,37193.0,-60.0,-214.05705096623598,-64.28571428571428,WAIT,True,True,745060.0,746360.0,-1300.0
2021-10-07,panamax,2021,37193.0,36987.0,-206.0,-70.11583688248976,-64.28571428571428,WAIT,True,True,743860.0,742240.0,1620.0
2021-10-08,panamax,2021,36987.0,37084.0,97.0,-129.88724021862805,-64.28571428571428,WAIT,True,False,739740.0,744180.0,-4440.0
2021-10-12,panamax,2021,37084.0,37195.0,111.0,171.88762622561578,-64.28571428571428,SPOT_INDEX,False,True,741680.0,741680.0,0.0
2021-10-13,panamax,2021,37195.0,37455.0,260.0,157.64997469282267,-64.28571428571428,SPOT_INDEX,False,True,743900.0,743900.0,0.0
2021-10-14,panamax,2021,37455.0,37866.0,411.0,166.32298295490557,-64.28571428571428,SPOT_INDEX,False,True,749100.0,749100.0,0.0
2021-10-15,panamax,2021,37866.0,38388.0,522.0,170.24741134110417,-64.28571428571428,SPOT_INDEX,False,True,757320.0,757320.0,0.0
2021-10-18,panamax,2021,38388.0,38546.0,158.0,190.37097059017,-64.28571428571428,SPOT_INDEX,False,True,767760.0,767760.0,0.0
2021-10-19,panamax,2021,38546.0,38738.0,192.0,619.4693535825272,-64.28571428571428,SPOT_INDEX,False,True,770920.0,770920.0,0.0
2021-10-20,panamax,2021,38738.0,39410.0,672.0,658.1023649208795,-64.28571428571428,SPOT_INDEX,False,True,774760.0,774760.0,0.0
2021-10-21,panamax,2021,39410.0,39686.0,276.0,152.29401464604297,-64.28571428571428,SPOT_INDEX,False,True,788200.0,788200.0,0.0
2021-10-22,panamax,2021,39686.0,39782.0,96.0,213.75557640035603,-64.28571428571428,SPOT_INDEX,False,True,793720.0,793720.0,0.0
2021-10-25,panamax,2021,39782.0,39733.0,-49.0,285.5573594622731,-64.28571428571428,SPOT_INDEX,False,False,795640.0,795640.0,0.0
2021-10-26,panamax,2021,39733.0,39172.0,-561.0,-23.157973415100436,-64.28571428571428,SPOT_INDEX,False,True,794660.0,794660.0,0.0
2021-10-27,panamax,2021,39172.0,37885.0,-1287.0,-326.72881702024773,-64.28571428571428,WAIT,True,True,783440.0,760200.0,23240.0
2021-10-28,panamax,2021,37885.0,36768.0,-1117.0,165.15325934432957,-64.28571428571428,SPOT_INDEX,False,False,757700.0,757700.0,0.0
2021-10-29,panamax,2021,36768.0,35822.0,-946.0,238.35209528357146,-64.28571428571428,SPOT_INDEX,False,False,735360.0,735360.0,0.0
2021-11-01,panamax,2021,35822.0,34292.0,-1530.0,221.0614994916731,-64.28571428571428,SPOT_INDEX,False,False,716440.0,716440.0,0.0
2021-11-02,panamax,2021,34292.0,30363.0,-3929.0,727.0769564032714,-64.28571428571428,SPOT_INDEX,False,False,685840.0,685840.0,0.0
2021-11-03,panamax,2021,30363.0,27634.0,-2729.0,744.8349564032715,-64.28571428571428,SPOT_INDEX,False,False,607260.0,607260.0,0.0
2021-11-04,panamax,2021,27634.0,26929.0,-705.0,744.8349564032715,-64.28571428571428,SPOT_INDEX,False,False,552680.0,552680.0,0.0
2021-11-05,panamax,2021,26929.0,26692.0,-237.0,817.2783655424099,-64.28571428571428,SPOT_INDEX,False,False,538580.0,538580.0,0.0
2021-11-08,panamax,2021,26692.0,26426.0,-266.0,647.2747102727471,-64.28571428571428,SPOT_INDEX,False,False,533840.0,533840.0,0.0
2021-11-09,panamax,2021,26426.0,26809.0,383.0,675.4076943503115,-64.28571428571428,SPOT_INDEX,False,True,528520.0,528520.0,0.0
2021-11-10,panamax,2021,26809.0,26799.0,-10.0,1349.7410478924392,-64.28571428571428,SPOT_INDEX,False,False,536180.0,536180.0,0.0
2021-11-11,panamax,2021,26799.0,26668.0,-131.0,586.9721761706113,-64.28571428571428,SPOT_INDEX,False,False,535980.0,535980.0,0.0
2021-11-12,panamax,2021,26668.0,26444.0,-224.0,-258.11815285044014,-64.28571428571428,WAIT,True,True,533360.0,531380.0,1980.0
2021-11-15,panamax,2021,26444.0,25513.0,-931.0,-249.2910777142579,-64.28571428571428,WAIT,True,True,528880.0,512760.0,16120.0
2021-11-16,panamax,2021,25513.0,24059.0,-1454.0,-77.61437057816393,-64.28571428571428,WAIT,True,True,510260.0,483680.0,26580.0
2021-11-17,panamax,2021,24059.0,22450.0,-1609.0,-81.94392877129847,-64.28571428571428,WAIT,True,True,481180.0,451500.0,29680.0
2021-11-18,panamax,2021,22450.0,21710.0,-740.0,-30.519227255313773,-64.28571428571428,SPOT_INDEX,False,True,449000.0,449000.0,0.0
2021-11-19,panamax,2021,21710.0,21494.0,-216.0,420.5733960702839,-64.28571428571428,SPOT_INDEX,False,False,434200.0,434200.0,0.0
2021-11-22,panamax,2021,21494.0,21514.0,20.0,291.051704161445,-64.28571428571428,SPOT_INDEX,False,True,429880.0,429880.0,0.0
2021-11-23,panamax,2021,21514.0,21679.0,165.0,712.8700227077913,-64.28571428571428,SPOT_INDEX,False,True,430280.0,430280.0,0.0
2021-11-24,panamax,2021,21679.0,21818.0,139.0,734.9827293669426,-64.28571428571428,SPOT_INDEX,False,True,433580.0,433580.0,0.0
2021-11-25,panamax,2021,21818.0,22392.0,574.0,80.4126726388719,-64.28571428571428,SPOT_INDEX,False,True,436360.0,436360.0,0.0
2021-11-26,panamax,2021,22392.0,23198.0,806.0,169.9483417846647,-64.28571428571428,SPOT_INDEX,False,True,447840.0,447840.0,0.0
2021-11-29,panamax,2021,23198.0,23694.0,496.0,276.75766783612886,-64.28571428571428,SPOT_INDEX,False,True,463960.0,463960.0,0.0
2021-11-30,panamax,2021,23694.0,24760.0,1066.0,246.662389691597,-64.28571428571428,SPOT_INDEX,False,True,473880.0,473880.0,0.0
2021-12-01,panamax,2021,24760.0,25506.0,746.0,331.0414550028859,-64.28571428571428,SPOT_INDEX,False,True,495200.0,495200.0,0.0
2021-12-02,panamax,2021,25506.0,26398.0,892.0,256.7506926059175,-64.28571428571428,SPOT_INDEX,False,True,510120.0,510120.0,0.0
2021-12-03,panamax,2021,26398.0,26807.0,409.0,258.9670232886176,-64.28571428571428,SPOT_INDEX,False,True,527960.0,527960.0,0.0
2021-12-06,panamax,2021,26807.0,27495.0,688.0,262.6783891343762,-64.28571428571428,SPOT_INDEX,False,True,536140.0,536140.0,0.0
2021-12-07,panamax,2021,27495.0,27809.0,314.0,344.2665129409825,-64.28571428571428,SPOT_INDEX,False,True,549900.0,549900.0,0.0
2021-12-08,panamax,2021,27809.0,27622.0,-187.0,343.47072719917463,-64.28571428571428,SPOT_INDEX,False,False,556180.0,556180.0,0.0
2021-12-09,panamax,2021,27622.0,27480.0,-142.0,-168.4207090281477,-64.28571428571428,WAIT,True,True,552440.0,552100.0,340.0
2021-12-10,panamax,2021,27480.0,27009.0,-471.0,-121.67339526914215,-64.28571428571428,WAIT,True,True,549600.0,542680.0,6920.0
2021-12-13,panamax,2021,27009.0,26578.0,-431.0,-159.7716220679875,-64.28571428571428,WAIT,True,True,540180.0,534060.0,6120.0
2021-12-14,panamax,2021,26578.0,26032.0,-546.0,-142.280586658273,-64.28571428571428,WAIT,True,True,531560.0,523140.0,8420.0
2021-12-15,panamax,2021,26032.0,25381.0,-651.0,-286.40825769669715,-64.28571428571428,WAIT,True,True,520640.0,510120.0,10520.0
2021-12-16,panamax,2021,25381.0,24130.0,-1251.0,-239.16562142138616,-64.28571428571428,WAIT,True,True,507620.0,485100.0,22520.0
2021-12-17,panamax,2021,24130.0,23342.0,-788.0,188.65707217301846,-64.28571428571428,SPOT_INDEX,False,False,482600.0,482600.0,0.0
2021-12-20,panamax,2021,23342.0,22964.0,-378.0,317.5418760556412,-64.28571428571428,SPOT_INDEX,False,False,466840.0,466840.0,0.0
2021-12-21,panamax,2021,22964.0,22678.0,-286.0,223.34193222651368,-64.28571428571428,SPOT_INDEX,False,False,459280.0,459280.0,0.0
2021-12-22,panamax,2021,22678.0,22780.0,102.0,237.0151682825676,-64.28571428571428,SPOT_INDEX,False,True,453560.0,453560.0,0.0
2021-12-23,panamax,2021,22780.0,22946.0,166.0,679.6802739766472,-64.28571428571428,SPOT_INDEX,False,True,455600.0,455600.0,0.0
2021-12-24,panamax,2021,22946.0,25054.0,2108.0,206.96410799815393,-64.28571428571428,SPOT_INDEX,False,True,458920.0,458920.0,0.0
2021-01-05,supramax,2021,11019.0,10981.0,-38.0,-174.5984826138599,-300.0,SPOT_INDEX,False,True,220380.0,220380.0,0.0
2021-01-06,supramax,2021,10981.0,11090.0,109.0,-39.208763838579095,-300.0,SPOT_INDEX,False,False,219620.0,219620.0,0.0
2021-01-07,supramax,2021,11090.0,11121.0,31.0,76.29178894929284,-300.0,SPOT_INDEX,False,True,221800.0,221800.0,0.0
2021-01-08,supramax,2021,11121.0,11215.0,94.0,46.62618885977157,-300.0,SPOT_INDEX,False,True,222420.0,222420.0,0.0
2021-01-11,supramax,2021,11215.0,11380.0,165.0,95.69833170790193,-300.0,SPOT_INDEX,False,True,224300.0,224300.0,0.0
2021-01-12,supramax,2021,11380.0,11572.0,192.0,164.06298773135387,-300.0,SPOT_INDEX,False,True,227600.0,227600.0,0.0
2021-01-13,supramax,2021,11572.0,11613.0,41.0,164.04851254689348,-300.0,SPOT_INDEX,False,True,231440.0,231440.0,0.0
2021-01-14,supramax,2021,11613.0,11712.0,99.0,94.34987094598453,-300.0,SPOT_INDEX,False,True,232260.0,232260.0,0.0
2021-01-15,supramax,2021,11712.0,11903.0,191.0,109.56785341861931,-300.0,SPOT_INDEX,False,True,234240.0,234240.0,0.0
2021-01-18,supramax,2021,11903.0,12111.0,208.0,102.06486366396133,-300.0,SPOT_INDEX,False,True,238060.0,238060.0,0.0
2021-01-19,supramax,2021,12111.0,12168.0,57.0,94.93772803326321,-300.0,SPOT_INDEX,False,True,242220.0,242220.0,0.0
2021-01-20,supramax,2021,12168.0,12498.0,330.0,56.49547481634832,-300.0,SPOT_INDEX,False,True,243360.0,243360.0,0.0
2021-01-21,supramax,2021,12498.0,12651.0,153.0,101.79971408091168,-300.0,SPOT_INDEX,False,True,249960.0,249960.0,0.0
2021-01-22,supramax,2021,12651.0,12680.0,29.0,80.90000571019314,-300.0,SPOT_INDEX,False,True,253020.0,253020.0,0.0
2021-01-25,supramax,2021,12680.0,12806.0,126.0,29.541438534617605,-300.0,SPOT_INDEX,False,True,253600.0,253600.0,0.0
2021-01-26,supramax,2021,12806.0,12838.0,32.0,104.875495964607,-300.0,SPOT_INDEX,False,True,256120.0,256120.0,0.0
2021-01-27,supramax,2021,12838.0,12792.0,-46.0,21.62649917065122,-300.0,SPOT_INDEX,False,False,256760.0,256760.0,0.0
2021-01-28,supramax,2021,12792.0,12752.0,-40.0,-47.71403128478304,-300.0,SPOT_INDEX,False,True,255840.0,255840.0,0.0
2021-01-29,supramax,2021,12752.0,12711.0,-41.0,-56.060422506617996,-300.0,SPOT_INDEX,False,True,255040.0,255040.0,0.0
2021-02-01,supramax,2021,12711.0,12614.0,-97.0,-40.07047179641253,-300.0,SPOT_INDEX,False,True,254220.0,254220.0,0.0
2021-02-02,supramax,2021,12614.0,12585.0,-29.0,-185.1316206443471,-300.0,SPOT_INDEX,False,True,252280.0,252280.0,0.0
2021-02-03,supramax,2021,12585.0,12575.0,-10.0,-147.66695642268644,-300.0,SPOT_INDEX,False,True,251700.0,251700.0,0.0
2021-02-04,supramax,2021,12575.0,12561.0,-14.0,-42.97897272943041,-300.0,SPOT_INDEX,False,True,251500.0,251500.0,0.0
2021-02-05,supramax,2021,12561.0,12601.0,40.0,-56.28890237809137,-300.0,SPOT_INDEX,False,False,251220.0,251220.0,0.0
2021-02-08,supramax,2021,12601.0,12629.0,28.0,52.92396714772183,-300.0,SPOT_INDEX,False,True,252020.0,252020.0,0.0
2021-02-09,supramax,2021,12629.0,12701.0,72.0,0.8990700927818736,-300.0,SPOT_INDEX,False,True,252580.0,252580.0,0.0
2021-02-10,supramax,2021,12701.0,12905.0,204.0,60.30128696078172,-300.0,SPOT_INDEX,False,True,254020.0,254020.0,0.0
2021-02-15,supramax,2021,12905.0,13004.0,99.0,134.43739998380363,-300.0,SPOT_INDEX,False,True,258100.0,258100.0,0.0
2021-02-16,supramax,2021,13004.0,13635.0,631.0,106.0706907725805,-300.0,SPOT_INDEX,False,True,260080.0,260080.0,0.0
2021-02-17,supramax,2021,13635.0,15049.0,1414.0,168.08564987677593,-300.0,SPOT_INDEX,False,True,272700.0,272700.0,0.0
2021-02-18,supramax,2021,15049.0,15867.0,818.0,188.950901339999,-300.0,SPOT_INDEX,False,True,300980.0,300980.0,0.0
2021-02-19,supramax,2021,15867.0,16262.0,395.0,153.1825968158473,-300.0,SPOT_INDEX,False,True,317340.0,317340.0,0.0
2021-02-22,supramax,2021,16262.0,17183.0,921.0,157.5116870814884,-300.0,SPOT_INDEX,False,True,325240.0,325240.0,0.0
2021-02-23,supramax,2021,17183.0,18196.0,1013.0,153.58947794491667,-300.0,SPOT_INDEX,False,True,343660.0,343660.0,0.0
2021-02-24,supramax,2021,18196.0,18687.0,491.0,601.7061659807024,-300.0,SPOT_INDEX,False,True,363920.0,363920.0,0.0
2021-02-25,supramax,2021,18687.0,18830.0,143.0,585.7257944178461,-300.0,SPOT_INDEX,False,True,373740.0,373740.0,0.0
2021-02-26,supramax,2021,18830.0,19304.0,474.0,111.21810334633228,-300.0,SPOT_INDEX,False,True,376600.0,376600.0,0.0
2021-03-02,supramax,2021,19304.0,19845.0,541.0,59.33322583611517,-300.0,SPOT_INDEX,False,True,386080.0,386080.0,0.0
2021-03-03,supramax,2021,19845.0,20808.0,963.0,115.46709742175248,-300.0,SPOT_INDEX,False,True,396900.0,396900.0,0.0
2021-03-04,supramax,2021,20808.0,21395.0,587.0,81.05788079029575,-300.0,SPOT_INDEX,False,True,416160.0,416160.0,0.0
2021-03-05,supramax,2021,21395.0,21618.0,223.0,544.2401673352094,-300.0,SPOT_INDEX,False,True,427900.0,427900.0,0.0
2021-03-08,supramax,2021,21618.0,22371.0,753.0,542.4340916417983,-300.0,SPOT_INDEX,False,True,432360.0,432360.0,0.0
2021-03-09,supramax,2021,22371.0,23220.0,849.0,560.9415393425586,-300.0,SPOT_INDEX,False,True,447420.0,447420.0,0.0
2021-03-10,supramax,2021,23220.0,23950.0,730.0,540.1798375448718,-300.0,SPOT_INDEX,False,True,464400.0,464400.0,0.0
2021-03-11,supramax,2021,23950.0,24517.0,567.0,524.6592893163904,-300.0,SPOT_INDEX,False,True,479000.0,479000.0,0.0
2021-03-12,supramax,2021,24517.0,25270.0,753.0,565.0270386611086,-300.0,SPOT_INDEX,False,True,490340.0,490340.0,0.0
2021-03-15,supramax,2021,25270.0,25624.0,354.0,599.9406443257324,-300.0,SPOT_INDEX,False,True,505400.0,505400.0,0.0
2021-03-16,supramax,2021,25624.0,25769.0,145.0,571.0228087043918,-300.0,SPOT_INDEX,False,True,512480.0,512480.0,0.0
2021-03-17,supramax,2021,25769.0,26155.0,386.0,142.5307361996858,-300.0,SPOT_INDEX,False,True,515380.0,515380.0,0.0
2021-03-18,supramax,2021,26155.0,26983.0,828.0,226.9831618798184,-300.0,SPOT_INDEX,False,True,523100.0,523100.0,0.0
2021-03-19,supramax,2021,26983.0,26846.0,-137.0,218.8180352521119,-300.0,SPOT_INDEX,False,False,539660.0,539660.0,0.0
2021-03-22,supramax,2021,26846.0,27230.0,384.0,-20.73610600052627,-300.0,SPOT_INDEX,False,False,536920.0,536920.0,0.0
2021-03-23,supramax,2021,27230.0,26673.0,-557.0,151.73239176209066,-300.0,SPOT_INDEX,False,False,544600.0,544600.0,0.0
2021-03-24,supramax,2021,26673.0,26199.0,-474.0,-213.07263391226076,-300.0,SPOT_INDEX,False,True,533460.0,533460.0,0.0
2021-03-25,supramax,2021,26199.0,25314.0,-885.0,-219.36492713288632,-300.0,SPOT_INDEX,False,True,523980.0,523980.0,0.0
2021-03-26,supramax,2021,25314.0,24715.0,-599.0,-213.93468648721745,-300.0,SPOT_INDEX,False,True,506280.0,506280.0,0.0
2021-03-29,supramax,2021,24715.0,23796.0,-919.0,-280.36602796137936,-300.0,SPOT_INDEX,False,True,494300.0,494300.0,0.0
2021-03-30,supramax,2021,23796.0,22888.0,-908.0,70.93911646869623,-300.0,SPOT_INDEX,False,False,475920.0,475920.0,0.0
2021-03-31,supramax,2021,22888.0,22526.0,-362.0,40.45347534712529,-300.0,SPOT_INDEX,False,False,457760.0,457760.0,0.0
2021-04-01,supramax,2021,22526.0,22536.0,10.0,195.9569618910267,-300.0,SPOT_INDEX,False,True,450520.0,450520.0,0.0
2021-04-02,supramax,2021,22536.0,22161.0,-375.0,-38.96409954532352,-300.0,SPOT_INDEX,False,True,450720.0,450720.0,0.0
2021-04-06,supramax,2021,22161.0,22069.0,-92.0,-413.6446685487034,-300.0,WAIT,True,True,443220.0,443880.0,-660.0
2021-04-07,supramax,2021,22069.0,22141.0,72.0,-212.08169653720563,-300.0,SPOT_INDEX,False,False,441380.0,441380.0,0.0
2021-04-08,supramax,2021,22141.0,22070.0,-71.0,6.258010321387832,-300.0,SPOT_INDEX,False,False,442820.0,442820.0,0.0
2021-04-09,supramax,2021,22070.0,22261.0,191.0,-149.1185486301529,-300.0,SPOT_INDEX,False,False,441400.0,441400.0,0.0
2021-04-12,supramax,2021,22261.0,22262.0,1.0,48.938680564679636,-300.0,SPOT_INDEX,False,True,445220.0,445220.0,0.0
2021-04-13,supramax,2021,22262.0,22412.0,150.0,-20.81134702168075,-300.0,SPOT_INDEX,False,False,445240.0,445240.0,0.0
2021-04-14,supramax,2021,22412.0,22497.0,85.0,29.020586239318774,-300.0,SPOT_INDEX,False,True,448240.0,448240.0,0.0
2021-04-15,supramax,2021,22497.0,22706.0,209.0,72.65162353046209,-300.0,SPOT_INDEX,False,True,449940.0,449940.0,0.0
2021-04-16,supramax,2021,22706.0,22787.0,81.0,86.92605525473635,-300.0,SPOT_INDEX,False,True,454120.0,454120.0,0.0
2021-04-19,supramax,2021,22787.0,22989.0,202.0,82.08498205944885,-300.0,SPOT_INDEX,False,True,455740.0,455740.0,0.0
2021-04-20,supramax,2021,22989.0,23112.0,123.0,168.4280859989223,-300.0,SPOT_INDEX,False,True,459780.0,459780.0,0.0
2021-04-21,supramax,2021,23112.0,23753.0,641.0,164.33789585001986,-300.0,SPOT_INDEX,False,True,462240.0,462240.0,0.0
2021-04-22,supramax,2021,23753.0,24179.0,426.0,225.52322527641851,-300.0,SPOT_INDEX,False,True,475060.0,475060.0,0.0
2021-04-23,supramax,2021,24179.0,24468.0,289.0,157.37721856861313,-300.0,SPOT_INDEX,False,True,483580.0,483580.0,0.0
2021-04-26,supramax,2021,24468.0,24796.0,328.0,161.41810203048053,-300.0,SPOT_INDEX,False,True,489360.0,489360.0,0.0
2021-04-27,supramax,2021,24796.0,25040.0,244.0,196.66327212800243,-300.0,SPOT_INDEX,False,True,495920.0,495920.0,0.0
2021-04-28,supramax,2021,25040.0,25048.0,8.0,227.28771298319623,-300.0,SPOT_INDEX,False,True,500800.0,500800.0,0.0
2021-04-29,supramax,2021,25048.0,25039.0,-9.0,132.92096738032248,-300.0,SPOT_INDEX,False,False,500960.0,500960.0,0.0
2021-04-30,supramax,2021,25039.0,25567.0,528.0,47.69085242635854,-300.0,SPOT_INDEX,False,True,500780.0,500780.0,0.0
2021-05-03,supramax,2021,25567.0,25765.0,198.0,129.3666620763277,-300.0,SPOT_INDEX,False,True,511340.0,511340.0,0.0
2021-05-04,supramax,2021,25765.0,25681.0,-84.0,150.50099262099602,-300.0,SPOT_INDEX,False,False,515300.0,515300.0,0.0
2021-05-06,supramax,2021,25681.0,26198.0,517.0,-10.164960514885793,-300.0,SPOT_INDEX,False,False,513620.0,513620.0,0.0
2021-05-07,supramax,2021,26198.0,26680.0,482.0,234.50315354726263,-300.0,SPOT_INDEX,False,True,523960.0,523960.0,0.0
2021-05-10,supramax,2021,26680.0,27471.0,791.0,246.06255465712727,-300.0,SPOT_INDEX,False,True,533600.0,533600.0,0.0
2021-05-11,supramax,2021,27471.0,27889.0,418.0,239.9267928169456,-300.0,SPOT_INDEX,False,True,549420.0,549420.0,0.0
2021-05-12,supramax,2021,27889.0,28101.0,212.0,221.93984204762512,-300.0,SPOT_INDEX,False,True,557780.0,557780.0,0.0
2021-05-13,supramax,2021,28101.0,28296.0,195.0,189.03714517078143,-300.0,SPOT_INDEX,False,True,562020.0,562020.0,0.0
2021-05-14,supramax,2021,28296.0,28383.0,87.0,159.4305096208529,-300.0,SPOT_INDEX,False,True,565920.0,565920.0,0.0
2021-05-17,supramax,2021,28383.0,28202.0,-181.0,36.40157018787226,-300.0,SPOT_INDEX,False,False,567660.0,567660.0,0.0
2021-05-18,supramax,2021,28202.0,28396.0,194.0,-33.07137668052055,-300.0,SPOT_INDEX,False,False,564040.0,564040.0,0.0
2021-05-20,supramax,2021,28396.0,28074.0,-322.0,85.07260339754211,-300.0,SPOT_INDEX,False,False,567920.0,567920.0,0.0
2021-05-21,supramax,2021,28074.0,27921.0,-153.0,-238.26379840918517,-300.0,SPOT_INDEX,False,True,561480.0,561480.0,0.0
2021-05-24,supramax,2021,27921.0,27839.0,-82.0,-78.40924071759831,-300.0,SPOT_INDEX,False,True,558420.0,558420.0,0.0
2021-05-25,supramax,2021,27839.0,28020.0,181.0,-57.4324471835665,-300.0,SPOT_INDEX,False,False,556780.0,556780.0,0.0
2021-05-26,supramax,2021,28020.0,27863.0,-157.0,42.288764248695024,-300.0,SPOT_INDEX,False,False,560400.0,560400.0,0.0
2021-05-27,supramax,2021,27863.0,27619.0,-244.0,-243.8534856447389,-300.0,SPOT_INDEX,False,True,557260.0,557260.0,0.0
2021-05-28,supramax,2021,27619.0,26985.0,-634.0,-475.74921913754787,-300.0,WAIT,True,True,552380.0,542200.0,10180.0
2021-05-31,supramax,2021,26985.0,26631.0,-354.0,-500.08230394822414,-300.0,WAIT,True,True,539700.0,535120.0,4580.0
2021-06-01,supramax,2021,26631.0,26224.0,-407.0,-543.8782356916308,-300.0,WAIT,True,True,532620.0,526980.0,5640.0
2021-06-02,supramax,2021,26224.0,25958.0,-266.0,-538.5271192641987,-300.0,WAIT,True,True,524480.0,521660.0,2820.0
2021-06-03,supramax,2021,25958.0,25808.0,-150.0,-522.4675580864761,-300.0,WAIT,True,True,519160.0,518660.0,500.0
2021-06-04,supramax,2021,25808.0,25866.0,58.0,-323.59017651282454,-300.0,WAIT,True,False,516160.0,519820.0,-3660.0
2021-06-07,supramax,2021,25866.0,25764.0,-102.0,-31.391870550587957,-300.0,SPOT_INDEX,False,True,517320.0,517320.0,0.0
2021-06-08,supramax,2021,25764.0,25754.0,-10.0,-149.64269516590304,-300.0,SPOT_INDEX,False,True,515280.0,515280.0,0.0
2021-06-09,supramax,2021,25754.0,25987.0,233.0,-21.511367870571476,-300.0,SPOT_INDEX,False,False,515080.0,515080.0,0.0
2021-06-10,supramax,2021,25987.0,26210.0,223.0,102.82788414069306,-300.0,SPOT_INDEX,False,True,519740.0,519740.0,0.0
2021-06-11,supramax,2021,26210.0,26460.0,250.0,150.41336920278522,-300.0,SPOT_INDEX,False,True,524200.0,524200.0,0.0
2021-06-14,supramax,2021,26460.0,26590.0,130.0,159.23528190025365,-300.0,SPOT_INDEX,False,True,529200.0,529200.0,0.0
2021-06-15,supramax,2021,26590.0,27276.0,686.0,172.37132814490894,-300.0,SPOT_INDEX,False,True,531800.0,531800.0,0.0
2021-06-16,supramax,2021,27276.0,27855.0,579.0,201.65893862404573,-300.0,SPOT_INDEX,False,True,545520.0,545520.0,0.0
2021-06-17,supramax,2021,27855.0,28117.0,262.0,211.87145021211916,-300.0,SPOT_INDEX,False,True,557100.0,557100.0,0.0
2021-06-18,supramax,2021,28117.0,28298.0,181.0,163.23955647773118,-300.0,SPOT_INDEX,False,True,562340.0,562340.0,0.0
2021-06-21,supramax,2021,28298.0,28358.0,60.0,158.38018658186942,-300.0,SPOT_INDEX,False,True,565960.0,565960.0,0.0
2021-06-22,supramax,2021,28358.0,28429.0,71.0,60.24480351887988,-300.0,SPOT_INDEX,False,True,567160.0,567160.0,0.0
2021-06-23,supramax,2021,28429.0,28797.0,368.0,31.058145100566954,-300.0,SPOT_INDEX,False,True,568580.0,568580.0,0.0
2021-06-24,supramax,2021,28797.0,29655.0,858.0,141.48364231618405,-300.0,SPOT_INDEX,False,True,575940.0,575940.0,0.0
2021-06-25,supramax,2021,29655.0,30032.0,377.0,145.49327911230384,-300.0,SPOT_INDEX,False,True,593100.0,593100.0,0.0
2021-06-28,supramax,2021,30032.0,30336.0,304.0,138.0074344364342,-300.0,SPOT_INDEX,False,True,600640.0,600640.0,0.0
2021-06-29,supramax,2021,30336.0,30593.0,257.0,158.7293759777663,-300.0,SPOT_INDEX,False,True,606720.0,606720.0,0.0
2021-06-30,supramax,2021,30593.0,31294.0,701.0,223.62259251958403,-300.0,SPOT_INDEX,False,True,611860.0,611860.0,0.0
2021-07-01,supramax,2021,31294.0,31569.0,275.0,210.6127350992299,-300.0,SPOT_INDEX,False,True,625880.0,625880.0,0.0
2021-07-02,supramax,2021,31569.0,31108.0,-461.0,222.78779264545923,-300.0,SPOT_INDEX,False,False,631380.0,631380.0,0.0
2021-07-05,supramax,2021,31108.0,31155.0,47.0,-139.8432836747309,-300.0,SPOT_INDEX,False,False,622160.0,622160.0,0.0
2021-07-06,supramax,2021,31155.0,30926.0,-229.0,74.71533413668735,-300.0,SPOT_INDEX,False,False,623100.0,623100.0,0.0
2021-07-07,supramax,2021,30926.0,31101.0,175.0,-73.02852808717549,-300.0,SPOT_INDEX,False,False,618520.0,618520.0,0.0
2021-07-08,supramax,2021,31101.0,31145.0,44.0,161.6340880818792,-300.0,SPOT_INDEX,False,True,622020.0,622020.0,0.0
2021-07-09,supramax,2021,31145.0,31032.0,-113.0,41.287138630027954,-300.0,SPOT_INDEX,False,False,622900.0,622900.0,0.0
2021-07-12,supramax,2021,31032.0,30864.0,-168.0,-69.55624483906449,-300.0,SPOT_INDEX,False,True,620640.0,620640.0,0.0
2021-07-13,supramax,2021,30864.0,30456.0,-408.0,-84.91324816023922,-300.0,SPOT_INDEX,False,True,617280.0,617280.0,0.0
2021-07-14,supramax,2021,30456.0,30060.0,-396.0,-215.1947328325483,-300.0,SPOT_INDEX,False,True,609120.0,609120.0,0.0
2021-07-15,supramax,2021,30060.0,29869.0,-191.0,-290.32885481165215,-300.0,SPOT_INDEX,False,True,601200.0,601200.0,0.0
2021-07-16,supramax,2021,29869.0,29617.0,-252.0,-166.4857872740573,-300.0,SPOT_INDEX,False,True,597380.0,597380.0,0.0
2021-07-19,supramax,2021,29617.0,29612.0,-5.0,-300.2489655384959,-300.0,WAIT,True,True,592340.0,594740.0,-2400.0
2021-07-20,supramax,2021,29612.0,29754.0,142.0,-44.99949148219926,-300.0,SPOT_INDEX,False,False,592240.0,592240.0,0.0
2021-07-21,supramax,2021,29754.0,30085.0,331.0,66.62918784354073,-300.0,SPOT_INDEX,False,True,595080.0,595080.0,0.0
2021-07-22,supramax,2021,30085.0,30568.0,483.0,62.14875922189772,-300.0,SPOT_INDEX,False,True,601700.0,601700.0,0.0
2021-07-23,supramax,2021,30568.0,30857.0,289.0,101.26857245884024,-300.0,SPOT_INDEX,False,True,611360.0,611360.0,0.0
2021-07-26,supramax,2021,30857.0,30936.0,79.0,78.32709257602514,-300.0,SPOT_INDEX,False,True,617140.0,617140.0,0.0
2021-07-27,supramax,2021,30936.0,30976.0,40.0,24.427080252667846,-300.0,SPOT_INDEX,False,True,618720.0,618720.0,0.0
2021-07-28,supramax,2021,30976.0,31142.0,166.0,29.74113300371966,-300.0,SPOT_INDEX,False,True,619520.0,619520.0,0.0
2021-07-29,supramax,2021,31142.0,31278.0,136.0,59.185930982671216,-300.0,SPOT_INDEX,False,True,622840.0,622840.0,0.0
2021-07-30,supramax,2021,31278.0,31661.0,383.0,69.71353505002355,-300.0,SPOT_INDEX,False,True,625560.0,625560.0,0.0
2021-08-02,supramax,2021,31661.0,31875.0,214.0,60.01595980055485,-300.0,SPOT_INDEX,False,True,633220.0,633220.0,0.0
2021-08-03,supramax,2021,31875.0,32003.0,128.0,83.18769173892824,-300.0,SPOT_INDEX,False,True,637500.0,637500.0,0.0
2021-08-04,supramax,2021,32003.0,32199.0,196.0,101.81604302529426,-300.0,SPOT_INDEX,False,True,640060.0,640060.0,0.0
2021-08-05,supramax,2021,32199.0,32304.0,105.0,97.59988574042114,-300.0,SPOT_INDEX,False,True,643980.0,643980.0,0.0
2021-08-06,supramax,2021,32304.0,32413.0,109.0,95.75587101401933,-300.0,SPOT_INDEX,False,True,646080.0,646080.0,0.0
2021-08-09,supramax,2021,32413.0,32970.0,557.0,101.35633943376632,-300.0,SPOT_INDEX,False,True,648260.0,648260.0,0.0
2021-08-10,supramax,2021,32970.0,33207.0,237.0,125.55669385657583,-300.0,SPOT_INDEX,False,True,659400.0,659400.0,0.0
2021-08-11,supramax,2021,33207.0,33615.0,408.0,138.8083296612816,-300.0,SPOT_INDEX,False,True,664140.0,664140.0,0.0
2021-08-12,supramax,2021,33615.0,33998.0,383.0,146.16303150482074,-300.0,SPOT_INDEX,False,True,672300.0,672300.0,0.0
2021-08-13,supramax,2021,33998.0,34660.0,662.0,145.00118966297893,-300.0,SPOT_INDEX,False,True,679960.0,679960.0,0.0
2021-08-17,supramax,2021,34660.0,35193.0,533.0,143.40437598716852,-300.0,SPOT_INDEX,False,True,693200.0,693200.0,0.0
2021-08-18,supramax,2021,35193.0,35690.0,497.0,192.15695168036535,-300.0,SPOT_INDEX,False,True,703860.0,703860.0,0.0
2021-08-19,supramax,2021,35690.0,36407.0,717.0,199.35993459606988,-300.0,SPOT_INDEX,False,True,713800.0,713800.0,0.0
2021-08-20,supramax,2021,36407.0,36905.0,498.0,202.68775549215687,-300.0,SPOT_INDEX,False,True,728140.0,728140.0,0.0
2021-08-23,supramax,2021,36905.0,37391.0,486.0,631.8961744350415,-300.0,SPOT_INDEX,False,True,738100.0,738100.0,0.0
2021-08-24,supramax,2021,37391.0,38425.0,1034.0,227.22063362463425,-300.0,SPOT_INDEX,False,True,747820.0,747820.0,0.0
2021-08-25,supramax,2021,38425.0,39299.0,874.0,222.61858754817627,-300.0,SPOT_INDEX,False,True,768500.0,768500.0,0.0
2021-08-26,supramax,2021,39299.0,39710.0,411.0,201.32877079426373,-300.0,SPOT_INDEX,False,True,785980.0,785980.0,0.0
2021-08-27,supramax,2021,39710.0,39936.0,226.0,198.00775490747736,-300.0,SPOT_INDEX,False,True,794200.0,794200.0,0.0
2021-08-30,supramax,2021,39936.0,39928.0,-8.0,162.51734484060142,-300.0,SPOT_INDEX,False,False,798720.0,798720.0,0.0
2021-08-31,supramax,2021,39928.0,39463.0,-465.0,108.1778075912506,-300.0,SPOT_INDEX,False,False,798560.0,798560.0,0.0
2021-09-01,supramax,2021,39463.0,39006.0,-457.0,-185.70110613456006,-300.0,SPOT_INDEX,False,True,789260.0,789260.0,0.0
2021-09-02,supramax,2021,39006.0,38462.0,-544.0,-194.70735861007756,-300.0,SPOT_INDEX,False,True,780120.0,780120.0,0.0
2021-09-03,supramax,2021,38462.0,37974.0,-488.0,-196.0837514167228,-300.0,SPOT_INDEX,False,True,769240.0,769240.0,0.0
2021-09-06,supramax,2021,37974.0,37392.0,-582.0,-267.5476619203532,-300.0,SPOT_INDEX,False,True,759480.0,759480.0,0.0
2021-09-07,supramax,2021,37392.0,36879.0,-513.0,-304.5861664180528,-300.0,WAIT,True,True,747840.0,740080.0,7760.0
2021-09-08,supramax,2021,36879.0,36436.0,-443.0,-283.4778850327715,-300.0,SPOT_INDEX,False,True,737580.0,737580.0,0.0
2021-09-09,supramax,2021,36436.0,36446.0,10.0,-307.2204669387385,-300.0,WAIT,True,False,728720.0,731420.0,-2700.0
2021-09-10,supramax,2021,36446.0,36611.0,165.0,-27.782821542420002,-300.0,SPOT_INDEX,False,False,728920.0,728920.0,0.0
2021-09-13,supramax,2021,36611.0,36814.0,203.0,89.38726347350529,-300.0,SPOT_INDEX,False,True,732220.0,732220.0,0.0
2021-09-14,supramax,2021,36814.0,36883.0,69.0,94.17571275546283,-300.0,SPOT_INDEX,False,True,736280.0,736280.0,0.0
2021-09-15,supramax,2021,36883.0,37199.0,316.0,20.734388903824875,-300.0,SPOT_INDEX,False,True,737660.0,737660.0,0.0
2021-09-16,supramax,2021,37199.0,37380.0,181.0,96.30657991521574,-300.0,SPOT_INDEX,False,True,743980.0,743980.0,0.0
2021-09-17,supramax,2021,37380.0,37770.0,390.0,132.75729401949582,-300.0,SPOT_INDEX,False,True,747600.0,747600.0,0.0
2021-09-23,supramax,2021,37770.0,37893.0,123.0,199.56033488761526,-300.0,SPOT_INDEX,False,True,755400.0,755400.0,0.0
2021-09-24,supramax,2021,37893.0,38103.0,210.0,167.9161483930203,-300.0,SPOT_INDEX,False,True,757860.0,757860.0,0.0
2021-09-27,supramax,2021,38103.0,38217.0,114.0,166.06408231883933,-300.0,SPOT_INDEX,False,True,762060.0,762060.0,0.0
2021-09-28,supramax,2021,38217.0,38283.0,66.0,150.26274921976156,-300.0,SPOT_INDEX,False,True,764340.0,764340.0,0.0
2021-09-29,supramax,2021,38283.0,38378.0,95.0,85.89248930002172,-300.0,SPOT_INDEX,False,True,765660.0,765660.0,0.0
2021-09-30,supramax,2021,38378.0,38219.0,-159.0,87.64922137048463,-300.0,SPOT_INDEX,False,False,767560.0,767560.0,0.0
2021-10-01,supramax,2021,38219.0,38003.0,-216.0,-73.81332987563526,-300.0,SPOT_INDEX,False,True,764380.0,764380.0,0.0
2021-10-05,supramax,2021,38003.0,37888.0,-115.0,-81.99133529388808,-300.0,SPOT_INDEX,False,True,760060.0,760060.0,0.0
2021-10-06,supramax,2021,37888.0,37933.0,45.0,-66.23914690210844,-300.0,SPOT_INDEX,False,False,757760.0,757760.0,0.0
2021-10-07,supramax,2021,37933.0,38145.0,212.0,-1.7833095934606542,-300.0,SPOT_INDEX,False,False,758660.0,758660.0,0.0
2021-10-08,supramax,2021,38145.0,38318.0,173.0,39.11013668031589,-300.0,SPOT_INDEX,False,True,762900.0,762900.0,0.0
2021-10-12,supramax,2021,38318.0,38625.0,307.0,80.14286427915191,-300.0,SPOT_INDEX,False,True,766360.0,766360.0,0.0
2021-10-13,supramax,2021,38625.0,38993.0,368.0,74.72417340671718,-300.0,SPOT_INDEX,False,True,772500.0,772500.0,0.0
2021-10-14,supramax,2021,38993.0,39258.0,265.0,99.0024298259331,-300.0,SPOT_INDEX,False,True,779860.0,779860.0,0.0
2021-10-15,supramax,2021,39258.0,39552.0,294.0,93.49749117250134,-300.0,SPOT_INDEX,False,True,785160.0,785160.0,0.0
2021-10-18,supramax,2021,39552.0,39815.0,263.0,114.29171376384998,-300.0,SPOT_INDEX,False,True,791040.0,791040.0,0.0
2021-10-19,supramax,2021,39815.0,40086.0,271.0,106.46933638500461,-300.0,SPOT_INDEX,False,True,796300.0,796300.0,0.0
2021-10-20,supramax,2021,40086.0,40253.0,167.0,152.6607494580905,-300.0,SPOT_INDEX,False,True,801720.0,801720.0,0.0
2021-10-21,supramax,2021,40253.0,40044.0,-209.0,130.21749122248966,-300.0,SPOT_INDEX,False,False,805060.0,805060.0,0.0
2021-10-22,supramax,2021,40044.0,39702.0,-342.0,-170.31240201414326,-300.0,SPOT_INDEX,False,True,800880.0,800880.0,0.0
2021-10-25,supramax,2021,39702.0,39407.0,-295.0,-452.7624971428371,-300.0,WAIT,True,True,794040.0,790640.0,3400.0
2021-10-26,supramax,2021,39407.0,38980.0,-427.0,-417.6800618115758,-300.0,WAIT,True,True,788140.0,782100.0,6040.0
2021-10-27,supramax,2021,38980.0,37735.0,-1245.0,-452.7581285435798,-300.0,WAIT,True,True,779600.0,757200.0,22400.0
2021-10-28,supramax,2021,37735.0,36893.0,-842.0,-545.738558451593,-300.0,WAIT,True,True,754700.0,740360.0,14340.0
2021-10-29,supramax,2021,36893.0,35435.0,-1458.0,-596.9252379632006,-300.0,WAIT,True,True,737860.0,711200.0,26660.0
2021-11-01,supramax,2021,35435.0,34447.0,-988.0,-53.138320274742775,-300.0,SPOT_INDEX,False,True,708700.0,708700.0,0.0
2021-11-02,supramax,2021,34447.0,31882.0,-2565.0,-55.916639112467884,-300.0,SPOT_INDEX,False,True,688940.0,688940.0,0.0
2021-11-03,supramax,2021,31882.0,29361.0,-2521.0,494.3246881675051,-300.0,SPOT_INDEX,False,False,637640.0,637640.0,0.0
2021-11-04,supramax,2021,29361.0,28562.0,-799.0,497.07051743579774,-300.0,SPOT_INDEX,False,False,587220.0,587220.0,0.0
2021-11-05,supramax,2021,28562.0,27576.0,-986.0,530.9317553734702,-300.0,SPOT_INDEX,False,False,571240.0,571240.0,0.0
2021-11-08,supramax,2021,27576.0,27056.0,-520.0,538.209660772419,-300.0,SPOT_INDEX,False,False,551520.0,551520.0,0.0
2021-11-09,supramax,2021,27056.0,26535.0,-521.0,534.8112049569249,-300.0,SPOT_INDEX,False,False,541120.0,541120.0,0.0
2021-11-10,supramax,2021,26535.0,26209.0,-326.0,318.269334535325,-300.0,SPOT_INDEX,False,False,530700.0,530700.0,0.0
2021-11-11,supramax,2021,26209.0,26047.0,-162.0,-30.64763842684519,-300.0,SPOT_INDEX,False,True,524180.0,524180.0,0.0
2021-11-12,supramax,2021,26047.0,26037.0,-10.0,-202.73275512234648,-300.0,SPOT_INDEX,False,True,520940.0,520940.0,0.0
2021-11-15,supramax,2021,26037.0,26055.0,18.0,-33.083678382423365,-300.0,SPOT_INDEX,False,False,520740.0,520740.0,0.0
2021-11-16,supramax,2021,26055.0,26076.0,21.0,-37.496908345927885,-300.0,SPOT_INDEX,False,False,521100.0,521100.0,0.0
2021-11-17,supramax,2021,26076.0,25594.0,-482.0,-23.678888136375143,-300.0,SPOT_INDEX,False,True,521520.0,521520.0,0.0
2021-11-18,supramax,2021,25594.0,25494.0,-100.0,-419.8620064521875,-300.0,WAIT,True,True,511880.0,512380.0,-500.0
2021-11-19,supramax,2021,25494.0,25178.0,-316.0,-104.18695626318694,-300.0,SPOT_INDEX,False,True,509880.0,509880.0,0.0
2021-11-22,supramax,2021,25178.0,25132.0,-46.0,-320.5309556296814,-300.0,WAIT,True,True,503560.0,505140.0,-1580.0
2021-11-23,supramax,2021,25132.0,25424.0,292.0,-61.036463817546355,-300.0,SPOT_INDEX,False,False,502640.0,502640.0,0.0
2021-11-24,supramax,2021,25424.0,25824.0,400.0,94.80321397994476,-300.0,SPOT_INDEX,False,True,508480.0,508480.0,0.0
2021-11-25,supramax,2021,25824.0,26140.0,316.0,89.37736778566658,-300.0,SPOT_INDEX,False,True,516480.0,516480.0,0.0
2021-11-26,supramax,2021,26140.0,26433.0,293.0,104.88765460025006,-300.0,SPOT_INDEX,False,True,522800.0,522800.0,0.0
2021-11-29,supramax,2021,26433.0,26608.0,175.0,139.30246791798672,-300.0,SPOT_INDEX,False,True,528660.0,528660.0,0.0
2021-11-30,supramax,2021,26608.0,26934.0,326.0,181.9043977973902,-300.0,SPOT_INDEX,False,True,532160.0,532160.0,0.0
2021-12-01,supramax,2021,26934.0,27234.0,300.0,194.5366077018141,-300.0,SPOT_INDEX,False,True,538680.0,538680.0,0.0
2021-12-02,supramax,2021,27234.0,27421.0,187.0,174.5770293787718,-300.0,SPOT_INDEX,False,True,544680.0,544680.0,0.0
2021-12-03,supramax,2021,27421.0,27825.0,404.0,159.14881750802795,-300.0,SPOT_INDEX,False,True,548420.0,548420.0,0.0
2021-12-06,supramax,2021,27825.0,28255.0,430.0,175.57469778114304,-300.0,SPOT_INDEX,False,True,556500.0,556500.0,0.0
2021-12-07,supramax,2021,28255.0,28789.0,534.0,191.5004717687937,-300.0,SPOT_INDEX,False,True,565100.0,565100.0,0.0
2021-12-08,supramax,2021,28789.0,29067.0,278.0,202.7644842968328,-300.0,SPOT_INDEX,False,True,575780.0,575780.0,0.0
2021-12-09,supramax,2021,29067.0,29023.0,-44.0,175.7281856073022,-300.0,SPOT_INDEX,False,False,581340.0,581340.0,0.0
2021-12-10,supramax,2021,29023.0,29353.0,330.0,66.6057689276287,-300.0,SPOT_INDEX,False,True,580460.0,580460.0,0.0
2021-12-13,supramax,2021,29353.0,29430.0,77.0,103.59012682827397,-300.0,SPOT_INDEX,False,True,587060.0,587060.0,0.0
2021-12-14,supramax,2021,29430.0,29294.0,-136.0,-2.7919994535911776,-300.0,SPOT_INDEX,False,True,588600.0,588600.0,0.0
2021-12-15,supramax,2021,29294.0,28913.0,-381.0,-113.71770325289691,-300.0,SPOT_INDEX,False,True,585880.0,585880.0,0.0
2021-12-16,supramax,2021,28913.0,28444.0,-469.0,-212.4804478615835,-300.0,SPOT_INDEX,False,True,578260.0,578260.0,0.0
2021-12-17,supramax,2021,28444.0,28159.0,-285.0,-404.0404077611428,-300.0,WAIT,True,True,568880.0,565680.0,3200.0
2021-12-20,supramax,2021,28159.0,27585.0,-574.0,-644.8645724270859,-300.0,WAIT,True,True,563180.0,554200.0,8980.0
2021-12-21,supramax,2021,27585.0,27357.0,-228.0,-648.156195436451,-300.0,WAIT,True,True,551700.0,549640.0,2060.0
2021-12-22,supramax,2021,27357.0,27215.0,-142.0,-473.66210181790376,-300.0,WAIT,True,True,547140.0,546800.0,340.0
2021-12-23,supramax,2021,27215.0,27265.0,50.0,-296.6054132938266,-300.0,SPOT_INDEX,False,False,544300.0,544300.0,0.0
2021-12-24,supramax,2021,27265.0,26655.0,-610.0,-94.89629937602635,-300.0,SPOT_INDEX,False,True,545300.0,545300.0,0.0
2021-01-05,handy,2021,8585.0,8603.0,18.0,-134.25453393556228,-300.0,SPOT_INDEX,False,False,171700.0,171700.0,0.0
2021-01-06,handy,2021,8603.0,8790.0,187.0,-41.787730696252126,-300.0,SPOT_INDEX,False,False,172060.0,172060.0,0.0
2021-01-07,handy,2021,8790.0,8791.0,1.0,59.96056336164669,-300.0,SPOT_INDEX,False,True,175800.0,175800.0,0.0
2021-01-08,handy,2021,8791.0,8982.0,191.0,37.690527350302176,-300.0,SPOT_INDEX,False,True,175820.0,175820.0,0.0
2021-01-11,handy,2021,8982.0,9087.0,105.0,70.366441780641,-300.0,SPOT_INDEX,False,True,179640.0,179640.0,0.0
2021-01-12,handy,2021,9087.0,9237.0,150.0,104.74301256780845,-300.0,SPOT_INDEX,False,True,181740.0,181740.0,0.0
2021-01-13,handy,2021,9237.0,9273.0,36.0,152.50750272590489,-300.0,SPOT_INDEX,False,True,184740.0,184740.0,0.0
2021-01-14,handy,2021,9273.0,9365.0,92.0,99.19824720901532,-300.0,SPOT_INDEX,False,True,185460.0,185460.0,0.0
2021-01-15,handy,2021,9365.0,9427.0,62.0,85.09666313301308,-300.0,SPOT_INDEX,False,True,187300.0,187300.0,0.0
2021-01-18,handy,2021,9427.0,9569.0,142.0,116.41470860262825,-300.0,SPOT_INDEX,False,True,188540.0,188540.0,0.0
2021-01-19,handy,2021,9569.0,9607.0,38.0,59.5348552552111,-300.0,SPOT_INDEX,False,True,191380.0,191380.0,0.0
2021-01-20,handy,2021,9607.0,10071.0,464.0,32.449345012714964,-300.0,SPOT_INDEX,False,True,192140.0,192140.0,0.0
2021-01-21,handy,2021,10071.0,10223.0,152.0,103.23167361804835,-300.0,SPOT_INDEX,False,True,201420.0,201420.0,0.0
2021-01-22,handy,2021,10223.0,10250.0,27.0,69.17862112079305,-300.0,SPOT_INDEX,False,True,204460.0,204460.0,0.0
2021-01-25,handy,2021,10250.0,10409.0,159.0,20.087119845254836,-300.0,SPOT_INDEX,False,True,205000.0,205000.0,0.0
2021-01-26,handy,2021,10409.0,10425.0,16.0,77.61595015571544,-300.0,SPOT_INDEX,False,True,208180.0,208180.0,0.0
2021-01-27,handy,2021,10425.0,10367.0,-58.0,9.985837265527941,-300.0,SPOT_INDEX,False,False,208500.0,208500.0,0.0
2021-01-28,handy,2021,10367.0,10315.0,-52.0,-78.23073001921945,-300.0,SPOT_INDEX,False,True,207340.0,207340.0,0.0
2021-01-29,handy,2021,10315.0,10331.0,16.0,-70.63164049468975,-300.0,SPOT_INDEX,False,False,206300.0,206300.0,0.0
2021-02-01,handy,2021,10331.0,10315.0,-16.0,-44.27796033263361,-300.0,SPOT_INDEX,False,True,206620.0,206620.0,0.0
2021-02-02,handy,2021,10315.0,10270.0,-45.0,-61.6510882930189,-300.0,SPOT_INDEX,False,True,206300.0,206300.0,0.0
2021-02-03,handy,2021,10270.0,10254.0,-16.0,-72.83974172343179,-300.0,SPOT_INDEX,False,True,205400.0,205400.0,0.0
2021-02-04,handy,2021,10254.0,10249.0,-5.0,-47.445685589849646,-300.0,SPOT_INDEX,False,True,205080.0,205080.0,0.0
2021-02-05,handy,2021,10249.0,10259.0,10.0,-36.37578024757006,-300.0,SPOT_INDEX,False,False,204980.0,204980.0,0.0
2021-02-08,handy,2021,10259.0,10228.0,-31.0,-7.423082660667068,-300.0,SPOT_INDEX,False,True,205180.0,205180.0,0.0
2021-02-09,handy,2021,10228.0,10228.0,0.0,-33.85517568615767,-300.0,SPOT_INDEX,False,False,204560.0,204560.0,0.0
2021-02-10,handy,2021,10228.0,10435.0,207.0,5.666696199849375,-300.0,SPOT_INDEX,False,True,204560.0,204560.0,0.0
2021-02-15,handy,2021,10435.0,10623.0,188.0,62.2721719575249,-300.0,SPOT_INDEX,False,True,208700.0,208700.0,0.0
2021-02-16,handy,2021,10623.0,10870.0,247.0,51.06066977295907,-300.0,SPOT_INDEX,False,True,212460.0,212460.0,0.0
2021-02-17,handy,2021,10870.0,12002.0,1132.0,149.78093223929537,-300.0,SPOT_INDEX,False,True,217400.0,217400.0,0.0
2021-02-18,handy,2021,12002.0,12482.0,480.0,152.90825488229794,-300.0,SPOT_INDEX,False,True,240040.0,240040.0,0.0
2021-02-19,handy,2021,12482.0,12780.0,298.0,129.09842517593341,-300.0,SPOT_INDEX,False,True,249640.0,249640.0,0.0
2021-02-22,handy,2021,12780.0,13211.0,431.0,137.832985655629,-300.0,SPOT_INDEX,False,True,255600.0,255600.0,0.0
2021-02-23,handy,2021,13211.0,14537.0,1326.0,128.29455886540202,-300.0,SPOT_INDEX,False,True,264220.0,264220.0,0.0
2021-02-24,handy,2021,14537.0,14573.0,36.0,274.2218210270198,-300.0,SPOT_INDEX,False,True,290740.0,290740.0,0.0
2021-02-25,handy,2021,14573.0,14675.0,102.0,247.3878408568683,-300.0,SPOT_INDEX,False,True,291460.0,291460.0,0.0
2021-02-26,handy,2021,14675.0,15166.0,491.0,101.42290969525807,-300.0,SPOT_INDEX,False,True,293500.0,293500.0,0.0
2021-03-02,handy,2021,15166.0,15527.0,361.0,88.39704772265239,-300.0,SPOT_INDEX,False,True,303320.0,303320.0,0.0
2021-03-03,handy,2021,15527.0,17238.0,1711.0,95.6092315183568,-300.0,SPOT_INDEX,False,True,310540.0,310540.0,0.0
2021-03-04,handy,2021,17238.0,18265.0,1027.0,83.97408399625972,-300.0,SPOT_INDEX,False,True,344760.0,344760.0,0.0
2021-03-05,handy,2021,18265.0,18689.0,424.0,229.63095557567777,-300.0,SPOT_INDEX,False,True,365300.0,365300.0,0.0
2021-03-08,handy,2021,18689.0,20156.0,1467.0,228.45960028573646,-300.0,SPOT_INDEX,False,True,373780.0,373780.0,0.0
2021-03-09,handy,2021,20156.0,21062.0,906.0,239.35907393316575,-300.0,SPOT_INDEX,False,True,403120.0,403120.0,0.0
2021-03-10,handy,2021,21062.0,21907.0,845.0,231.75078852687952,-300.0,SPOT_INDEX,False,True,421240.0,421240.0,0.0
2021-03-11,handy,2021,21907.0,22580.0,673.0,269.16863560533335,-300.0,SPOT_INDEX,False,True,438140.0,438140.0,0.0
2021-03-12,handy,2021,22580.0,22946.0,366.0,282.0850609770898,-300.0,SPOT_INDEX,False,True,451600.0,451600.0,0.0
2021-03-15,handy,2021,22946.0,23419.0,473.0,291.83861289247056,-300.0,SPOT_INDEX,False,True,458920.0,458920.0,0.0
2021-03-16,handy,2021,23419.0,23565.0,146.0,276.8279792776009,-300.0,SPOT_INDEX,False,True,468380.0,468380.0,0.0
2021-03-17,handy,2021,23565.0,24076.0,511.0,138.39264916129338,-300.0,SPOT_INDEX,False,True,471300.0,471300.0,0.0
2021-03-18,handy,2021,24076.0,25330.0,1254.0,158.99153519339745,-300.0,SPOT_INDEX,False,True,481520.0,481520.0,0.0
2021-03-19,handy,2021,25330.0,25335.0,5.0,153.79857851521868,-300.0,SPOT_INDEX,False,True,506600.0,506600.0,0.0
2021-03-22,handy,2021,25335.0,25175.0,-160.0,-47.98856129793116,-300.0,SPOT_INDEX,False,True,506700.0,506700.0,0.0
2021-03-23,handy,2021,25175.0,24748.0,-427.0,97.29016793118159,-300.0,SPOT_INDEX,False,False,503500.0,503500.0,0.0
2021-03-24,handy,2021,24748.0,24038.0,-710.0,-117.51208035247684,-300.0,SPOT_INDEX,False,True,494960.0,494960.0,0.0
2021-03-25,handy,2021,24038.0,22950.0,-1088.0,-117.51208035247684,-300.0,SPOT_INDEX,False,True,480760.0,480760.0,0.0
2021-03-26,handy,2021,22950.0,22421.0,-529.0,-78.19136522701643,-300.0,SPOT_INDEX,False,True,459000.0,459000.0,0.0
2021-03-29,handy,2021,22421.0,21490.0,-931.0,-94.25239493399125,-300.0,SPOT_INDEX,False,True,448420.0,448420.0,0.0
2021-03-30,handy,2021,21490.0,21197.0,-293.0,3.087038129398829,-300.0,SPOT_INDEX,False,False,429800.0,429800.0,0.0
2021-03-31,handy,2021,21197.0,20908.0,-289.0,-5.905141858634815,-300.0,SPOT_INDEX,False,True,423940.0,423940.0,0.0
2021-04-01,handy,2021,20908.0,21164.0,256.0,3.342744616925397,-300.0,SPOT_INDEX,False,True,418160.0,418160.0,0.0
2021-04-02,handy,2021,21164.0,20225.0,-939.0,-15.433046444434819,-300.0,SPOT_INDEX,False,True,423280.0,423280.0,0.0
2021-04-06,handy,2021,20225.0,20132.0,-93.0,-137.73632823961253,-300.0,SPOT_INDEX,False,True,404500.0,404500.0,0.0
2021-04-07,handy,2021,20132.0,20108.0,-24.0,-105.84352380402852,-300.0,SPOT_INDEX,False,True,402640.0,402640.0,0.0
2021-04-08,handy,2021,20108.0,20184.0,76.0,13.736089016758008,-300.0,SPOT_INDEX,False,True,402160.0,402160.0,0.0
2021-04-09,handy,2021,20184.0,20296.0,112.0,-129.73707106488845,-300.0,SPOT_INDEX,False,False,403680.0,403680.0,0.0
2021-04-12,handy,2021,20296.0,20388.0,92.0,85.97509213386915,-300.0,SPOT_INDEX,False,True,405920.0,405920.0,0.0
2021-04-13,handy,2021,20388.0,20426.0,38.0,13.270574791589794,-300.0,SPOT_INDEX,False,True,407760.0,407760.0,0.0
2021-04-14,handy,2021,20426.0,20450.0,24.0,-12.106887629268856,-300.0,SPOT_INDEX,False,False,408520.0,408520.0,0.0
2021-04-15,handy,2021,20450.0,21211.0,761.0,11.499484109493086,-300.0,SPOT_INDEX,False,True,409000.0,409000.0,0.0
2021-04-16,handy,2021,21211.0,21373.0,162.0,130.37824087701074,-300.0,SPOT_INDEX,False,True,424220.0,424220.0,0.0
2021-04-19,handy,2021,21373.0,21765.0,392.0,97.32298996297978,-300.0,SPOT_INDEX,False,True,427460.0,427460.0,0.0
2021-04-20,handy,2021,21765.0,21941.0,176.0,184.6474058490511,-300.0,SPOT_INDEX,False,True,435300.0,435300.0,0.0
2021-04-21,handy,2021,21941.0,22589.0,648.0,144.2334685925034,-300.0,SPOT_INDEX,False,True,438820.0,438820.0,0.0
2021-04-22,handy,2021,22589.0,22904.0,315.0,165.84361173624788,-300.0,SPOT_INDEX,False,True,451780.0,451780.0,0.0
2021-04-23,handy,2021,22904.0,23118.0,214.0,132.93236562247918,-300.0,SPOT_INDEX,False,True,458080.0,458080.0,0.0
2021-04-26,handy,2021,23118.0,23217.0,99.0,143.2546411731015,-300.0,SPOT_INDEX,False,True,462360.0,462360.0,0.0
2021-04-27,handy,2021,23217.0,23239.0,22.0,137.00824429131683,-300.0,SPOT_INDEX,False,True,464340.0,464340.0,0.0
2021-04-28,handy,2021,23239.0,23248.0,9.0,136.6473958636708,-300.0,SPOT_INDEX,False,True,464780.0,464780.0,0.0
2021-04-29,handy,2021,23248.0,23300.0,52.0,52.375821373251,-300.0,SPOT_INDEX,False,True,464960.0,464960.0,0.0
2021-04-30,handy,2021,23300.0,23336.0,36.0,42.66039632305008,-300.0,SPOT_INDEX,False,True,466000.0,466000.0,0.0
2021-05-03,handy,2021,23336.0,23580.0,244.0,72.31683022016095,-300.0,SPOT_INDEX,False,True,466720.0,466720.0,0.0
2021-05-04,handy,2021,23580.0,23824.0,244.0,83.78057152821276,-300.0,SPOT_INDEX,False,True,471600.0,471600.0,0.0
2021-05-06,handy,2021,23824.0,24030.0,206.0,-57.57788323093762,-300.0,SPOT_INDEX,False,False,476480.0,476480.0,0.0
2021-05-07,handy,2021,24030.0,24380.0,350.0,143.90991862642784,-300.0,SPOT_INDEX,False,True,480600.0,480600.0,0.0
2021-05-10,handy,2021,24380.0,24740.0,360.0,158.07230630343523,-300.0,SPOT_INDEX,False,True,487600.0,487600.0,0.0
2021-05-11,handy,2021,24740.0,25123.0,383.0,153.31746434941223,-300.0,SPOT_INDEX,False,True,494800.0,494800.0,0.0
2021-05-12,handy,2021,25123.0,25158.0,35.0,156.66788781837548,-300.0,SPOT_INDEX,False,True,502460.0,502460.0,0.0
2021-05-13,handy,2021,25158.0,25343.0,185.0,110.63611902685703,-300.0,SPOT_INDEX,False,True,503160.0,503160.0,0.0
2021-05-14,handy,2021,25343.0,25399.0,56.0,133.42988473078407,-300.0,SPOT_INDEX,False,True,506860.0,506860.0,0.0
2021-05-17,handy,2021,25399.0,25408.0,9.0,18.20713394316242,-300.0,SPOT_INDEX,False,True,507980.0,507980.0,0.0
2021-05-18,handy,2021,25408.0,25635.0,227.0,-59.84683041613901,-300.0,SPOT_INDEX,False,False,508160.0,508160.0,0.0
2021-05-20,handy,2021,25635.0,25362.0,-273.0,113.37391738236279,-300.0,SPOT_INDEX,False,False,512700.0,512700.0,0.0
2021-05-21,handy,2021,25362.0,25424.0,62.0,-140.45882741732242,-300.0,SPOT_INDEX,False,False,507240.0,507240.0,0.0
2021-05-24,handy,2021,25424.0,25419.0,-5.0,-60.6102052308302,-300.0,SPOT_INDEX,False,True,508480.0,508480.0,0.0
2021-05-25,handy,2021,25419.0,25650.0,231.0,-51.51303219501372,-300.0,SPOT_INDEX,False,False,508380.0,508380.0,0.0
2021-05-26,handy,2021,25650.0,25251.0,-399.0,11.573495206511836,-300.0,SPOT_INDEX,False,False,513000.0,513000.0,0.0
2021-05-27,handy,2021,25251.0,24814.0,-437.0,-100.21321685958705,-300.0,SPOT_INDEX,False,True,505020.0,505020.0,0.0
2021-05-28,handy,2021,24814.0,24045.0,-769.0,-89.81720845538304,-300.0,SPOT_INDEX,False,True,496280.0,496280.0,0.0
2021-05-31,handy,2021,24045.0,23486.0,-559.0,-108.72761192668465,-300.0,SPOT_INDEX,False,True,480900.0,480900.0,0.0
2021-06-01,handy,2021,23486.0,23271.0,-215.0,-121.39832853836647,-300.0,SPOT_INDEX,False,True,469720.0,469720.0,0.0
2021-06-02,handy,2021,23271.0,23029.0,-242.0,-138.4440956807054,-300.0,SPOT_INDEX,False,True,465420.0,465420.0,0.0
2021-06-03,handy,2021,23029.0,22981.0,-48.0,-106.6828634647658,-300.0,SPOT_INDEX,False,True,460580.0,460580.0,0.0
2021-06-04,handy,2021,22981.0,23203.0,222.0,-75.51236163834022,-300.0,SPOT_INDEX,False,False,459620.0,459620.0,0.0
2021-06-07,handy,2021,23203.0,23162.0,-41.0,26.444456672287536,-300.0,SPOT_INDEX,False,False,464060.0,464060.0,0.0
2021-06-08,handy,2021,23162.0,23159.0,-3.0,-69.14436052867083,-300.0,SPOT_INDEX,False,True,463240.0,463240.0,0.0
2021-06-09,handy,2021,23159.0,23346.0,187.0,-5.315480066509907,-300.0,SPOT_INDEX,False,False,463180.0,463180.0,0.0
2021-06-10,handy,2021,23346.0,23696.0,350.0,57.828500315403105,-300.0,SPOT_INDEX,False,True,466920.0,466920.0,0.0
2021-06-11,handy,2021,23696.0,24017.0,321.0,183.7175262861477,-300.0,SPOT_INDEX,False,True,473920.0,473920.0,0.0
2021-06-14,handy,2021,24017.0,24215.0,198.0,188.21217968678295,-300.0,SPOT_INDEX,False,True,480340.0,480340.0,0.0
2021-06-15,handy,2021,24215.0,24857.0,642.0,181.95004292490543,-300.0,SPOT_INDEX,False,True,484300.0,484300.0,0.0
2021-06-16,handy,2021,24857.0,25175.0,318.0,197.65867024578438,-300.0,SPOT_INDEX,False,True,497140.0,497140.0,0.0
2021-06-17,handy,2021,25175.0,25372.0,197.0,158.04755865930954,-300.0,SPOT_INDEX,False,True,503500.0,503500.0,0.0
2021-06-18,handy,2021,25372.0,25498.0,126.0,139.49918143390806,-300.0,SPOT_INDEX,False,True,507440.0,507440.0,0.0
2021-06-21,handy,2021,25498.0,25528.0,30.0,104.88768835348193,-300.0,SPOT_INDEX,False,True,509960.0,509960.0,0.0
2021-06-22,handy,2021,25528.0,25492.0,-36.0,25.19490295117158,-300.0,SPOT_INDEX,False,False,510560.0,510560.0,0.0
2021-06-23,handy,2021,25492.0,25953.0,461.0,8.078409779093093,-300.0,SPOT_INDEX,False,True,509840.0,509840.0,0.0
2021-06-24,handy,2021,25953.0,26489.0,536.0,104.9446044122546,-300.0,SPOT_INDEX,False,True,519060.0,519060.0,0.0
2021-06-25,handy,2021,26489.0,26556.0,67.0,109.6691113737464,-300.0,SPOT_INDEX,False,True,529780.0,529780.0,0.0
2021-06-28,handy,2021,26556.0,26589.0,33.0,99.23953868167759,-300.0,SPOT_INDEX,False,True,531120.0,531120.0,0.0
2021-06-29,handy,2021,26589.0,26876.0,287.0,149.41937868970086,-300.0,SPOT_INDEX,False,True,531780.0,531780.0,0.0
2021-06-30,handy,2021,26876.0,27309.0,433.0,161.6618941615335,-300.0,SPOT_INDEX,False,True,537520.0,537520.0,0.0
2021-07-01,handy,2021,27309.0,27415.0,106.0,166.2839151529878,-300.0,SPOT_INDEX,False,True,546180.0,546180.0,0.0
2021-07-02,handy,2021,27415.0,27150.0,-265.0,153.8547553335929,-300.0,SPOT_INDEX,False,False,548300.0,548300.0,0.0
2021-07-05,handy,2021,27150.0,26939.0,-211.0,-108.9528880190176,-300.0,SPOT_INDEX,False,True,543000.0,543000.0,0.0
2021-07-06,handy,2021,26939.0,26875.0,-64.0,6.494182167127248,-300.0,SPOT_INDEX,False,False,538780.0,538780.0,0.0
2021-07-07,handy,2021,26875.0,26777.0,-98.0,-64.51015838505865,-300.0,SPOT_INDEX,False,True,537500.0,537500.0,0.0
2021-07-08,handy,2021,26777.0,26663.0,-114.0,110.23021997643731,-300.0,SPOT_INDEX,False,False,535540.0,535540.0,0.0
2021-07-09,handy,2021,26663.0,26600.0,-63.0,-5.178688735368919,-300.0,SPOT_INDEX,False,True,533260.0,533260.0,0.0
2021-07-12,handy,2021,26600.0,26427.0,-173.0,-52.875074989411175,-300.0,SPOT_INDEX,False,True,532000.0,532000.0,0.0
2021-07-13,handy,2021,26427.0,26200.0,-227.0,-67.08986675231061,-300.0,SPOT_INDEX,False,True,528540.0,528540.0,0.0
2021-07-14,handy,2021,26200.0,26102.0,-98.0,-105.11252034162949,-300.0,SPOT_INDEX,False,True,524000.0,524000.0,0.0
2021-07-15,handy,2021,26102.0,25345.0,-757.0,-115.31658831517589,-300.0,SPOT_INDEX,False,True,522040.0,522040.0,0.0
2021-07-16,handy,2021,25345.0,25258.0,-87.0,-103.11799683898289,-300.0,SPOT_INDEX,False,True,506900.0,506900.0,0.0
2021-07-19,handy,2021,25258.0,25123.0,-135.0,-121.03172068279804,-300.0,SPOT_INDEX,False,True,505160.0,505160.0,0.0
2021-07-20,handy,2021,25123.0,25176.0,53.0,-23.724324083602866,-300.0,SPOT_INDEX,False,False,502460.0,502460.0,0.0
2021-07-21,handy,2021,25176.0,25481.0,305.0,72.75912770455139,-300.0,SPOT_INDEX,False,True,503520.0,503520.0,0.0
2021-07-22,handy,2021,25481.0,25764.0,283.0,85.19315487047169,-300.0,SPOT_INDEX,False,True,509620.0,509620.0,0.0
2021-07-23,handy,2021,25764.0,26095.0,331.0,116.16482458724482,-300.0,SPOT_INDEX,False,True,515280.0,515280.0,0.0
2021-07-26,handy,2021,26095.0,26153.0,58.0,99.09146635167906,-300.0,SPOT_INDEX,False,True,521900.0,521900.0,0.0
2021-07-27,handy,2021,26153.0,26394.0,241.0,19.542940411190596,-300.0,SPOT_INDEX,False,True,523060.0,523060.0,0.0
2021-07-28,handy,2021,26394.0,26418.0,24.0,37.66111702800626,-300.0,SPOT_INDEX,False,True,527880.0,527880.0,0.0
2021-07-29,handy,2021,26418.0,26562.0,144.0,60.31750223750085,-300.0,SPOT_INDEX,False,True,528360.0,528360.0,0.0
2021-07-30,handy,2021,26562.0,27353.0,791.0,76.85796116856342,-300.0,SPOT_INDEX,False,True,531240.0,531240.0,0.0
2021-08-02,handy,2021,27353.0,27517.0,164.0,106.39975796948288,-300.0,SPOT_INDEX,False,True,547060.0,547060.0,0.0
2021-08-03,handy,2021,27517.0,27678.0,161.0,92.38063503225311,-300.0,SPOT_INDEX,False,True,550340.0,550340.0,0.0
2021-08-04,handy,2021,27678.0,27638.0,-40.0,87.39256036209373,-300.0,SPOT_INDEX,False,False,553560.0,553560.0,0.0
2021-08-05,handy,2021,27638.0,27902.0,264.0,84.30149220800966,-300.0,SPOT_INDEX,False,True,552760.0,552760.0,0.0
2021-08-06,handy,2021,27902.0,28036.0,134.0,93.00584158199334,-300.0,SPOT_INDEX,False,True,558040.0,558040.0,0.0
2021-08-09,handy,2021,28036.0,28182.0,146.0,109.6870215472468,-300.0,SPOT_INDEX,False,True,560720.0,560720.0,0.0
2021-08-10,handy,2021,28182.0,28573.0,391.0,110.51687777460769,-300.0,SPOT_INDEX,False,True,563640.0,563640.0,0.0
2021-08-11,handy,2021,28573.0,28889.0,316.0,122.25349391943712,-300.0,SPOT_INDEX,False,True,571460.0,571460.0,0.0
2021-08-12,handy,2021,28889.0,29357.0,468.0,167.97646135211363,-300.0,SPOT_INDEX,False,True,577780.0,577780.0,0.0
2021-08-13,handy,2021,29357.0,30436.0,1079.0,169.86348699313928,-300.0,SPOT_INDEX,False,True,587140.0,587140.0,0.0
2021-08-17,handy,2021,30436.0,30812.0,376.0,162.82496249668608,-300.0,SPOT_INDEX,False,True,608720.0,608720.0,0.0
2021-08-18,handy,2021,30812.0,31241.0,429.0,193.07936805327637,-300.0,SPOT_INDEX,False,True,616240.0,616240.0,0.0
2021-08-19,handy,2021,31241.0,32012.0,771.0,175.39981068152932,-300.0,SPOT_INDEX,False,True,624820.0,624820.0,0.0
2021-08-20,handy,2021,32012.0,32514.0,502.0,178.45466939292402,-300.0,SPOT_INDEX,False,True,640240.0,640240.0,0.0
2021-08-23,handy,2021,32514.0,32841.0,327.0,311.0613170896523,-300.0,SPOT_INDEX,False,True,650280.0,650280.0,0.0
2021-08-24,handy,2021,32841.0,33559.0,718.0,183.90516105219186,-300.0,SPOT_INDEX,False,True,656820.0,656820.0,0.0
2021-08-25,handy,2021,33559.0,34427.0,868.0,181.64414167562364,-300.0,SPOT_INDEX,False,True,671180.0,671180.0,0.0
2021-08-26,handy,2021,34427.0,34819.0,392.0,184.1901600476907,-300.0,SPOT_INDEX,False,True,688540.0,688540.0,0.0
2021-08-27,handy,2021,34819.0,34951.0,132.0,163.60514988582636,-300.0,SPOT_INDEX,False,True,696380.0,696380.0,0.0
2021-08-30,handy,2021,34951.0,34996.0,45.0,128.4311737333452,-300.0,SPOT_INDEX,False,True,699020.0,699020.0,0.0
2021-08-31,handy,2021,34996.0,34398.0,-598.0,43.05632492111239,-300.0,SPOT_INDEX,False,False,699920.0,699920.0,0.0
2021-09-01,handy,2021,34398.0,34159.0,-239.0,-100.83548525640919,-300.0,SPOT_INDEX,False,True,687960.0,687960.0,0.0
2021-09-02,handy,2021,34159.0,33843.0,-316.0,-117.77014809299102,-300.0,SPOT_INDEX,False,True,683180.0,683180.0,0.0
2021-09-03,handy,2021,33843.0,33348.0,-495.0,-124.1320782532478,-300.0,SPOT_INDEX,False,True,676860.0,676860.0,0.0
2021-09-06,handy,2021,33348.0,32859.0,-489.0,-112.55256570790834,-300.0,SPOT_INDEX,False,True,666960.0,666960.0,0.0
2021-09-07,handy,2021,32859.0,32533.0,-326.0,-125.1981742155111,-300.0,SPOT_INDEX,False,True,657180.0,657180.0,0.0
2021-09-08,handy,2021,32533.0,32399.0,-134.0,-124.09867580569579,-300.0,SPOT_INDEX,False,True,650660.0,650660.0,0.0
2021-09-09,handy,2021,32399.0,32509.0,110.0,-119.96706172103262,-300.0,SPOT_INDEX,False,False,647980.0,647980.0,0.0
2021-09-10,handy,2021,32509.0,32915.0,406.0,22.25891853687083,-300.0,SPOT_INDEX,False,True,650180.0,650180.0,0.0
2021-09-13,handy,2021,32915.0,33300.0,385.0,96.02793283614247,-300.0,SPOT_INDEX,False,True,658300.0,658300.0,0.0
2021-09-14,handy,2021,33300.0,33390.0,90.0,102.85163228910318,-300.0,SPOT_INDEX,False,True,666000.0,666000.0,0.0
2021-09-15,handy,2021,33390.0,33564.0,174.0,46.664517166875804,-300.0,SPOT_INDEX,False,True,667800.0,667800.0,0.0
2021-09-16,handy,2021,33564.0,33474.0,-90.0,108.72303037024038,-300.0,SPOT_INDEX,False,False,671280.0,671280.0,0.0
2021-09-17,handy,2021,33474.0,34012.0,538.0,117.28018355746256,-300.0,SPOT_INDEX,False,True,669480.0,669480.0,0.0
2021-09-23,handy,2021,34012.0,34110.0,98.0,174.16735210175614,-300.0,SPOT_INDEX,False,True,680240.0,680240.0,0.0
2021-09-24,handy,2021,34110.0,34344.0,234.0,138.7903316157175,-300.0,SPOT_INDEX,False,True,682200.0,682200.0,0.0
2021-09-27,handy,2021,34344.0,34303.0,-41.0,152.9689100204289,-300.0,SPOT_INDEX,False,False,686880.0,686880.0,0.0
2021-09-28,handy,2021,34303.0,34127.0,-176.0,123.4999890277949,-300.0,SPOT_INDEX,False,False,686060.0,686060.0,0.0
2021-09-29,handy,2021,34127.0,34211.0,84.0,26.904156998878644,-300.0,SPOT_INDEX,False,True,682540.0,682540.0,0.0
2021-09-30,handy,2021,34211.0,34074.0,-137.0,62.419119194349385,-300.0,SPOT_INDEX,False,False,684220.0,684220.0,0.0
2021-10-01,handy,2021,34074.0,33725.0,-349.0,-69.4969917117157,-300.0,SPOT_INDEX,False,True,681480.0,681480.0,0.0
2021-10-05,handy,2021,33725.0,33535.0,-190.0,-82.4967798823983,-300.0,SPOT_INDEX,False,True,674500.0,674500.0,0.0
2021-10-06,handy,2021,33535.0,33613.0,78.0,-73.20042349855555,-300.0,SPOT_INDEX,False,False,670700.0,670700.0,0.0
2021-10-07,handy,2021,33613.0,33600.0,-13.0,6.28706838896976,-300.0,SPOT_INDEX,False,False,672260.0,672260.0,0.0
2021-10-08,handy,2021,33600.0,33791.0,191.0,40.04500141552994,-300.0,SPOT_INDEX,False,True,672000.0,672000.0,0.0
2021-10-12,handy,2021,33791.0,33611.0,-180.0,62.2681691872405,-300.0,SPOT_INDEX,False,False,675820.0,675820.0,0.0
2021-10-13,handy,2021,33611.0,33703.0,92.0,22.186269757740277,-300.0,SPOT_INDEX,False,True,672220.0,672220.0,0.0
2021-10-14,handy,2021,33703.0,33882.0,179.0,34.59427083604162,-300.0,SPOT_INDEX,False,True,674060.0,674060.0,0.0
2021-10-15,handy,2021,33882.0,34159.0,277.0,40.006511548766845,-300.0,SPOT_INDEX,False,True,677640.0,677640.0,0.0
2021-10-18,handy,2021,34159.0,34303.0,144.0,91.04793931793803,-300.0,SPOT_INDEX,False,True,683180.0,683180.0,0.0
2021-10-19,handy,2021,34303.0,34300.0,-3.0,115.42560269364438,-300.0,SPOT_INDEX,False,False,686060.0,686060.0,0.0
2021-10-20,handy,2021,34300.0,34138.0,-162.0,158.41875882272112,-300.0,SPOT_INDEX,False,False,686000.0,686000.0,0.0
2021-10-21,handy,2021,34138.0,33745.0,-393.0,120.47361886017933,-300.0,SPOT_INDEX,False,False,682760.0,682760.0,0.0
2021-10-22,handy,2021,33745.0,33492.0,-253.0,-92.21611675592035,-300.0,SPOT_INDEX,False,True,674900.0,674900.0,0.0
2021-10-25,handy,2021,33492.0,32963.0,-529.0,-118.81205164259325,-300.0,SPOT_INDEX,False,True,669840.0,669840.0,0.0
2021-10-26,handy,2021,32963.0,32398.0,-565.0,-104.96406198513358,-300.0,SPOT_INDEX,False,True,659260.0,659260.0,0.0
2021-10-27,handy,2021,32398.0,31435.0,-963.0,-129.57078370530192,-300.0,SPOT_INDEX,False,True,647960.0,647960.0,0.0
2021-10-28,handy,2021,31435.0,30807.0,-628.0,-134.2044020654798,-300.0,SPOT_INDEX,False,True,628700.0,628700.0,0.0
2021-10-29,handy,2021,30807.0,29442.0,-1365.0,-134.22471018422132,-300.0,SPOT_INDEX,False,True,616140.0,616140.0,0.0
2021-11-01,handy,2021,29442.0,28158.0,-1284.0,-29.52463893536833,-300.0,SPOT_INDEX,False,True,588840.0,588840.0,0.0
2021-11-02,handy,2021,28158.0,26481.0,-1677.0,-28.03570643804949,-300.0,SPOT_INDEX,False,True,563160.0,563160.0,0.0
2021-11-03,handy,2021,26481.0,25037.0,-1444.0,482.1757747876122,-300.0,SPOT_INDEX,False,False,529620.0,529620.0,0.0
2021-11-04,handy,2021,25037.0,24159.0,-878.0,480.0970414542789,-300.0,SPOT_INDEX,False,False,500740.0,500740.0,0.0
2021-11-05,handy,2021,24159.0,23244.0,-915.0,472.29104397371646,-300.0,SPOT_INDEX,False,False,483180.0,483180.0,0.0
2021-11-08,handy,2021,23244.0,22768.0,-476.0,471.2148712094888,-300.0,SPOT_INDEX,False,False,464880.0,464880.0,0.0
2021-11-09,handy,2021,22768.0,22298.0,-470.0,475.8966306352233,-300.0,SPOT_INDEX,False,False,455360.0,455360.0,0.0
2021-11-10,handy,2021,22298.0,22052.0,-246.0,283.3349047579822,-300.0,SPOT_INDEX,False,False,445960.0,445960.0,0.0
2021-11-11,handy,2021,22052.0,21704.0,-348.0,-31.473214583985555,-300.0,SPOT_INDEX,False,True,441040.0,441040.0,0.0
2021-11-12,handy,2021,21704.0,21574.0,-130.0,-115.00072614386787,-300.0,SPOT_INDEX,False,True,434080.0,434080.0,0.0
2021-11-15,handy,2021,21574.0,21560.0,-14.0,-0.836829729594011,-300.0,SPOT_INDEX,False,True,431480.0,431480.0,0.0
2021-11-16,handy,2021,21560.0,21567.0,7.0,-19.164195142390085,-300.0,SPOT_INDEX,False,False,431200.0,431200.0,0.0
2021-11-17,handy,2021,21567.0,21368.0,-199.0,-3.183747676707132,-300.0,SPOT_INDEX,False,True,431340.0,431340.0,0.0
2021-11-18,handy,2021,21368.0,21223.0,-145.0,-155.04623416131838,-300.0,SPOT_INDEX,False,True,427360.0,427360.0,0.0
2021-11-19,handy,2021,21223.0,20898.0,-325.0,-74.9417876503278,-300.0,SPOT_INDEX,False,True,424460.0,424460.0,0.0
2021-11-22,handy,2021,20898.0,20649.0,-249.0,-185.70747791233822,-300.0,SPOT_INDEX,False,True,417960.0,417960.0,0.0
2021-11-23,handy,2021,20649.0,20741.0,92.0,-28.29712939481734,-300.0,SPOT_INDEX,False,False,412980.0,412980.0,0.0
2021-11-24,handy,2021,20741.0,21013.0,272.0,117.54338808335086,-300.0,SPOT_INDEX,False,True,414820.0,414820.0,0.0
2021-11-25,handy,2021,21013.0,21245.0,232.0,124.41073945739767,-300.0,SPOT_INDEX,False,True,420260.0,420260.0,0.0
2021-11-26,handy,2021,21245.0,21506.0,261.0,80.86289740096113,-300.0,SPOT_INDEX,False,True,424900.0,424900.0,0.0
2021-11-29,handy,2021,21506.0,21686.0,180.0,112.6456492948726,-300.0,SPOT_INDEX,False,True,430120.0,430120.0,0.0
2021-11-30,handy,2021,21686.0,22018.0,332.0,156.46616547074058,-300.0,SPOT_INDEX,False,True,433720.0,433720.0,0.0
2021-12-01,handy,2021,22018.0,22245.0,227.0,219.82585113592745,-300.0,SPOT_INDEX,False,True,440360.0,440360.0,0.0
2021-12-02,handy,2021,22245.0,22445.0,200.0,171.59100169847602,-300.0,SPOT_INDEX,False,True,444900.0,444900.0,0.0
2021-12-03,handy,2021,22445.0,22725.0,280.0,155.78006647315158,-300.0,SPOT_INDEX,False,True,448900.0,448900.0,0.0
2021-12-06,handy,2021,22725.0,23129.0,404.0,165.31360560641116,-300.0,SPOT_INDEX,False,True,454500.0,454500.0,0.0
2021-12-07,handy,2021,23129.0,23579.0,450.0,144.7343138651885,-300.0,SPOT_INDEX,False,True,462580.0,462580.0,0.0
2021-12-08,handy,2021,23579.0,23872.0,293.0,150.98063354188858,-300.0,SPOT_INDEX,False,True,471580.0,471580.0,0.0
2021-12-09,handy,2021,23872.0,23927.0,55.0,121.44835604703155,-300.0,SPOT_INDEX,False,True,477440.0,477440.0,0.0
2021-12-10,handy,2021,23927.0,24133.0,206.0,-18.38890431860404,-300.0,SPOT_INDEX,False,False,478540.0,478540.0,0.0
2021-12-13,handy,2021,24133.0,24176.0,43.0,97.9350447004239,-300.0,SPOT_INDEX,False,True,482660.0,482660.0,0.0
2021-12-14,handy,2021,24176.0,23575.0,-601.0,-5.289730710051753,-300.0,SPOT_INDEX,False,True,483520.0,483520.0,0.0
2021-12-15,handy,2021,23575.0,23602.0,27.0,-107.78355201657133,-300.0,SPOT_INDEX,False,False,471500.0,471500.0,0.0
2021-12-16,handy,2021,23602.0,23212.0,-390.0,-111.71336990326786,-300.0,SPOT_INDEX,False,True,472040.0,472040.0,0.0
2021-12-17,handy,2021,23212.0,22941.0,-271.0,-164.57597323697163,-300.0,SPOT_INDEX,False,True,464240.0,464240.0,0.0
2021-12-20,handy,2021,22941.0,22663.0,-278.0,-157.18493592332285,-300.0,SPOT_INDEX,False,True,458820.0,458820.0,0.0
2021-12-21,handy,2021,22663.0,22574.0,-89.0,-182.61533189800556,-300.0,SPOT_INDEX,False,True,453260.0,453260.0,0.0
2021-12-22,handy,2021,22574.0,22579.0,5.0,-145.36141652881318,-300.0,SPOT_INDEX,False,False,451480.0,451480.0,0.0
2021-12-23,handy,2021,22579.0,22651.0,72.0,-110.31783067746949,-300.0,SPOT_INDEX,False,False,451580.0,451580.0,0.0
2021-12-24,handy,2021,22651.0,22868.0,217.0,25.84750280399828,-300.0,SPOT_INDEX,False,True,453020.0,453020.0,0.0
2021-01-05,cape,2021,18138.0,18881.0,743.0,434.29622669111995,-142.85714285714286,SPOT_INDEX,False,True,362760.0,362760.0,0.0
2021-01-06,cape,2021,18881.0,19021.0,140.0,688.3268375125768,-142.85714285714286,SPOT_INDEX,False,True,377620.0,377620.0,0.0
2021-01-07,cape,2021,19021.0,20258.0,1237.0,588.271852138444,-142.85714285714286,SPOT_INDEX,False,True,380420.0,380420.0,0.0
2021-01-08,cape,2021,20258.0,23153.0,2895.0,807.0072954525436,-142.85714285714286,SPOT_INDEX,False,True,405160.0,405160.0,0.0
2021-01-11,cape,2021,23153.0,26238.0,3085.0,641.2385448438969,-142.85714285714286,SPOT_INDEX,False,True,463060.0,463060.0,0.0
2021-01-12,cape,2021,26238.0,28359.0,2121.0,641.3424814561297,-142.85714285714286,SPOT_INDEX,False,True,524760.0,524760.0,0.0
2021-01-13,cape,2021,28359.0,28069.0,-290.0,593.9692976846852,-142.85714285714286,SPOT_INDEX,False,False,567180.0,567180.0,0.0
2021-01-14,cape,2021,28069.0,25944.0,-2125.0,-222.85860194053413,-142.85714285714286,WAIT,True,True,561380.0,521380.0,40000.0
2021-01-15,cape,2021,25944.0,24841.0,-1103.0,-1002.7788607713926,-142.85714285714286,WAIT,True,True,518880.0,499320.0,19560.0
2021-01-18,cape,2021,24841.0,24286.0,-555.0,-700.5472181958434,-142.85714285714286,WAIT,True,True,496820.0,488220.0,8600.0
2021-01-19,cape,2021,24286.0,24587.0,301.0,-428.314774109451,-142.85714285714286,WAIT,True,False,485720.0,494240.0,-8520.0
2021-01-20,cape,2021,24587.0,24659.0,72.0,358.6469294535424,-142.85714285714286,SPOT_INDEX,False,True,491740.0,491740.0,0.0
2021-01-21,cape,2021,24659.0,24531.0,-128.0,100.34181339062152,-142.85714285714286,SPOT_INDEX,False,False,493180.0,493180.0,0.0
2021-01-22,cape,2021,24531.0,24134.0,-397.0,-294.1872860182222,-142.85714285714286,WAIT,True,True,490620.0,485180.0,5440.0
2021-01-25,cape,2021,24134.0,22200.0,-1934.0,-394.619883166935,-142.85714285714286,WAIT,True,True,482680.0,446500.0,36180.0
2021-01-26,cape,2021,22200.0,19713.0,-2487.0,-816.4941560337486,-142.85714285714286,WAIT,True,True,444000.0,396760.0,47240.0
2021-01-27,cape,2021,19713.0,16897.0,-2816.0,-875.394857207984,-142.85714285714286,WAIT,True,True,394260.0,340440.0,53820.0
2021-01-28,cape,2021,16897.0,15628.0,-1269.0,-1011.7192940142988,-142.85714285714286,WAIT,True,True,337940.0,315060.0,22880.0
2021-01-29,cape,2021,15628.0,15663.0,35.0,-757.6867458573047,-142.85714285714286,WAIT,True,False,312560.0,315760.0,-3200.0
2021-02-01,cape,2021,15663.0,15174.0,-489.0,-172.28979705187004,-142.85714285714286,WAIT,True,True,313260.0,305980.0,7280.0
2021-02-02,cape,2021,15174.0,13899.0,-1275.0,-711.173712972315,-142.85714285714286,WAIT,True,True,303480.0,280480.0,23000.0
2021-02-03,cape,2021,13899.0,13319.0,-580.0,-866.8774173397514,-142.85714285714286,WAIT,True,True,277980.0,268880.0,9100.0
2021-02-04,cape,2021,13319.0,13426.0,107.0,-542.6445272879013,-142.85714285714286,WAIT,True,False,266380.0,271020.0,-4640.0
2021-02-05,cape,2021,13426.0,13351.0,-75.0,96.89922223473624,-142.85714285714286,SPOT_INDEX,False,False,268520.0,268520.0,0.0
2021-02-08,cape,2021,13351.0,12584.0,-767.0,-100.25430118421045,-142.85714285714286,SPOT_INDEX,False,True,267020.0,267020.0,0.0
2021-02-09,cape,2021,12584.0,11831.0,-753.0,-580.9764762000409,-142.85714285714286,WAIT,True,True,251680.0,239120.0,12560.0
2021-02-10,cape,2021,11831.0,11449.0,-382.0,-493.1831155656618,-142.85714285714286,WAIT,True,True,236620.0,231480.0,5140.0
2021-02-15,cape,2021,11449.0,11972.0,523.0,-396.1529917962864,-142.85714285714286,WAIT,True,False,228980.0,241940.0,-12960.0
2021-02-16,cape,2021,11972.0,14326.0,2354.0,1321.7785934773303,-142.85714285714286,SPOT_INDEX,False,True,239440.0,239440.0,0.0
2021-02-17,cape,2021,14326.0,18137.0,3811.0,1540.5055473405912,-142.85714285714286,SPOT_INDEX,False,True,286520.0,286520.0,0.0
2021-02-18,cape,2021,18137.0,16680.0,-1457.0,1090.790079118656,-142.85714285714286,SPOT_INDEX,False,False,362740.0,362740.0,0.0
2021-02-19,cape,2021,16680.0,15521.0,-1159.0,-1171.8812496666164,-142.85714285714286,WAIT,True,True,333600.0,312920.0,20680.0
2021-02-22,cape,2021,15521.0,15140.0,-381.0,-474.3707187336082,-142.85714285714286,WAIT,True,True,310420.0,305300.0,5120.0
2021-02-23,cape,2021,15140.0,14113.0,-1027.0,-342.015294625637,-142.85714285714286,WAIT,True,True,302800.0,284760.0,18040.0
2021-02-24,cape,2021,14113.0,14036.0,-77.0,-461.7240136085085,-142.85714285714286,WAIT,True,True,282260.0,283220.0,-960.0
2021-02-25,cape,2021,14036.0,13748.0,-288.0,-149.88669824945703,-142.85714285714286,WAIT,True,True,280720.0,277460.0,3260.0
2021-02-26,cape,2021,13748.0,13278.0,-470.0,-270.82752349980933,-142.85714285714286,WAIT,True,True,274960.0,268060.0,6900.0
2021-03-02,cape,2021,13278.0,14129.0,851.0,-416.32946704614005,-142.85714285714286,WAIT,True,False,265560.0,285080.0,-19520.0
2021-03-03,cape,2021,14129.0,16581.0,2452.0,565.4088754092809,-142.85714285714286,SPOT_INDEX,False,True,282580.0,282580.0,0.0
2021-03-04,cape,2021,16581.0,16650.0,69.0,842.6057630486833,-142.85714285714286,SPOT_INDEX,False,True,331620.0,331620.0,0.0
2021-03-05,cape,2021,16650.0,17479.0,829.0,143.0421816575321,-142.85714285714286,SPOT_INDEX,False,True,333000.0,333000.0,0.0
2021-03-08,cape,2021,17479.0,17739.0,260.0,556.5417086806825,-142.85714285714286,SPOT_INDEX,False,True,349580.0,349580.0,0.0
2021-03-09,cape,2021,17739.0,19582.0,1843.0,362.55788560205656,-142.85714285714286,SPOT_INDEX,False,True,354780.0,354780.0,0.0
2021-03-10,cape,2021,19582.0,19688.0,106.0,600.035029922522,-142.85714285714286,SPOT_INDEX,False,True,391640.0,391640.0,0.0
2021-03-11,cape,2021,19688.0,19303.0,-385.0,112.50571657034048,-142.85714285714286,SPOT_INDEX,False,False,393760.0,393760.0,0.0
2021-03-12,cape,2021,19303.0,18961.0,-342.0,-231.6038894061625,-142.85714285714286,WAIT,True,True,386060.0,381720.0,4340.0
2021-03-15,cape,2021,18961.0,19336.0,375.0,-282.05663278395315,-142.85714285714286,WAIT,True,False,379220.0,389220.0,-10000.0
2021-03-16,cape,2021,19336.0,19543.0,207.0,431.85050142721985,-142.85714285714286,SPOT_INDEX,False,True,386720.0,386720.0,0.0
2021-03-17,cape,2021,19543.0,20438.0,895.0,259.7200462942511,-142.85714285714286,SPOT_INDEX,False,True,390860.0,390860.0,0.0
2021-03-18,cape,2021,20438.0,22067.0,1629.0,552.9161313496394,-142.85714285714286,SPOT_INDEX,False,True,408760.0,408760.0,0.0
2021-03-19,cape,2021,22067.0,22368.0,301.0,719.3347800006661,-142.85714285714286,SPOT_INDEX,False,True,441340.0,441340.0,0.0
2021-03-22,cape,2021,22368.0,22496.0,128.0,435.3828747589887,-142.85714285714286,SPOT_INDEX,False,True,447360.0,447360.0,0.0
2021-03-23,cape,2021,22496.0,21469.0,-1027.0,112.52535194365005,-142.85714285714286,SPOT_INDEX,False,False,449920.0,449920.0,0.0
2021-03-24,cape,2021,21469.0,20772.0,-697.0,-2014.0185011263343,-142.85714285714286,WAIT,True,True,429380.0,417940.0,11440.0
2021-03-25,cape,2021,20772.0,21290.0,518.0,-1973.3980599949616,-142.85714285714286,WAIT,True,False,415440.0,428300.0,-12860.0
2021-03-26,cape,2021,21290.0,22034.0,744.0,230.59804469596054,-142.85714285714286,SPOT_INDEX,False,True,425800.0,425800.0,0.0
2021-03-29,cape,2021,22034.0,21650.0,-384.0,393.2252548851573,-142.85714285714286,SPOT_INDEX,False,False,440680.0,440680.0,0.0
2021-03-30,cape,2021,21650.0,20882.0,-768.0,-550.4983163371996,-142.85714285714286,WAIT,True,True,433000.0,420140.0,12860.0
2021-03-31,cape,2021,20882.0,21972.0,1090.0,-2120.196673462454,-142.85714285714286,WAIT,True,False,417640.0,441940.0,-24300.0
2021-04-01,cape,2021,21972.0,23453.0,1481.0,260.98062354458534,-142.85714285714286,SPOT_INDEX,False,True,439440.0,439440.0,0.0
2021-04-02,cape,2021,23453.0,24233.0,780.0,738.9847770106744,-142.85714285714286,SPOT_INDEX,False,True,469060.0,469060.0,0.0
2021-04-06,cape,2021,24233.0,24899.0,666.0,418.0677998788041,-142.85714285714286,SPOT_INDEX,False,True,484660.0,484660.0,0.0
2021-04-07,cape,2021,24899.0,25969.0,1070.0,317.51777948313605,-142.85714285714286,SPOT_INDEX,False,True,497980.0,497980.0,0.0
2021-04-08,cape,2021,25969.0,26246.0,277.0,439.6627437900209,-142.85714285714286,SPOT_INDEX,False,True,519380.0,519380.0,0.0
2021-04-09,cape,2021,26246.0,27778.0,1532.0,86.64171043523491,-142.85714285714286,SPOT_INDEX,False,True,524920.0,524920.0,0.0
2021-04-12,cape,2021,27778.0,30234.0,2456.0,444.5385521443141,-142.85714285714286,SPOT_INDEX,False,True,555560.0,555560.0,0.0
2021-04-13,cape,2021,30234.0,29223.0,-1011.0,703.5681389115874,-142.85714285714286,SPOT_INDEX,False,False,604680.0,604680.0,0.0
2021-04-14,cape,2021,29223.0,30782.0,1559.0,-1046.3499413471502,-142.85714285714286,WAIT,True,False,584460.0,618140.0,-33680.0
2021-04-15,cape,2021,30782.0,31331.0,549.0,631.7906595248205,-142.85714285714286,SPOT_INDEX,False,True,615640.0,615640.0,0.0
2021-04-16,cape,2021,31331.0,31641.0,310.0,484.92277936583383,-142.85714285714286,SPOT_INDEX,False,True,626620.0,626620.0,0.0
2021-04-19,cape,2021,31641.0,31832.0,191.0,249.9046924051533,-142.85714285714286,SPOT_INDEX,False,True,632820.0,632820.0,0.0
2021-04-20,cape,2021,31832.0,32909.0,1077.0,304.4607882663176,-142.85714285714286,SPOT_INDEX,False,True,636640.0,636640.0,0.0
2021-04-21,cape,2021,32909.0,35475.0,2566.0,758.1862769871419,-142.85714285714286,SPOT_INDEX,False,True,658180.0,658180.0,0.0
2021-04-22,cape,2021,35475.0,35256.0,-219.0,797.2113229336035,-142.85714285714286,SPOT_INDEX,False,False,709500.0,709500.0,0.0
2021-04-23,cape,2021,35256.0,36213.0,957.0,-1036.0336563156586,-142.85714285714286,WAIT,True,False,705120.0,726760.0,-21640.0
2021-04-26,cape,2021,36213.0,37550.0,1337.0,629.9922245373251,-142.85714285714286,SPOT_INDEX,False,True,724260.0,724260.0,0.0
2021-04-27,cape,2021,37550.0,39404.0,1854.0,686.5733890695493,-142.85714285714286,SPOT_INDEX,False,True,751000.0,751000.0,0.0
2021-04-28,cape,2021,39404.0,40919.0,1515.0,671.2309258879399,-142.85714285714286,SPOT_INDEX,False,True,788080.0,788080.0,0.0
2021-04-29,cape,2021,40919.0,41613.0,694.0,506.1935196946916,-142.85714285714286,SPOT_INDEX,False,True,818380.0,818380.0,0.0
2021-04-30,cape,2021,41613.0,42309.0,696.0,-24.83655080451678,-142.85714285714286,SPOT_INDEX,False,False,832260.0,832260.0,0.0
2021-05-03,cape,2021,42309.0,42525.0,216.0,148.65293103059722,-142.85714285714286,SPOT_INDEX,False,True,846180.0,846180.0,0.0
2021-05-04,cape,2021,42525.0,47365.0,4840.0,-386.5337777906963,-142.85714285714286,WAIT,True,False,850500.0,949800.0,-99300.0
2021-05-06,cape,2021,47365.0,45071.0,-2294.0,625.5167699630673,-142.85714285714286,SPOT_INDEX,False,False,947300.0,947300.0,0.0
2021-05-07,cape,2021,45071.0,45775.0,704.0,-874.914725159748,-142.85714285714286,WAIT,True,False,901420.0,918000.0,-16580.0
2021-05-10,cape,2021,45775.0,46150.0,375.0,240.17706717833178,-142.85714285714286,SPOT_INDEX,False,True,915500.0,915500.0,0.0
2021-05-11,cape,2021,46150.0,43983.0,-2167.0,192.27643364210198,-142.85714285714286,SPOT_INDEX,False,False,923000.0,923000.0,0.0
2021-05-12,cape,2021,43983.0,41203.0,-2780.0,-1263.4172317790499,-142.85714285714286,WAIT,True,True,879660.0,826560.0,53100.0
2021-05-13,cape,2021,41203.0,39991.0,-1212.0,-1526.0192487198726,-142.85714285714286,WAIT,True,True,824060.0,802320.0,21740.0
2021-05-14,cape,2021,39991.0,35911.0,-4080.0,-2253.231488724193,-142.85714285714286,WAIT,True,True,799820.0,720720.0,79100.0
2021-05-17,cape,2021,35911.0,33875.0,-2036.0,-1790.256048795265,-142.85714285714286,WAIT,True,True,718220.0,680000.0,38220.0
2021-05-18,cape,2021,33875.0,34656.0,781.0,-2549.8647164340223,-142.85714285714286,WAIT,True,False,677500.0,695620.0,-18120.0
2021-05-20,cape,2021,34656.0,35524.0,868.0,393.73402509452325,-142.85714285714286,SPOT_INDEX,False,True,693120.0,693120.0,0.0
2021-05-21,cape,2021,35524.0,37024.0,1500.0,-26.629626363370267,-142.85714285714286,SPOT_INDEX,False,False,710480.0,710480.0,0.0
2021-05-24,cape,2021,37024.0,36611.0,-413.0,621.5533457964299,-142.85714285714286,SPOT_INDEX,False,False,740480.0,740480.0,0.0
2021-05-25,cape,2021,36611.0,34984.0,-1627.0,-1074.0549395556675,-142.85714285714286,WAIT,True,True,732220.0,702180.0,30040.0
2021-05-26,cape,2021,34984.0,32756.0,-2228.0,-1472.9061273820719,-142.85714285714286,WAIT,True,True,699680.0,657620.0,42060.0
2021-05-27,cape,2021,32756.0,30992.0,-1764.0,-999.8909592937234,-142.85714285714286,WAIT,True,True,655120.0,622340.0,32780.0
2021-05-28,cape,2021,30992.0,28909.0,-2083.0,-963.0287015204561,-142.85714285714286,WAIT,True,True,619840.0,580680.0,39160.0
2021-05-31,cape,2021,28909.0,28779.0,-130.0,-928.1661721345557,-142.85714285714286,WAIT,True,True,578180.0,578080.0,100.0
2021-06-01,cape,2021,28779.0,28176.0,-603.0,-870.8637000090783,-142.85714285714286,WAIT,True,True,575580.0,566020.0,9560.0
2021-06-02,cape,2021,28176.0,26259.0,-1917.0,-741.809387704928,-142.85714285714286,WAIT,True,True,563520.0,527680.0,35840.0
2021-06-03,cape,2021,26259.0,24937.0,-1322.0,-1225.1523630368729,-142.85714285714286,WAIT,True,True,525180.0,501240.0,23940.0
2021-06-04,cape,2021,24937.0,23793.0,-1144.0,-1110.659886814888,-142.85714285714286,WAIT,True,True,498740.0,478360.0,20380.0
2021-06-07,cape,2021,23793.0,22814.0,-979.0,-699.5541433895481,-142.85714285714286,WAIT,True,True,475860.0,458780.0,17080.0
2021-06-08,cape,2021,22814.0,22618.0,-196.0,-602.7506825686967,-142.85714285714286,WAIT,True,True,456280.0,454860.0,1420.0
2021-06-09,cape,2021,22618.0,24419.0,1801.0,-462.9668353921448,-142.85714285714286,WAIT,True,False,452360.0,490880.0,-38520.0
2021-06-10,cape,2021,24419.0,28072.0,3653.0,1240.4840203769543,-142.85714285714286,SPOT_INDEX,False,True,488380.0,488380.0,0.0
2021-06-11,cape,2021,28072.0,31503.0,3431.0,1342.3983582924006,-142.85714285714286,SPOT_INDEX,False,True,561440.0,561440.0,0.0
2021-06-14,cape,2021,31503.0,32638.0,1135.0,1290.80407017238,-142.85714285714286,SPOT_INDEX,False,True,630060.0,630060.0,0.0
2021-06-15,cape,2021,32638.0,34541.0,1903.0,818.9155583021235,-142.85714285714286,SPOT_INDEX,False,True,652760.0,652760.0,0.0
2021-06-16,cape,2021,34541.0,37218.0,2677.0,706.5401201680667,-142.85714285714286,SPOT_INDEX,False,True,690820.0,690820.0,0.0
2021-06-17,cape,2021,37218.0,36597.0,-621.0,623.7365043007945,-142.85714285714286,SPOT_INDEX,False,False,744360.0,744360.0,0.0
2021-06-18,cape,2021,36597.0,34028.0,-2569.0,-729.1497312483434,-142.85714285714286,WAIT,True,True,731940.0,683060.0,48880.0
2021-06-21,cape,2021,34028.0,32816.0,-1212.0,-855.2014671502326,-142.85714285714286,WAIT,True,True,680560.0,658820.0,21740.0
2021-06-22,cape,2021,32816.0,31870.0,-946.0,-670.658535842419,-142.85714285714286,WAIT,True,True,656320.0,639900.0,16420.0
2021-06-23,cape,2021,31870.0,33338.0,1468.0,-580.3350913878684,-142.85714285714286,WAIT,True,False,637400.0,669260.0,-31860.0
2021-06-24,cape,2021,33338.0,34869.0,1531.0,712.9273484555416,-142.85714285714286,SPOT_INDEX,False,True,666760.0,666760.0,0.0
2021-06-25,cape,2021,34869.0,35853.0,984.0,723.3488268701893,-142.85714285714286,SPOT_INDEX,False,True,697380.0,697380.0,0.0
2021-06-28,cape,2021,35853.0,36826.0,973.0,482.1748075437739,-142.85714285714286,SPOT_INDEX,False,True,717060.0,717060.0,0.0
2021-06-29,cape,2021,36826.0,36675.0,-151.0,473.00101203571745,-142.85714285714286,SPOT_INDEX,False,False,736520.0,736520.0,0.0
2021-06-30,cape,2021,36675.0,34558.0,-2117.0,-451.5275541376053,-142.85714285714286,WAIT,True,True,733500.0,693660.0,39840.0
2021-07-01,cape,2021,34558.0,32231.0,-2327.0,-595.6932881703284,-142.85714285714286,WAIT,True,True,691160.0,647120.0,44040.0
2021-07-02,cape,2021,32231.0,31203.0,-1028.0,-616.2689537262152,-142.85714285714286,WAIT,True,True,644620.0,626560.0,18060.0
2021-07-05,cape,2021,31203.0,30440.0,-763.0,-513.4842110589782,-142.85714285714286,WAIT,True,True,624060.0,611300.0,12760.0
2021-07-06,cape,2021,30440.0,30885.0,445.0,-514.6451313650963,-142.85714285714286,WAIT,True,False,608800.0,620200.0,-11400.0
2021-07-07,cape,2021,30885.0,32925.0,2040.0,432.6661960000723,-142.85714285714286,SPOT_INDEX,False,True,617700.0,617700.0,0.0
2021-07-08,cape,2021,32925.0,32894.0,-31.0,839.8225765900426,-142.85714285714286,SPOT_INDEX,False,False,658500.0,658500.0,0.0
2021-07-09,cape,2021,32894.0,33344.0,450.0,-432.4774730719419,-142.85714285714286,WAIT,True,False,657880.0,669380.0,-11500.0
2021-07-12,cape,2021,33344.0,33338.0,-6.0,176.187127884065,-142.85714285714286,SPOT_INDEX,False,False,666880.0,666880.0,0.0
2021-07-13,cape,2021,33338.0,32240.0,-1098.0,-472.90251769643595,-142.85714285714286,WAIT,True,True,666760.0,647300.0,19460.0
2021-07-14,cape,2021,32240.0,30807.0,-1433.0,-1099.7926833378735,-142.85714285714286,WAIT,True,True,644800.0,618640.0,26160.0
2021-07-15,cape,2021,30807.0,31130.0,323.0,-2620.2221541629992,-142.85714285714286,WAIT,True,False,616140.0,625100.0,-8960.0
2021-07-16,cape,2021,31130.0,31478.0,348.0,141.08905770305003,-142.85714285714286,SPOT_INDEX,False,True,622600.0,622600.0,0.0
2021-07-19,cape,2021,31478.0,32105.0,627.0,197.3875213129413,-142.85714285714286,SPOT_INDEX,False,True,629560.0,629560.0,0.0
2021-07-20,cape,2021,32105.0,32265.0,160.0,319.7340050023329,-142.85714285714286,SPOT_INDEX,False,True,642100.0,642100.0,0.0
2021-07-21,cape,2021,32265.0,33071.0,806.0,-81.9040240914683,-142.85714285714286,SPOT_INDEX,False,False,645300.0,645300.0,0.0
2021-07-22,cape,2021,33071.0,35931.0,2860.0,257.92936582070377,-142.85714285714286,SPOT_INDEX,False,True,661420.0,661420.0,0.0
2021-07-23,cape,2021,35931.0,36964.0,1033.0,658.2495859814045,-142.85714285714286,SPOT_INDEX,False,True,718620.0,718620.0,0.0
2021-07-26,cape,2021,36964.0,36476.0,-488.0,606.0336983882737,-142.85714285714286,SPOT_INDEX,False,False,739280.0,739280.0,0.0
2021-07-27,cape,2021,36476.0,36045.0,-431.0,-740.2398166934049,-142.85714285714286,WAIT,True,True,729520.0,723400.0,6120.0
2021-07-28,cape,2021,36045.0,37268.0,1223.0,-914.6540626094372,-142.85714285714286,WAIT,True,False,720900.0,747860.0,-26960.0
2021-07-29,cape,2021,37268.0,38885.0,1617.0,167.09382558832897,-142.85714285714286,SPOT_INDEX,False,True,745360.0,745360.0,0.0
2021-07-30,cape,2021,38885.0,40738.0,1853.0,251.2590804780062,-142.85714285714286,SPOT_INDEX,False,True,777700.0,777700.0,0.0
2021-08-02,cape,2021,40738.0,40154.0,-584.0,463.27256564721915,-142.85714285714286,SPOT_INDEX,False,False,814760.0,814760.0,0.0
2021-08-03,cape,2021,40154.0,40292.0,138.0,-624.5345685550557,-142.85714285714286,WAIT,True,False,803080.0,808340.0,-5260.0
2021-08-04,cape,2021,40292.0,41158.0,866.0,-143.95749307862565,-142.85714285714286,WAIT,True,False,805840.0,825660.0,-19820.0
2021-08-05,cape,2021,41158.0,41794.0,636.0,457.7506393061256,-142.85714285714286,SPOT_INDEX,False,True,823160.0,823160.0,0.0
2021-08-06,cape,2021,41794.0,41075.0,-719.0,261.0528488090446,-142.85714285714286,SPOT_INDEX,False,False,835880.0,835880.0,0.0
2021-08-09,cape,2021,41075.0,41436.0,361.0,-854.8393594036775,-142.85714285714286,WAIT,True,False,821500.0,831220.0,-9720.0
2021-08-10,cape,2021,41436.0,40656.0,-780.0,413.74933445407305,-142.85714285714286,SPOT_INDEX,False,False,828720.0,828720.0,0.0
2021-08-11,cape,2021,40656.0,41431.0,775.0,-913.8826092545237,-142.85714285714286,WAIT,True,False,813120.0,831120.0,-18000.0
2021-08-12,cape,2021,41431.0,42253.0,822.0,547.1291636215061,-142.85714285714286,SPOT_INDEX,False,True,828620.0,828620.0,0.0
2021-08-13,cape,2021,42253.0,44610.0,2357.0,501.76977802311376,-142.85714285714286,SPOT_INDEX,False,True,845060.0,845060.0,0.0
2021-08-17,cape,2021,44610.0,45706.0,1096.0,499.970622340892,-142.85714285714286,SPOT_INDEX,False,True,892200.0,892200.0,0.0
2021-08-18,cape,2021,45706.0,49058.0,3352.0,403.1067764856465,-142.85714285714286,SPOT_INDEX,False,True,914120.0,914120.0,0.0
2021-08-19,cape,2021,49058.0,51669.0,2611.0,488.2063157438951,-142.85714285714286,SPOT_INDEX,False,True,981160.0,981160.0,0.0
2021-08-20,cape,2021,51669.0,52866.0,1197.0,282.0713905645282,-142.85714285714286,SPOT_INDEX,False,True,1033380.0,1033380.0,0.0
2021-08-23,cape,2021,52866.0,53739.0,873.0,180.50905507183606,-142.85714285714286,SPOT_INDEX,False,True,1057320.0,1057320.0,0.0
2021-08-24,cape,2021,53739.0,53921.0,182.0,215.15628177864656,-142.85714285714286,SPOT_INDEX,False,True,1074780.0,1074780.0,0.0
2021-08-25,cape,2021,53921.0,52462.0,-1459.0,-243.32728698243722,-142.85714285714286,WAIT,True,True,1078420.0,1051740.0,26680.0
2021-08-26,cape,2021,52462.0,52481.0,19.0,-1120.985584189546,-142.85714285714286,WAIT,True,False,1049240.0,1052120.0,-2880.0
2021-08-27,cape,2021,52481.0,52806.0,325.0,-730.7768838429,-142.85714285714286,WAIT,True,False,1049620.0,1058620.0,-9000.0
2021-08-30,cape,2021,52806.0,52350.0,-456.0,-336.22365064828153,-142.85714285714286,WAIT,True,True,1056120.0,1049500.0,6620.0
2021-08-31,cape,2021,52350.0,49325.0,-3025.0,-1076.1561963807735,-142.85714285714286,WAIT,True,True,1047000.0,989000.0,58000.0
2021-09-01,cape,2021,49325.0,47731.0,-1594.0,-1645.1428369847827,-142.85714285714286,WAIT,True,True,986500.0,957120.0,29380.0
2021-09-02,cape,2021,47731.0,48089.0,358.0,-1629.2710610290917,-142.85714285714286,WAIT,True,False,954620.0,964280.0,-9660.0
2021-09-03,cape,2021,48089.0,47250.0,-839.0,-222.58550701055444,-142.85714285714286,WAIT,True,True,961780.0,947500.0,14280.0
2021-09-06,cape,2021,47250.0,44069.0,-3181.0,-1612.921054288981,-142.85714285714286,WAIT,True,True,945000.0,883880.0,61120.0
2021-09-07,cape,2021,44069.0,42666.0,-1403.0,-1812.8695518696325,-142.85714285714286,WAIT,True,True,881380.0,855820.0,25560.0
2021-09-08,cape,2021,42666.0,41697.0,-969.0,-2116.7541601464677,-142.85714285714286,WAIT,True,True,853320.0,836440.0,16880.0
2021-09-09,cape,2021,41697.0,43463.0,1766.0,-1766.040516463908,-142.85714285714286,WAIT,True,False,833940.0,871760.0,-37820.0
2021-09-10,cape,2021,43463.0,49061.0,5598.0,877.5334870797477,-142.85714285714286,SPOT_INDEX,False,True,869260.0,869260.0,0.0
2021-09-13,cape,2021,49061.0,55922.0,6861.0,812.8105456818832,-142.85714285714286,SPOT_INDEX,False,True,981220.0,981220.0,0.0
2021-09-14,cape,2021,55922.0,55132.0,-790.0,634.6190814359197,-142.85714285714286,SPOT_INDEX,False,False,1118440.0,1118440.0,0.0
2021-09-15,cape,2021,55132.0,53615.0,-1517.0,-1098.2330164248908,-142.85714285714286,WAIT,True,True,1102640.0,1074800.0,27840.0
2021-09-16,cape,2021,53615.0,53663.0,48.0,-1264.300891802384,-142.85714285714286,WAIT,True,False,1072300.0,1075760.0,-3460.0
2021-09-17,cape,2021,53663.0,64784.0,11121.0,-720.9789340764789,-142.85714285714286,WAIT,True,False,1073260.0,1298180.0,-224920.0
2021-09-23,cape,2021,64784.0,64506.0,-278.0,741.4568399966676,-142.85714285714286,SPOT_INDEX,False,False,1295680.0,1295680.0,0.0
2021-09-24,cape,2021,64506.0,64342.0,-164.0,-810.4207126499907,-142.85714285714286,WAIT,True,True,1290120.0,1289340.0,780.0
2021-09-27,cape,2021,64342.0,66897.0,2555.0,-978.8940371619686,-142.85714285714286,WAIT,True,False,1286840.0,1340440.0,-53600.0
2021-09-28,cape,2021,66897.0,74331.0,7434.0,197.90077085814764,-142.85714285714286,SPOT_INDEX,False,True,1337940.0,1337940.0,0.0
2021-09-29,cape,2021,74331.0,78097.0,3766.0,524.6724886049135,-142.85714285714286,SPOT_INDEX,False,True,1486620.0,1486620.0,0.0
2021-09-30,cape,2021,78097.0,77372.0,-725.0,336.1811956064311,-142.85714285714286,SPOT_INDEX,False,False,1561940.0,1561940.0,0.0
2021-10-01,cape,2021,77372.0,80438.0,3066.0,-1151.38455182404,-142.85714285714286,WAIT,True,False,1547440.0,1611260.0,-63820.0
2021-10-05,cape,2021,80438.0,84800.0,4362.0,299.03417382462044,-142.85714285714286,SPOT_INDEX,False,True,1608760.0,1608760.0,0.0
2021-10-06,cape,2021,84800.0,88256.0,3456.0,342.7249384045016,-142.85714285714286,SPOT_INDEX,False,True,1696000.0,1696000.0,0.0
2021-10-07,cape,2021,88256.0,84950.0,-3306.0,305.1642956087346,-142.85714285714286,SPOT_INDEX,False,False,1765120.0,1765120.0,0.0
2021-10-08,cape,2021,84950.0,81041.0,-3909.0,-1770.5565885763808,-142.85714285714286,WAIT,True,True,1699000.0,1623320.0,75680.0
2021-10-12,cape,2021,81041.0,77329.0,-3712.0,-1677.2173183017376,-142.85714285714286,WAIT,True,True,1620820.0,1549080.0,71740.0
2021-10-13,cape,2021,77329.0,74156.0,-3173.0,-1702.2005015159916,-142.85714285714286,WAIT,True,True,1546580.0,1485620.0,60960.0
2021-10-14,cape,2021,74156.0,67436.0,-6720.0,-1688.0842347587004,-142.85714285714286,WAIT,True,True,1483120.0,1351220.0,131900.0
2021-10-15,cape,2021,67436.0,61550.0,-5886.0,-2158.157435727265,-142.85714285714286,WAIT,True,True,1348720.0,1233500.0,115220.0
2021-10-18,cape,2021,61550.0,59409.0,-2141.0,-2001.2672687635556,-142.85714285714286,WAIT,True,True,1231000.0,1190680.0,40320.0
2021-10-19,cape,2021,59409.0,59203.0,-206.0,-2150.2522193907403,-142.85714285714286,WAIT,True,True,1188180.0,1186560.0,1620.0
2021-10-20,cape,2021,59203.0,57748.0,-1455.0,-1129.96831594157,-142.85714285714286,WAIT,True,True,1184060.0,1157460.0,26600.0
2021-10-21,cape,2021,57748.0,53363.0,-4385.0,-1651.1159577325711,-142.85714285714286,WAIT,True,True,1154960.0,1069760.0,85200.0
2021-10-22,cape,2021,53363.0,50278.0,-3085.0,-1756.2533879841812,-142.85714285714286,WAIT,True,True,1067260.0,1008060.0,59200.0
2021-10-25,cape,2021,50278.0,45031.0,-5247.0,-1812.992500889069,-142.85714285714286,WAIT,True,True,1005560.0,903120.0,102440.0
2021-10-26,cape,2021,45031.0,41206.0,-3825.0,-1779.000725508883,-142.85714285714286,WAIT,True,True,900620.0,826620.0,74000.0
2021-10-27,cape,2021,41206.0,38773.0,-2433.0,-2398.401421198588,-142.85714285714286,WAIT,True,True,824120.0,777960.0,46160.0
2021-10-28,cape,2021,38773.0,38244.0,-529.0,-3157.416292396472,-142.85714285714286,WAIT,True,True,775460.0,767380.0,8080.0
2021-10-29,cape,2021,38244.0,37197.0,-1047.0,-2994.9555911182692,-142.85714285714286,WAIT,True,True,764880.0,746440.0,18440.0
2021-11-01,cape,2021,37197.0,34422.0,-2775.0,-3245.42001556007,-142.85714285714286,WAIT,True,True,743940.0,690940.0,53000.0
2021-11-02,cape,2021,34422.0,30480.0,-3942.0,-3211.688317816492,-142.85714285714286,WAIT,True,True,688440.0,612100.0,76340.0
2021-11-03,cape,2021,30480.0,27675.0,-2805.0,-3248.76636816778,-142.85714285714286,WAIT,True,True,609600.0,556000.0,53600.0
2021-11-04,cape,2021,27675.0,27100.0,-575.0,-3243.8763681677797,-142.85714285714286,WAIT,True,True,553500.0,544500.0,9000.0
2021-11-05,cape,2021,27100.0,27610.0,510.0,-3009.2841223730693,-142.85714285714286,WAIT,True,False,542000.0,554700.0,-12700.0
2021-11-08,cape,2021,27610.0,29553.0,1943.0,-417.4221120066632,-142.85714285714286,WAIT,True,False,552200.0,593560.0,-41360.0
2021-11-09,cape,2021,29553.0,32119.0,2566.0,1182.066524669139,-142.85714285714286,SPOT_INDEX,False,True,591060.0,591060.0,0.0
2021-11-10,cape,2021,32119.0,33263.0,1144.0,1430.9237695322286,-142.85714285714286,SPOT_INDEX,False,True,642380.0,642380.0,0.0
2021-11-11,cape,2021,33263.0,33534.0,271.0,568.8981645163825,-142.85714285714286,SPOT_INDEX,False,True,665260.0,665260.0,0.0
2021-11-12,cape,2021,33534.0,33464.0,-70.0,-478.9505991911197,-142.85714285714286,WAIT,True,True,670680.0,671780.0,-1100.0
2021-11-15,cape,2021,33464.0,31823.0,-1641.0,-791.0270115203185,-142.85714285714286,WAIT,True,True,669280.0,638960.0,30320.0
2021-11-16,cape,2021,31823.0,27638.0,-4185.0,-2383.8785973984914,-142.85714285714286,WAIT,True,True,636460.0,555260.0,81200.0
2021-11-17,cape,2021,27638.0,27127.0,-511.0,-2405.0607835978863,-142.85714285714286,WAIT,True,True,552760.0,545040.0,7720.0
2021-11-18,cape,2021,27127.0,29281.0,2154.0,-2600.238488855002,-142.85714285714286,WAIT,True,False,542540.0,588120.0,-45580.0
2021-11-19,cape,2021,29281.0,31419.0,2138.0,1309.206044293681,-142.85714285714286,SPOT_INDEX,False,True,585620.0,585620.0,0.0
2021-11-22,cape,2021,31419.0,34813.0,3394.0,832.2548256914358,-142.85714285714286,SPOT_INDEX,False,True,628380.0,628380.0,0.0
2021-11-23,cape,2021,34813.0,35037.0,224.0,590.1280575652805,-142.85714285714286,SPOT_INDEX,False,True,696260.0,696260.0,0.0
2021-11-24,cape,2021,35037.0,32393.0,-2644.0,-12.214354907047174,-142.85714285714286,SPOT_INDEX,False,True,700740.0,700740.0,0.0
2021-11-25,cape,2021,32393.0,33159.0,766.0,-1029.7013165526428,-142.85714285714286,WAIT,True,False,647860.0,665680.0,-17820.0
2021-11-26,cape,2021,33159.0,34767.0,1608.0,352.05817719860636,-142.85714285714286,SPOT_INDEX,False,True,663180.0,663180.0,0.0
2021-11-29,cape,2021,34767.0,37686.0,2919.0,416.3357179891563,-142.85714285714286,SPOT_INDEX,False,True,695340.0,695340.0,0.0
2021-11-30,cape,2021,37686.0,38844.0,1158.0,636.7121525709302,-142.85714285714286,SPOT_INDEX,False,True,753720.0,753720.0,0.0
2021-12-01,cape,2021,38844.0,37659.0,-1185.0,555.3263262595199,-142.85714285714286,SPOT_INDEX,False,False,776880.0,776880.0,0.0
2021-12-02,cape,2021,37659.0,38360.0,701.0,-1103.0381111057736,-142.85714285714286,WAIT,True,False,753180.0,769700.0,-16520.0
2021-12-03,cape,2021,38360.0,38481.0,121.0,278.6974924465683,-142.85714285714286,SPOT_INDEX,False,True,767200.0,767200.0,0.0
2021-12-06,cape,2021,38481.0,40194.0,1713.0,15.4275584415703,-142.85714285714286,SPOT_INDEX,False,True,769620.0,769620.0,0.0
2021-12-07,cape,2021,40194.0,43178.0,2984.0,322.6238004298155,-142.85714285714286,SPOT_INDEX,False,True,803880.0,803880.0,0.0
2021-12-08,cape,2021,43178.0,44255.0,1077.0,486.6568936864026,-142.85714285714286,SPOT_INDEX,False,True,863560.0,863560.0,0.0
2021-12-09,cape,2021,44255.0,41784.0,-2471.0,96.43773750891536,-142.85714285714286,SPOT_INDEX,False,False,885100.0,885100.0,0.0
2021-12-10,cape,2021,41784.0,39550.0,-2234.0,-1808.9436697271633,-142.85714285714286,WAIT,True,True,835680.0,793500.0,42180.0
2021-12-13,cape,2021,39550.0,37872.0,-1678.0,-1567.2158228269554,-142.85714285714286,WAIT,True,True,791000.0,759940.0,31060.0
2021-12-14,cape,2021,37872.0,32894.0,-4978.0,-1600.9247609210431,-142.85714285714286,WAIT,True,True,757440.0,660380.0,97060.0
2021-12-15,cape,2021,32894.0,26691.0,-6203.0,-2025.7131055709935,-142.85714285714286,WAIT,True,True,657880.0,536320.0,121560.0
2021-12-16,cape,2021,26691.0,24619.0,-2072.0,-3075.4365021809062,-142.85714285714286,WAIT,True,True,533820.0,494880.0,38940.0
2021-12-17,cape,2021,24619.0,22941.0,-1678.0,-4168.917447840132,-142.85714285714286,WAIT,True,True,492380.0,461320.0,31060.0
2021-12-20,cape,2021,22941.0,24145.0,1204.0,-4036.731994532652,-142.85714285714286,WAIT,True,False,458820.0,485400.0,-26580.0
2021-12-21,cape,2021,24145.0,22691.0,-1454.0,507.70556051511943,-142.85714285714286,SPOT_INDEX,False,False,482900.0,482900.0,0.0
2021-12-22,cape,2021,22691.0,21873.0,-818.0,-1728.922092386254,-142.85714285714286,WAIT,True,True,453820.0,439960.0,13860.0
2021-12-23,cape,2021,21873.0,20979.0,-894.0,-1677.8954494357595,-142.85714285714286,WAIT,True,True,437460.0,422080.0,15380.0
2021-12-24,cape,2021,20979.0,21821.0,842.0,-1611.916916780277,-142.85714285714286,WAIT,True,False,419580.0,438920.0,-19340.0
2022-01-03,panamax,2022,25054.0,25344.0,290.0,305.3326040253376,-109.18367346938774,SPOT_INDEX,False,True,501080.0,501080.0,0.0
2022-01-04,panamax,2022,25344.0,26207.0,863.0,212.08476665433483,-109.18367346938774,SPOT_INDEX,False,True,506880.0,506880.0,0.0
2022-01-05,panamax,2022,26207.0,26808.0,601.0,328.46555636956805,-109.18367346938774,SPOT_INDEX,False,True,524140.0,524140.0,0.0
2022-01-06,panamax,2022,26808.0,26829.0,21.0,270.4809573538063,-109.18367346938774,SPOT_INDEX,False,True,536160.0,536160.0,0.0
2022-01-07,panamax,2022,26829.0,26011.0,-818.0,156.24139371794786,-109.18367346938774,SPOT_INDEX,False,False,536580.0,536580.0,0.0
2022-01-10,panamax,2022,26011.0,25083.0,-928.0,-281.7904903494209,-109.18367346938774,WAIT,True,True,520220.0,504160.0,16060.0
2022-01-11,panamax,2022,25083.0,24377.0,-706.0,-3.1523980860400984,-109.18367346938774,SPOT_INDEX,False,True,501660.0,501660.0,0.0
2022-01-12,panamax,2022,24377.0,23333.0,-1044.0,-261.6519464543268,-109.18367346938774,WAIT,True,True,487540.0,469160.0,18380.0
2022-01-13,panamax,2022,23333.0,22598.0,-735.0,-260.87043804723464,-109.18367346938774,WAIT,True,True,466660.0,454460.0,12200.0
2022-01-14,panamax,2022,22598.0,22260.0,-338.0,-389.0134451149899,-109.18367346938774,WAIT,True,True,451960.0,447700.0,4260.0
2022-01-17,panamax,2022,22260.0,21609.0,-651.0,-300.80485419670134,-109.18367346938774,WAIT,True,True,445200.0,434680.0,10520.0
2022-01-18,panamax,2022,21609.0,20689.0,-920.0,234.08965934838875,-109.18367346938774,SPOT_INDEX,False,False,432180.0,432180.0,0.0
2022-01-19,panamax,2022,20689.0,19769.0,-920.0,211.99042160436534,-109.18367346938774,SPOT_INDEX,False,False,413780.0,413780.0,0.0
2022-01-20,panamax,2022,19769.0,19415.0,-354.0,246.48821061008996,-109.18367346938774,SPOT_INDEX,False,False,395380.0,395380.0,0.0
2022-01-21,panamax,2022,19415.0,19354.0,-61.0,244.50220388979366,-109.18367346938774,SPOT_INDEX,False,False,388300.0,388300.0,0.0
2022-01-24,panamax,2022,19354.0,19411.0,57.0,-133.33824030944317,-109.18367346938774,WAIT,True,False,387080.0,390720.0,-3640.0
2022-01-25,panamax,2022,19411.0,19059.0,-352.0,111.8643951150776,-109.18367346938774,SPOT_INDEX,False,False,388220.0,388220.0,0.0
2022-01-26,panamax,2022,19059.0,18375.0,-684.0,-316.3055170718211,-109.18367346938774,WAIT,True,True,381180.0,370000.0,11180.0
2022-01-27,panamax,2022,18375.0,18126.0,-249.0,-250.16082840561782,-109.18367346938774,WAIT,True,True,367500.0,365020.0,2480.0
2022-01-28,panamax,2022,18126.0,17511.0,-615.0,-220.24097005248575,-109.18367346938774,WAIT,True,True,362520.0,352720.0,9800.0
2022-02-03,panamax,2022,17511.0,17573.0,62.0,-284.55020996853233,-109.18367346938774,WAIT,True,False,350220.0,353960.0,-3740.0
2022-02-04,panamax,2022,17573.0,17776.0,203.0,129.6933476526974,-109.18367346938774,SPOT_INDEX,False,True,351460.0,351460.0,0.0
2022-02-07,panamax,2022,17776.0,18656.0,880.0,176.83054741199274,-109.18367346938774,SPOT_INDEX,False,True,355520.0,355520.0,0.0
2022-02-08,panamax,2022,18656.0,19459.0,803.0,248.6566258441917,-109.18367346938774,SPOT_INDEX,False,True,373120.0,373120.0,0.0
2022-02-09,panamax,2022,19459.0,20454.0,995.0,315.22867875183124,-109.18367346938774,SPOT_INDEX,False,True,389180.0,389180.0,0.0
2022-02-10,panamax,2022,20454.0,21590.0,1136.0,504.9547982887704,-109.18367346938774,SPOT_INDEX,False,True,409080.0,409080.0,0.0
2022-02-11,panamax,2022,21590.0,22266.0,676.0,307.41500015930603,-109.18367346938774,SPOT_INDEX,False,True,431800.0,431800.0,0.0
2022-02-14,panamax,2022,22266.0,22358.0,92.0,307.4735950925745,-109.18367346938774,SPOT_INDEX,False,True,445320.0,445320.0,0.0
2022-02-15,panamax,2022,22358.0,22181.0,-177.0,127.65793646943499,-109.18367346938774,SPOT_INDEX,False,False,447160.0,447160.0,0.0
2022-02-16,panamax,2022,22181.0,21946.0,-235.0,-252.74305807265384,-109.18367346938774,WAIT,True,True,443620.0,441420.0,2200.0
2022-02-17,panamax,2022,21946.0,21846.0,-100.0,-249.6883160781499,-109.18367346938774,WAIT,True,True,438920.0,439420.0,-500.0
2022-02-18,panamax,2022,21846.0,21964.0,118.0,-177.1165883469439,-109.18367346938774,WAIT,True,False,436920.0,441780.0,-4860.0
2022-02-21,panamax,2022,21964.0,22558.0,594.0,195.71656614063934,-109.18367346938774,SPOT_INDEX,False,True,439280.0,439280.0,0.0
2022-02-22,panamax,2022,22558.0,23944.0,1386.0,495.49378943921675,-109.18367346938774,SPOT_INDEX,False,True,451160.0,451160.0,0.0
2022-02-23,panamax,2022,23944.0,25156.0,1212.0,313.46085744335375,-109.18367346938774,SPOT_INDEX,False,True,478880.0,478880.0,0.0
2022-02-24,panamax,2022,25156.0,25205.0,49.0,267.1870652332565,-109.18367346938774,SPOT_INDEX,False,True,503120.0,503120.0,0.0
2022-02-25,panamax,2022,25205.0,25145.0,-60.0,75.9059219636569,-109.18367346938774,SPOT_INDEX,False,False,504100.0,504100.0,0.0
2022-02-28,panamax,2022,25145.0,25577.0,432.0,-158.4290886261791,-109.18367346938774,WAIT,True,False,502900.0,514040.0,-11140.0
2022-03-02,panamax,2022,25577.0,25898.0,321.0,299.5560430130961,-109.18367346938774,SPOT_INDEX,False,True,511540.0,511540.0,0.0
2022-03-03,panamax,2022,25898.0,26421.0,523.0,241.52718751177116,-109.18367346938774,SPOT_INDEX,False,True,517960.0,517960.0,0.0
2022-03-04,panamax,2022,26421.0,27073.0,652.0,249.92259492195544,-109.18367346938774,SPOT_INDEX,False,True,528420.0,528420.0,0.0
2022-03-07,panamax,2022,27073.0,27737.0,664.0,295.6466836539978,-109.18367346938774,SPOT_INDEX,False,True,541460.0,541460.0,0.0
2022-03-08,panamax,2022,27737.0,30393.0,2656.0,299.3545407968549,-109.18367346938774,SPOT_INDEX,False,True,554740.0,554740.0,0.0
2022-03-10,panamax,2022,30393.0,30866.0,473.0,416.71159082249574,-109.18367346938774,SPOT_INDEX,False,True,607860.0,607860.0,0.0
2022-03-11,panamax,2022,30866.0,30606.0,-260.0,261.8274882923707,-109.18367346938774,SPOT_INDEX,False,False,617320.0,617320.0,0.0
2022-03-14,panamax,2022,30606.0,29856.0,-750.0,-160.98848579008285,-109.18367346938774,WAIT,True,True,612120.0,599620.0,12500.0
2022-03-15,panamax,2022,29856.0,28789.0,-1067.0,-270.293414807841,-109.18367346938774,WAIT,True,True,597120.0,578280.0,18840.0
2022-03-16,panamax,2022,28789.0,27914.0,-875.0,-3.520558825561711,-109.18367346938774,SPOT_INDEX,False,True,575780.0,575780.0,0.0
2022-03-17,panamax,2022,27914.0,27634.0,-280.0,-171.09137457254374,-109.18367346938774,WAIT,True,True,558280.0,555180.0,3100.0
2022-03-18,panamax,2022,27634.0,27735.0,101.0,-200.56390000306325,-109.18367346938774,WAIT,True,False,552680.0,557200.0,-4520.0
2022-03-21,panamax,2022,27735.0,28095.0,360.0,144.55125610785836,-109.18367346938774,SPOT_INDEX,False,True,554700.0,554700.0,0.0
2022-03-22,panamax,2022,28095.0,28955.0,860.0,212.93877871772605,-109.18367346938774,SPOT_INDEX,False,True,561900.0,561900.0,0.0
2022-03-23,panamax,2022,28955.0,30019.0,1064.0,246.3450278426977,-109.18367346938774,SPOT_INDEX,False,True,579100.0,579100.0,0.0
2022-03-24,panamax,2022,30019.0,30565.0,546.0,251.77575893227475,-109.18367346938774,SPOT_INDEX,False,True,600380.0,600380.0,0.0
2022-03-25,panamax,2022,30565.0,30552.0,-13.0,212.24160256481903,-109.18367346938774,SPOT_INDEX,False,False,611300.0,611300.0,0.0
2022-03-28,panamax,2022,30552.0,30372.0,-180.0,-232.4921340736867,-109.18367346938774,WAIT,True,True,611040.0,609940.0,1100.0
2022-03-29,panamax,2022,30372.0,29850.0,-522.0,-349.0590093766064,-109.18367346938774,WAIT,True,True,607440.0,599500.0,7940.0
2022-03-30,panamax,2022,29850.0,29247.0,-603.0,-72.6083284490564,-109.18367346938774,SPOT_INDEX,False,True,597000.0,597000.0,0.0
2022-03-31,panamax,2022,29247.0,28625.0,-622.0,-77.28969595126351,-109.18367346938774,SPOT_INDEX,False,True,584940.0,584940.0,0.0
2022-04-01,panamax,2022,28625.0,28115.0,-510.0,-316.51511763840824,-109.18367346938774,WAIT,True,True,572500.0,564800.0,7700.0
2022-04-04,panamax,2022,28115.0,27699.0,-416.0,-56.83406174570737,-109.18367346938774,SPOT_INDEX,False,True,562300.0,562300.0,0.0
2022-04-05,panamax,2022,27699.0,27045.0,-654.0,-373.64298872486796,-109.18367346938774,WAIT,True,True,553980.0,543400.0,10580.0
2022-04-06,panamax,2022,27045.0,25945.0,-1100.0,-345.23728887954184,-109.18367346938774,WAIT,True,True,540900.0,521400.0,19500.0
2022-04-07,panamax,2022,25945.0,25680.0,-265.0,-249.81067056977895,-109.18367346938774,WAIT,True,True,518900.0,516100.0,2800.0
2022-04-08,panamax,2022,25680.0,25366.0,-314.0,-333.3848357515126,-109.18367346938774,WAIT,True,True,513600.0,509820.0,3780.0
2022-04-11,panamax,2022,25366.0,25331.0,-35.0,-108.80761188547085,-109.18367346938774,SPOT_INDEX,False,True,507320.0,507320.0,0.0
2022-04-12,panamax,2022,25331.0,26019.0,688.0,-40.214715315963886,-109.18367346938774,SPOT_INDEX,False,False,506620.0,506620.0,0.0
2022-04-13,panamax,2022,26019.0,26733.0,714.0,246.7186431991284,-109.18367346938774,SPOT_INDEX,False,True,520380.0,520380.0,0.0
2022-04-14,panamax,2022,26733.0,26892.0,159.0,242.12466050054041,-109.18367346938774,SPOT_INDEX,False,True,534660.0,534660.0,0.0
2022-04-15,panamax,2022,26892.0,26887.0,-5.0,227.76004702507402,-109.18367346938774,SPOT_INDEX,False,False,537840.0,537840.0,0.0
2022-04-18,panamax,2022,26887.0,26894.0,7.0,-77.37750671581307,-109.18367346938774,SPOT_INDEX,False,False,537740.0,537740.0,0.0
2022-04-19,panamax,2022,26894.0,27145.0,251.0,-73.8515023381211,-109.18367346938774,SPOT_INDEX,False,False,537880.0,537880.0,0.0
2022-04-20,panamax,2022,27145.0,27113.0,-32.0,243.7840695122684,-109.18367346938774,SPOT_INDEX,False,False,542900.0,542900.0,0.0
2022-04-21,panamax,2022,27113.0,26969.0,-144.0,-131.5456880104493,-109.18367346938774,WAIT,True,True,542260.0,541880.0,380.0
2022-04-22,panamax,2022,26969.0,26845.0,-124.0,-168.50449107798357,-109.18367346938774,WAIT,True,True,539380.0,539400.0,-20.0
2022-04-25,panamax,2022,26845.0,26689.0,-156.0,-168.3724006065532,-109.18367346938774,WAIT,True,True,536900.0,536280.0,620.0
2022-04-26,panamax,2022,26689.0,26440.0,-249.0,-155.51983506654125,-109.18367346938774,WAIT,True,True,533780.0,531300.0,2480.0
2022-04-27,panamax,2022,26440.0,26316.0,-124.0,-187.4087628374252,-109.18367346938774,WAIT,True,True,528800.0,528820.0,-20.0
2022-04-28,panamax,2022,26316.0,26292.0,-24.0,-161.50381002953355,-109.18367346938774,WAIT,True,True,526320.0,528340.0,-2020.0
2022-04-29,panamax,2022,26292.0,26126.0,-166.0,-147.6036298956448,-109.18367346938774,WAIT,True,True,525840.0,525020.0,820.0
2022-05-02,panamax,2022,26126.0,25983.0,-143.0,-384.851104012199,-109.18367346938774,WAIT,True,True,522520.0,522160.0,360.0
2022-05-03,panamax,2022,25983.0,26434.0,451.0,-183.71356394182428,-109.18367346938774,WAIT,True,False,519660.0,531180.0,-11520.0
2022-05-04,panamax,2022,26434.0,27931.0,1497.0,207.054521508989,-109.18367346938774,SPOT_INDEX,False,True,528680.0,528680.0,0.0
2022-05-06,panamax,2022,27931.0,28388.0,457.0,319.30495775066606,-109.18367346938774,SPOT_INDEX,False,True,558620.0,558620.0,0.0
2022-05-09,panamax,2022,28388.0,29549.0,1161.0,280.82868467161745,-109.18367346938774,SPOT_INDEX,False,True,567760.0,567760.0,0.0
2022-05-10,panamax,2022,29549.0,30267.0,718.0,330.02981249352194,-109.18367346938774,SPOT_INDEX,False,True,590980.0,590980.0,0.0
2022-05-11,panamax,2022,30267.0,30504.0,237.0,321.56857964528905,-109.18367346938774,SPOT_INDEX,False,True,605340.0,605340.0,0.0
2022-05-12,panamax,2022,30504.0,30540.0,36.0,267.51777195105615,-109.18367346938774,SPOT_INDEX,False,True,610080.0,610080.0,0.0
2022-05-13,panamax,2022,30540.0,30315.0,-225.0,46.824764150219664,-109.18367346938774,SPOT_INDEX,False,False,610800.0,610800.0,0.0
2022-05-16,panamax,2022,30315.0,30015.0,-300.0,-190.2588201445399,-109.18367346938774,WAIT,True,True,606300.0,602800.0,3500.0
2022-05-17,panamax,2022,30015.0,30562.0,547.0,-282.1057417834504,-109.18367346938774,WAIT,True,False,600300.0,613740.0,-13440.0
2022-05-18,panamax,2022,30562.0,31241.0,679.0,228.323235887926,-109.18367346938774,SPOT_INDEX,False,True,611240.0,611240.0,0.0
2022-05-19,panamax,2022,31241.0,31337.0,96.0,326.2278155673142,-109.18367346938774,SPOT_INDEX,False,True,624820.0,624820.0,0.0
2022-05-20,panamax,2022,31337.0,31564.0,227.0,83.2790950480596,-109.18367346938774,SPOT_INDEX,False,True,626740.0,626740.0,0.0
2022-05-23,panamax,2022,31564.0,31525.0,-39.0,285.31961119310085,-109.18367346938774,SPOT_INDEX,False,False,631280.0,631280.0,0.0
2022-05-24,panamax,2022,31525.0,31347.0,-178.0,-181.2431578266679,-109.18367346938774,WAIT,True,True,630500.0,629440.0,1060.0
2022-05-25,panamax,2022,31347.0,30547.0,-800.0,-363.3983028804954,-109.18367346938774,WAIT,True,True,626940.0,613440.0,13500.0
2022-05-26,panamax,2022,30547.0,29960.0,-587.0,-344.2419692936847,-109.18367346938774,WAIT,True,True,610940.0,601700.0,9240.0
2022-05-27,panamax,2022,29960.0,29077.0,-883.0,-374.845743944665,-109.18367346938774,WAIT,True,True,599200.0,584040.0,15160.0
2022-05-30,panamax,2022,29077.0,27824.0,-1253.0,-380.255395040935,-109.18367346938774,WAIT,True,True,581540.0,558980.0,22560.0
2022-05-31,panamax,2022,27824.0,27360.0,-464.0,-113.5810665550558,-109.18367346938774,WAIT,True,True,556480.0,549700.0,6780.0
2022-06-02,panamax,2022,27360.0,27183.0,-177.0,74.46859454166362,-109.18367346938774,SPOT_INDEX,False,False,547200.0,547200.0,0.0
2022-06-03,panamax,2022,27183.0,26520.0,-663.0,124.35575847430673,-109.18367346938774,SPOT_INDEX,False,False,543660.0,543660.0,0.0
2022-06-07,panamax,2022,26520.0,26145.0,-375.0,815.4072272785703,-109.18367346938774,SPOT_INDEX,False,False,530400.0,530400.0,0.0
2022-06-08,panamax,2022,26145.0,25662.0,-483.0,-135.8398769075494,-109.18367346938774,WAIT,True,True,522900.0,515740.0,7160.0
2022-06-09,panamax,2022,25662.0,25106.0,-556.0,-382.99457547972315,-109.18367346938774,WAIT,True,True,513240.0,504620.0,8620.0
2022-06-10,panamax,2022,25106.0,24716.0,-390.0,-85.82349693185452,-109.18367346938774,SPOT_INDEX,False,True,502120.0,502120.0,0.0
2022-06-13,panamax,2022,24716.0,24568.0,-148.0,-333.2990531089436,-109.18367346938774,WAIT,True,True,494320.0,493860.0,460.0
2022-06-14,panamax,2022,24568.0,25192.0,624.0,-328.1913484642322,-109.18367346938774,WAIT,True,False,491360.0,506340.0,-14980.0
2022-06-15,panamax,2022,25192.0,25657.0,465.0,152.09484876991002,-109.18367346938774,SPOT_INDEX,False,True,503840.0,503840.0,0.0
2022-06-16,panamax,2022,25657.0,26083.0,426.0,210.31104853902124,-109.18367346938774,SPOT_INDEX,False,True,513140.0,513140.0,0.0
2022-06-17,panamax,2022,26083.0,26330.0,247.0,236.75696943516013,-109.18367346938774,SPOT_INDEX,False,True,521660.0,521660.0,0.0
2022-06-20,panamax,2022,26330.0,26301.0,-29.0,230.58018158852238,-109.18367346938774,SPOT_INDEX,False,False,526600.0,526600.0,0.0
2022-06-21,panamax,2022,26301.0,26154.0,-147.0,-137.9360686361987,-109.18367346938774,WAIT,True,True,526020.0,525580.0,440.0
2022-06-22,panamax,2022,26154.0,25786.0,-368.0,-273.1456372313775,-109.18367346938774,WAIT,True,True,523080.0,518220.0,4860.0
2022-06-23,panamax,2022,25786.0,25119.0,-667.0,-260.2575386580207,-109.18367346938774,WAIT,True,True,515720.0,504880.0,10840.0
2022-06-24,panamax,2022,25119.0,24828.0,-291.0,-212.61894682467045,-109.18367346938774,WAIT,True,True,502380.0,499060.0,3320.0
2022-06-27,panamax,2022,24828.0,24592.0,-236.0,-234.27644373699158,-109.18367346938774,WAIT,True,True,496560.0,494340.0,2220.0
2022-06-28,panamax,2022,24592.0,24125.0,-467.0,-265.4202864873437,-109.18367346938774,WAIT,True,True,491840.0,485000.0,6840.0
2022-06-29,panamax,2022,24125.0,23757.0,-368.0,-363.79652676098175,-109.18367346938774,WAIT,True,True,482500.0,477640.0,4860.0
2022-06-30,panamax,2022,23757.0,23740.0,-17.0,-295.85475587835407,-109.18367346938774,WAIT,True,True,475140.0,477300.0,-2160.0
2022-07-01,panamax,2022,23740.0,23642.0,-98.0,-105.51193319383857,-109.18367346938774,SPOT_INDEX,False,True,474800.0,474800.0,0.0
2022-07-04,panamax,2022,23642.0,23441.0,-201.0,-253.7380614364339,-109.18367346938774,WAIT,True,True,472840.0,471320.0,1520.0
2022-07-05,panamax,2022,23441.0,23059.0,-382.0,-287.7328247585906,-109.18367346938774,WAIT,True,True,468820.0,463680.0,5140.0
2022-07-06,panamax,2022,23059.0,22671.0,-388.0,-294.80677949262713,-109.18367346938774,WAIT,True,True,461180.0,455920.0,5260.0
2022-07-07,panamax,2022,22671.0,22073.0,-598.0,-318.5625819439329,-109.18367346938774,WAIT,True,True,453420.0,443960.0,9460.0
2022-07-08,panamax,2022,22073.0,21618.0,-455.0,-306.9937202004205,-109.18367346938774,WAIT,True,True,441460.0,434860.0,6600.0
2022-07-11,panamax,2022,21618.0,20759.0,-859.0,-229.16854373298017,-109.18367346938774,WAIT,True,True,432360.0,417680.0,14680.0
2022-07-12,panamax,2022,20759.0,19847.0,-912.0,-303.61174880979536,-109.18367346938774,WAIT,True,True,415180.0,399440.0,15740.0
2022-07-13,panamax,2022,19847.0,18993.0,-854.0,-256.15147007243957,-109.18367346938774,WAIT,True,True,396940.0,382360.0,14580.0
2022-07-14,panamax,2022,18993.0,18072.0,-921.0,-209.16345965048848,-109.18367346938774,WAIT,True,True,379860.0,363940.0,15920.0
2022-07-15,panamax,2022,18072.0,17772.0,-300.0,381.45827279206804,-109.18367346938774,SPOT_INDEX,False,False,361440.0,361440.0,0.0
2022-07-18,panamax,2022,17772.0,17748.0,-24.0,357.80765816626365,-109.18367346938774,SPOT_INDEX,False,False,355440.0,355440.0,0.0
2022-07-19,panamax,2022,17748.0,17946.0,198.0,238.0032607951326,-109.18367346938774,SPOT_INDEX,False,True,354960.0,354960.0,0.0
2022-07-20,panamax,2022,17946.0,18359.0,413.0,301.5742627304232,-109.18367346938774,SPOT_INDEX,False,True,358920.0,358920.0,0.0
2022-07-21,panamax,2022,18359.0,18572.0,213.0,145.1152529405599,-109.18367346938774,SPOT_INDEX,False,True,367180.0,367180.0,0.0
2022-07-22,panamax,2022,18572.0,18933.0,361.0,196.19072574264902,-109.18367346938774,SPOT_INDEX,False,True,371440.0,371440.0,0.0
2022-07-25,panamax,2022,18933.0,18814.0,-119.0,165.1358857972473,-109.18367346938774,SPOT_INDEX,False,False,378660.0,378660.0,0.0
2022-07-26,panamax,2022,18814.0,18569.0,-245.0,-285.4746746216404,-109.18367346938774,WAIT,True,True,376280.0,373880.0,2400.0
2022-07-27,panamax,2022,18569.0,18323.0,-246.0,-303.4330986764036,-109.18367346938774,WAIT,True,True,371380.0,368960.0,2420.0
2022-07-28,panamax,2022,18323.0,18189.0,-134.0,-367.43008748080683,-109.18367346938774,WAIT,True,True,366460.0,366280.0,180.0
2022-07-29,panamax,2022,18189.0,18106.0,-83.0,-351.5427857541389,-109.18367346938774,WAIT,True,True,363780.0,364620.0,-840.0
2022-08-01,panamax,2022,18106.0,18063.0,-43.0,-342.8079268324294,-109.18367346938774,WAIT,True,True,362120.0,363760.0,-1640.0
2022-08-02,panamax,2022,18063.0,17971.0,-92.0,-188.92840329342525,-109.18367346938774,WAIT,True,True,361260.0,361920.0,-660.0
2022-08-03,panamax,2022,17971.0,17890.0,-81.0,-188.39439737218825,-109.18367346938774,WAIT,True,True,359420.0,360300.0,-880.0
2022-08-04,panamax,2022,17890.0,17931.0,41.0,-350.52588101530097,-109.18367346938774,WAIT,True,False,357800.0,361120.0,-3320.0
2022-08-05,panamax,2022,17931.0,17886.0,-45.0,165.16129901882962,-109.18367346938774,SPOT_INDEX,False,False,358620.0,358620.0,0.0
2022-08-08,panamax,2022,17886.0,17833.0,-53.0,-164.45184326386772,-109.18367346938774,WAIT,True,True,357720.0,359160.0,-1440.0
2022-08-09,panamax,2022,17833.0,17934.0,101.0,-227.19585787573874,-109.18367346938774,WAIT,True,False,356660.0,361180.0,-4520.0
2022-08-10,panamax,2022,17934.0,18042.0,108.0,180.62623761392024,-109.18367346938774,SPOT_INDEX,False,True,358680.0,358680.0,0.0
2022-08-11,panamax,2022,18042.0,18138.0,96.0,141.44204610481754,-109.18367346938774,SPOT_INDEX,False,True,360840.0,360840.0,0.0
2022-08-12,panamax,2022,18138.0,18036.0,-102.0,141.30492634175695,-109.18367346938774,SPOT_INDEX,False,False,362760.0,362760.0,0.0
2022-08-16,panamax,2022,18036.0,17912.0,-124.0,-267.59479557466204,-109.18367346938774,WAIT,True,True,360720.0,360740.0,-20.0
2022-08-17,panamax,2022,17912.0,17620.0,-292.0,-220.11464671770332,-109.18367346938774,WAIT,True,True,358240.0,354900.0,3340.0
2022-08-18,panamax,2022,17620.0,17074.0,-546.0,-202.4279206502644,-109.18367346938774,WAIT,True,True,352400.0,343980.0,8420.0
2022-08-19,panamax,2022,17074.0,16721.0,-353.0,-222.9721067575744,-109.18367346938774,WAIT,True,True,341480.0,336920.0,4560.0
2022-08-22,panamax,2022,16721.0,16343.0,-378.0,-225.09019063173417,-109.18367346938774,WAIT,True,True,334420.0,329360.0,5060.0
2022-08-23,panamax,2022,16343.0,16057.0,-286.0,-187.24261285255187,-109.18367346938774,WAIT,True,True,326860.0,323640.0,3220.0
2022-08-24,panamax,2022,16057.0,15699.0,-358.0,-147.60950779132847,-109.18367346938774,WAIT,True,True,321140.0,316480.0,4660.0
2022-08-25,panamax,2022,15699.0,15331.0,-368.0,-178.97243690725713,-109.18367346938774,WAIT,True,True,313980.0,309120.0,4860.0
2022-08-26,panamax,2022,15331.0,14954.0,-377.0,-315.54973907623116,-109.18367346938774,WAIT,True,True,306620.0,301580.0,5040.0
2022-08-29,panamax,2022,14954.0,14809.0,-145.0,-352.53628666385316,-109.18367346938774,WAIT,True,True,299080.0,298680.0,400.0
2022-08-30,panamax,2022,14809.0,13758.0,-1051.0,-315.54850598461536,-109.18367346938774,WAIT,True,True,296180.0,277660.0,18520.0
2022-08-31,panamax,2022,13758.0,13235.0,-523.0,-258.56555244136524,-109.18367346938774,WAIT,True,True,275160.0,267200.0,7960.0
2022-09-01,panamax,2022,13235.0,13366.0,131.0,-331.7982805658791,-109.18367346938774,WAIT,True,False,264700.0,269820.0,-5120.0
2022-09-02,panamax,2022,13366.0,13580.0,214.0,127.4151590474532,-109.18367346938774,SPOT_INDEX,False,True,267320.0,267320.0,0.0
2022-09-05,panamax,2022,13580.0,13865.0,285.0,208.56838731088624,-109.18367346938774,SPOT_INDEX,False,True,271600.0,271600.0,0.0
2022-09-06,panamax,2022,13865.0,14344.0,479.0,138.79830614141432,-109.18367346938774,SPOT_INDEX,False,True,277300.0,277300.0,0.0
2022-09-07,panamax,2022,14344.0,15274.0,930.0,197.80262990609913,-109.18367346938774,SPOT_INDEX,False,True,286880.0,286880.0,0.0
2022-09-08,panamax,2022,15274.0,18188.0,2914.0,254.6631163246505,-109.18367346938774,SPOT_INDEX,False,True,305480.0,305480.0,0.0
2022-09-13,panamax,2022,18188.0,19379.0,1191.0,363.9505654863979,-109.18367346938774,SPOT_INDEX,False,True,363760.0,363760.0,0.0
2022-09-14,panamax,2022,19379.0,19474.0,95.0,353.9421499662991,-109.18367346938774,SPOT_INDEX,False,True,387580.0,387580.0,0.0
2022-09-15,panamax,2022,19474.0,19160.0,-314.0,87.17509080476826,-109.18367346938774,SPOT_INDEX,False,False,389480.0,389480.0,0.0
2022-09-16,panamax,2022,19160.0,19008.0,-152.0,-333.52602086684055,-109.18367346938774,WAIT,True,True,383200.0,382660.0,540.0
2022-09-19,panamax,2022,19008.0,18945.0,-63.0,-163.4383301572058,-109.18367346938774,WAIT,True,True,380160.0,381400.0,-1240.0
2022-09-20,panamax,2022,18945.0,19391.0,446.0,-167.31340318211795,-109.18367346938774,WAIT,True,False,378900.0,390320.0,-11420.0
2022-09-21,panamax,2022,19391.0,19099.0,-292.0,290.2307152323576,-109.18367346938774,SPOT_INDEX,False,False,387820.0,387820.0,0.0
2022-09-22,panamax,2022,19099.0,18850.0,-249.0,-261.0701705770556,-109.18367346938774,WAIT,True,True,381980.0,379500.0,2480.0
2022-09-23,panamax,2022,18850.0,18780.0,-70.0,-156.7040306205864,-109.18367346938774,WAIT,True,True,377000.0,378100.0,-1100.0
2022-09-26,panamax,2022,18780.0,18655.0,-125.0,-200.09736652522653,-109.18367346938774,WAIT,True,True,375600.0,375600.0,0.0
2022-09-27,panamax,2022,18655.0,18630.0,-25.0,-185.2759015838623,-109.18367346938774,WAIT,True,True,373100.0,375100.0,-2000.0
2022-09-28,panamax,2022,18630.0,18810.0,180.0,-195.52026133856947,-109.18367346938774,WAIT,True,False,372600.0,378700.0,-6100.0
2022-09-29,panamax,2022,18810.0,18855.0,45.0,173.0123513050239,-109.18367346938774,SPOT_INDEX,False,True,376200.0,376200.0,0.0
2022-09-30,panamax,2022,18855.0,18981.0,126.0,33.283301754147175,-109.18367346938774,SPOT_INDEX,False,True,377100.0,377100.0,0.0
2022-10-04,panamax,2022,18981.0,19319.0,338.0,150.47130126613715,-109.18367346938774,SPOT_INDEX,False,True,379620.0,379620.0,0.0
2022-10-05,panamax,2022,19319.0,20136.0,817.0,239.54035174964355,-109.18367346938774,SPOT_INDEX,False,True,386380.0,386380.0,0.0
2022-10-06,panamax,2022,20136.0,20210.0,74.0,254.5423314349217,-109.18367346938774,SPOT_INDEX,False,True,402720.0,402720.0,0.0
2022-10-07,panamax,2022,20210.0,20344.0,134.0,110.3587831394444,-109.18367346938774,SPOT_INDEX,False,True,404200.0,404200.0,0.0
2022-10-11,panamax,2022,20344.0,20164.0,-180.0,147.04097521910634,-109.18367346938774,SPOT_INDEX,False,False,406880.0,406880.0,0.0
2022-10-12,panamax,2022,20164.0,19892.0,-272.0,-241.9893922821493,-109.18367346938774,WAIT,True,True,403280.0,400340.0,2940.0
2022-10-13,panamax,2022,19892.0,19710.0,-182.0,-242.56868815641275,-109.18367346938774,WAIT,True,True,397840.0,396700.0,1140.0
2022-10-14,panamax,2022,19710.0,19636.0,-74.0,-240.6952069920286,-109.18367346938774,WAIT,True,True,394200.0,395220.0,-1020.0
2022-10-17,panamax,2022,19636.0,19730.0,94.0,-231.67614132228803,-109.18367346938774,WAIT,True,False,392720.0,397100.0,-4380.0
2022-10-18,panamax,2022,19730.0,19934.0,204.0,138.98226046368274,-109.18367346938774,SPOT_INDEX,False,True,394600.0,394600.0,0.0
2022-10-19,panamax,2022,19934.0,20091.0,157.0,171.9628809467259,-109.18367346938774,SPOT_INDEX,False,True,398680.0,398680.0,0.0
2022-10-20,panamax,2022,20091.0,20057.0,-34.0,178.43229660651065,-109.18367346938774,SPOT_INDEX,False,False,401820.0,401820.0,0.0
2022-10-21,panamax,2022,20057.0,20023.0,-34.0,-155.4147084698164,-109.18367346938774,WAIT,True,True,401140.0,402960.0,-1820.0
2022-10-24,panamax,2022,20023.0,19868.0,-155.0,-168.0363247114634,-109.18367346938774,WAIT,True,True,400460.0,399860.0,600.0
2022-10-25,panamax,2022,19868.0,19617.0,-251.0,-249.5566559246916,-109.18367346938774,WAIT,True,True,397360.0,394840.0,2520.0
2022-10-26,panamax,2022,19617.0,18923.0,-694.0,-274.1265319028735,-109.18367346938774,WAIT,True,True,392340.0,380960.0,11380.0
2022-10-27,panamax,2022,18923.0,18204.0,-719.0,-316.74115667224385,-109.18367346938774,WAIT,True,True,378460.0,366580.0,11880.0
2022-10-28,panamax,2022,18204.0,17737.0,-467.0,-322.4280339872132,-109.18367346938774,WAIT,True,True,364080.0,357240.0,6840.0
2022-10-31,panamax,2022,17737.0,16998.0,-739.0,-239.83773926582592,-109.18367346938774,WAIT,True,True,354740.0,342460.0,12280.0
2022-11-02,panamax,2022,16998.0,16641.0,-357.0,-345.827850251062,-109.18367346938774,WAIT,True,True,339960.0,335320.0,4640.0
2022-11-03,panamax,2022,16641.0,16631.0,-10.0,-392.54346694343644,-109.18367346938774,WAIT,True,True,332820.0,335120.0,-2300.0
2022-11-04,panamax,2022,16631.0,16577.0,-54.0,-24.586335522285925,-109.18367346938774,SPOT_INDEX,False,True,332620.0,332620.0,0.0
2022-11-07,panamax,2022,16577.0,16409.0,-168.0,-237.63438734105853,-109.18367346938774,WAIT,True,True,331540.0,330680.0,860.0
2022-11-08,panamax,2022,16409.0,16190.0,-219.0,-269.7074209030567,-109.18367346938774,WAIT,True,True,328180.0,326300.0,1880.0
2022-11-09,panamax,2022,16190.0,16020.0,-170.0,-223.251031764198,-109.18367346938774,WAIT,True,True,323800.0,322900.0,900.0
2022-11-10,panamax,2022,16020.0,15509.0,-511.0,-219.52270854265058,-109.18367346938774,WAIT,True,True,320400.0,312680.0,7720.0
2022-11-11,panamax,2022,15509.0,15342.0,-167.0,-260.0766145425879,-109.18367346938774,WAIT,True,True,310180.0,309340.0,840.0
2022-11-14,panamax,2022,15342.0,15437.0,95.0,-255.41587419680596,-109.18367346938774,WAIT,True,False,306840.0,311240.0,-4400.0
2022-11-15,panamax,2022,15437.0,15407.0,-30.0,114.8741268138823,-109.18367346938774,SPOT_INDEX,False,False,308740.0,308740.0,0.0
2022-11-16,panamax,2022,15407.0,15399.0,-8.0,-64.60958216526369,-109.18367346938774,SPOT_INDEX,False,True,308140.0,308140.0,0.0
2022-11-17,panamax,2022,15399.0,15261.0,-138.0,-53.10465935175003,-109.18367346938774,SPOT_INDEX,False,True,307980.0,307980.0,0.0
2022-11-18,panamax,2022,15261.0,15100.0,-161.0,-266.68760288841366,-109.18367346938774,WAIT,True,True,305220.0,304500.0,720.0
2022-11-21,panamax,2022,15100.0,14950.0,-150.0,-206.18177415489947,-109.18367346938774,WAIT,True,True,302000.0,301500.0,500.0
2022-11-22,panamax,2022,14950.0,14596.0,-354.0,-189.1827034908778,-109.18367346938774,WAIT,True,True,299000.0,294420.0,4580.0
2022-11-23,panamax,2022,14596.0,14130.0,-466.0,-210.41201093614742,-109.18367346938774,WAIT,True,True,291920.0,285100.0,6820.0
2022-11-24,panamax,2022,14130.0,14004.0,-126.0,-205.80756656835064,-109.18367346938774,WAIT,True,True,282600.0,282580.0,20.0
2022-11-25,panamax,2022,14004.0,13702.0,-302.0,-154.27275451954955,-109.18367346938774,WAIT,True,True,280080.0,276540.0,3540.0
2022-11-28,panamax,2022,13702.0,13664.0,-38.0,-197.90981391848808,-109.18367346938774,WAIT,True,True,274040.0,275780.0,-1740.0
2022-11-29,panamax,2022,13664.0,13731.0,67.0,-33.61143861311877,-109.18367346938774,SPOT_INDEX,False,False,273280.0,273280.0,0.0
2022-11-30,panamax,2022,13731.0,14306.0,575.0,86.54131379395344,-109.18367346938774,SPOT_INDEX,False,True,274620.0,274620.0,0.0
2022-12-01,panamax,2022,14306.0,14482.0,176.0,244.89475647700093,-109.18367346938774,SPOT_INDEX,False,True,286120.0,286120.0,0.0
2022-12-02,panamax,2022,14482.0,14697.0,215.0,204.61757856012227,-109.18367346938774,SPOT_INDEX,False,True,289640.0,289640.0,0.0
2022-12-05,panamax,2022,14697.0,14873.0,176.0,233.59450113417395,-109.18367346938774,SPOT_INDEX,False,True,293940.0,293940.0,0.0
2022-12-06,panamax,2022,14873.0,14942.0,69.0,196.07019245492873,-109.18367346938774,SPOT_INDEX,False,True,297460.0,297460.0,0.0
2022-12-07,panamax,2022,14942.0,14843.0,-99.0,107.70170365143666,-109.18367346938774,SPOT_INDEX,False,False,298840.0,298840.0,0.0
2022-12-08,panamax,2022,14843.0,14779.0,-64.0,-112.80548693548224,-109.18367346938774,WAIT,True,True,296860.0,298080.0,-1220.0
2022-12-09,panamax,2022,14779.0,14970.0,191.0,-79.00214872800623,-109.18367346938774,SPOT_INDEX,False,False,295580.0,295580.0,0.0
2022-12-12,panamax,2022,14970.0,14708.0,-262.0,196.67731239991315,-109.18367346938774,SPOT_INDEX,False,False,299400.0,299400.0,0.0
2022-12-13,panamax,2022,14708.0,14624.0,-84.0,-365.2928912691379,-109.18367346938774,WAIT,True,True,294160.0,294980.0,-820.0
2022-12-14,panamax,2022,14624.0,14670.0,46.0,-143.05013224622576,-109.18367346938774,WAIT,True,False,292480.0,295900.0,-3420.0
2022-12-15,panamax,2022,14670.0,14745.0,75.0,119.21664879284343,-109.18367346938774,SPOT_INDEX,False,True,293400.0,293400.0,0.0
2022-12-16,panamax,2022,14745.0,14609.0,-136.0,135.54691050788298,-109.18367346938774,SPOT_INDEX,False,False,294900.0,294900.0,0.0
2022-12-19,panamax,2022,14609.0,14556.0,-53.0,-174.15991461543518,-109.18367346938774,WAIT,True,True,292180.0,293620.0,-1440.0
2022-12-20,panamax,2022,14556.0,14486.0,-70.0,-56.23922062398853,-109.18367346938774,SPOT_INDEX,False,True,291120.0,291120.0,0.0
2022-12-21,panamax,2022,14486.0,14505.0,19.0,-99.35508043480608,-109.18367346938774,SPOT_INDEX,False,False,289720.0,289720.0,0.0
2022-12-22,panamax,2022,14505.0,14385.0,-120.0,100.78170739072904,-109.18367346938774,SPOT_INDEX,False,False,290100.0,290100.0,0.0
2022-12-23,panamax,2022,14385.0,13476.0,-909.0,-280.3624585049427,-109.18367346938774,WAIT,True,True,287700.0,272020.0,15680.0
2022-01-03,supramax,2022,26655.0,26454.0,-201.0,-382.3253845319993,-114.79591836734693,WAIT,True,True,533100.0,531580.0,1520.0
2022-01-04,supramax,2022,26454.0,25957.0,-497.0,-144.02659370565928,-114.79591836734693,WAIT,True,True,529080.0,521640.0,7440.0
2022-01-05,supramax,2022,25957.0,25526.0,-431.0,-322.95833083917734,-114.79591836734693,WAIT,True,True,519140.0,513020.0,6120.0
2022-01-06,supramax,2022,25526.0,25081.0,-445.0,-336.01840800455125,-114.79591836734693,WAIT,True,True,510520.0,504120.0,6400.0
2022-01-07,supramax,2022,25081.0,24689.0,-392.0,-389.6577255369926,-114.79591836734693,WAIT,True,True,501620.0,496280.0,5340.0
2022-01-10,supramax,2022,24689.0,23698.0,-991.0,-457.1431727233882,-114.79591836734693,WAIT,True,True,493780.0,476460.0,17320.0
2022-01-11,supramax,2022,23698.0,23398.0,-300.0,67.53089776310313,-114.79591836734693,SPOT_INDEX,False,False,473960.0,473960.0,0.0
2022-01-12,supramax,2022,23398.0,23251.0,-147.0,92.43894742645918,-114.79591836734693,SPOT_INDEX,False,False,467960.0,467960.0,0.0
2022-01-13,supramax,2022,23251.0,22818.0,-433.0,244.65135948905467,-114.79591836734693,SPOT_INDEX,False,False,465020.0,465020.0,0.0
2022-01-14,supramax,2022,22818.0,22512.0,-306.0,-13.496662128931252,-114.79591836734693,SPOT_INDEX,False,True,456360.0,456360.0,0.0
2022-01-17,supramax,2022,22512.0,21946.0,-566.0,-289.8491162092357,-114.79591836734693,WAIT,True,True,450240.0,441420.0,8820.0
2022-01-18,supramax,2022,21946.0,21351.0,-595.0,-7.838929805698951,-114.79591836734693,SPOT_INDEX,False,True,438920.0,438920.0,0.0
2022-01-19,supramax,2022,21351.0,20995.0,-356.0,21.843611382040482,-114.79591836734693,SPOT_INDEX,False,False,427020.0,427020.0,0.0
2022-01-20,supramax,2022,20995.0,20788.0,-207.0,39.66361138204048,-114.79591836734693,SPOT_INDEX,False,False,419900.0,419900.0,0.0
2022-01-21,supramax,2022,20788.0,20717.0,-71.0,73.86171250579844,-114.79591836734693,SPOT_INDEX,False,False,415760.0,415760.0,0.0
2022-01-24,supramax,2022,20717.0,20682.0,-35.0,353.7573922717751,-114.79591836734693,SPOT_INDEX,False,False,414340.0,414340.0,0.0
2022-01-25,supramax,2022,20682.0,20617.0,-65.0,133.21635104612446,-114.79591836734693,SPOT_INDEX,False,False,413640.0,413640.0,0.0
2022-01-26,supramax,2022,20617.0,20590.0,-27.0,-126.4243359338135,-114.79591836734693,WAIT,True,True,412340.0,414300.0,-1960.0
2022-01-27,supramax,2022,20590.0,20571.0,-19.0,-126.70046019777678,-114.79591836734693,WAIT,True,True,411800.0,413920.0,-2120.0
2022-01-28,supramax,2022,20571.0,19969.0,-602.0,-62.09715344586993,-114.79591836734693,SPOT_INDEX,False,True,411420.0,411420.0,0.0
2022-02-03,supramax,2022,19969.0,19617.0,-352.0,-374.5808959348323,-114.79591836734693,WAIT,True,True,399380.0,394840.0,4540.0
2022-02-04,supramax,2022,19617.0,20203.0,586.0,-362.6368098595921,-114.79591836734693,WAIT,True,False,392340.0,406560.0,-14220.0
2022-02-07,supramax,2022,20203.0,20847.0,644.0,119.02926837373538,-114.79591836734693,SPOT_INDEX,False,True,404060.0,404060.0,0.0
2022-02-08,supramax,2022,20847.0,22445.0,1598.0,129.09621857316418,-114.79591836734693,SPOT_INDEX,False,True,416940.0,416940.0,0.0
2022-02-09,supramax,2022,22445.0,24277.0,1832.0,180.52478225671467,-114.79591836734693,SPOT_INDEX,False,True,448900.0,448900.0,0.0
2022-02-10,supramax,2022,24277.0,25322.0,1045.0,251.7310467175452,-114.79591836734693,SPOT_INDEX,False,True,485540.0,485540.0,0.0
2022-02-11,supramax,2022,25322.0,26266.0,944.0,770.6352751939521,-114.79591836734693,SPOT_INDEX,False,True,506440.0,506440.0,0.0
2022-02-14,supramax,2022,26266.0,26634.0,368.0,764.2966139556472,-114.79591836734693,SPOT_INDEX,False,True,525320.0,525320.0,0.0
2022-02-15,supramax,2022,26634.0,26954.0,320.0,748.9878435177029,-114.79591836734693,SPOT_INDEX,False,True,532680.0,532680.0,0.0
2022-02-16,supramax,2022,26954.0,27123.0,169.0,698.0115757910598,-114.79591836734693,SPOT_INDEX,False,True,539080.0,539080.0,0.0
2022-02-17,supramax,2022,27123.0,27014.0,-109.0,373.7669756883239,-114.79591836734693,SPOT_INDEX,False,False,542460.0,542460.0,0.0
2022-02-18,supramax,2022,27014.0,27005.0,-9.0,-18.672729069424932,-114.79591836734693,SPOT_INDEX,False,True,540280.0,540280.0,0.0
2022-02-21,supramax,2022,27005.0,27932.0,927.0,-101.33527924089405,-114.79591836734693,SPOT_INDEX,False,False,540100.0,540100.0,0.0
2022-02-22,supramax,2022,27932.0,28383.0,451.0,190.51345448082094,-114.79591836734693,SPOT_INDEX,False,True,558640.0,558640.0,0.0
2022-02-23,supramax,2022,28383.0,28975.0,592.0,207.19216112247912,-114.79591836734693,SPOT_INDEX,False,True,567660.0,567660.0,0.0
2022-02-24,supramax,2022,28975.0,29156.0,181.0,266.2951658823541,-114.79591836734693,SPOT_INDEX,False,True,579500.0,579500.0,0.0
2022-02-25,supramax,2022,29156.0,29453.0,297.0,274.6254505924716,-114.79591836734693,SPOT_INDEX,False,True,583120.0,583120.0,0.0
2022-02-28,supramax,2022,29453.0,30357.0,904.0,386.9767382793598,-114.79591836734693,SPOT_INDEX,False,True,589060.0,589060.0,0.0
2022-03-02,supramax,2022,30357.0,30932.0,575.0,471.6352219192651,-114.79591836734693,SPOT_INDEX,False,True,607140.0,607140.0,0.0
2022-03-03,supramax,2022,30932.0,31566.0,634.0,464.48536843941156,-114.79591836734693,SPOT_INDEX,False,True,618640.0,618640.0,0.0
2022-03-04,supramax,2022,31566.0,32043.0,477.0,477.818162000564,-114.79591836734693,SPOT_INDEX,False,True,631320.0,631320.0,0.0
2022-03-07,supramax,2022,32043.0,33367.0,1324.0,473.94491071567757,-114.79591836734693,SPOT_INDEX,False,True,640860.0,640860.0,0.0
2022-03-08,supramax,2022,33367.0,34994.0,1627.0,481.2939010703521,-114.79591836734693,SPOT_INDEX,False,True,667340.0,667340.0,0.0
2022-03-10,supramax,2022,34994.0,34548.0,-446.0,481.06641498433817,-114.79591836734693,SPOT_INDEX,False,False,699880.0,699880.0,0.0
2022-03-11,supramax,2022,34548.0,34686.0,138.0,44.025386755258324,-114.79591836734693,SPOT_INDEX,False,True,690960.0,690960.0,0.0
2022-03-14,supramax,2022,34686.0,33873.0,-813.0,375.9175989085703,-114.79591836734693,SPOT_INDEX,False,False,693720.0,693720.0,0.0
2022-03-15,supramax,2022,33873.0,33284.0,-589.0,-54.31310263748362,-114.79591836734693,SPOT_INDEX,False,True,677460.0,677460.0,0.0
2022-03-16,supramax,2022,33284.0,33195.0,-89.0,-280.9201556365424,-114.79591836734693,WAIT,True,True,665680.0,666400.0,-720.0
2022-03-17,supramax,2022,33195.0,33337.0,142.0,-64.68906334539625,-114.79591836734693,SPOT_INDEX,False,False,663900.0,663900.0,0.0
2022-03-18,supramax,2022,33337.0,34094.0,757.0,19.943444663365547,-114.79591836734693,SPOT_INDEX,False,True,666740.0,666740.0,0.0
2022-03-21,supramax,2022,34094.0,34700.0,606.0,137.06620481579972,-114.79591836734693,SPOT_INDEX,False,True,681880.0,681880.0,0.0
2022-03-22,supramax,2022,34700.0,35294.0,594.0,162.17969411558803,-114.79591836734693,SPOT_INDEX,False,True,694000.0,694000.0,0.0
2022-03-23,supramax,2022,35294.0,35654.0,360.0,145.47641845999487,-114.79591836734693,SPOT_INDEX,False,True,705880.0,705880.0,0.0
2022-03-24,supramax,2022,35654.0,35361.0,-293.0,163.15998876944758,-114.79591836734693,SPOT_INDEX,False,False,713080.0,713080.0,0.0
2022-03-25,supramax,2022,35361.0,34826.0,-535.0,-217.83600059516408,-114.79591836734693,WAIT,True,True,707220.0,699020.0,8200.0
2022-03-28,supramax,2022,34826.0,34274.0,-552.0,-253.6609849380835,-114.79591836734693,WAIT,True,True,696520.0,687980.0,8540.0
2022-03-29,supramax,2022,34274.0,33607.0,-667.0,-297.4026272177412,-114.79591836734693,WAIT,True,True,685480.0,674640.0,10840.0
2022-03-30,supramax,2022,33607.0,32600.0,-1007.0,-324.60471165979646,-114.79591836734693,WAIT,True,True,672140.0,654500.0,17640.0
2022-03-31,supramax,2022,32600.0,32084.0,-516.0,-478.11818844456184,-114.79591836734693,WAIT,True,True,652000.0,644180.0,7820.0
2022-04-01,supramax,2022,32084.0,31084.0,-1000.0,-452.33207096520493,-114.79591836734693,WAIT,True,True,641680.0,624180.0,17500.0
2022-04-04,supramax,2022,31084.0,30130.0,-954.0,174.40280440084203,-114.79591836734693,SPOT_INDEX,False,False,621680.0,621680.0,0.0
2022-04-05,supramax,2022,30130.0,29686.0,-444.0,361.07166104570666,-114.79591836734693,SPOT_INDEX,False,False,602600.0,602600.0,0.0
2022-04-06,supramax,2022,29686.0,29031.0,-655.0,358.9772047427825,-114.79591836734693,SPOT_INDEX,False,False,593720.0,593720.0,0.0
2022-04-07,supramax,2022,29031.0,28459.0,-572.0,386.5623473013733,-114.79591836734693,SPOT_INDEX,False,False,580620.0,580620.0,0.0
2022-04-08,supramax,2022,28459.0,27787.0,-672.0,678.5161996805807,-114.79591836734693,SPOT_INDEX,False,False,569180.0,569180.0,0.0
2022-04-11,supramax,2022,27787.0,27454.0,-333.0,675.9585137207072,-114.79591836734693,SPOT_INDEX,False,False,555740.0,555740.0,0.0
2022-04-12,supramax,2022,27454.0,26953.0,-501.0,752.2916461933551,-114.79591836734693,SPOT_INDEX,False,False,549080.0,549080.0,0.0
2022-04-13,supramax,2022,26953.0,27202.0,249.0,181.4201435766459,-114.79591836734693,SPOT_INDEX,False,True,539060.0,539060.0,0.0
2022-04-14,supramax,2022,27202.0,27448.0,246.0,664.0485315016693,-114.79591836734693,SPOT_INDEX,False,True,544040.0,544040.0,0.0
2022-04-15,supramax,2022,27448.0,27900.0,452.0,630.178518590832,-114.79591836734693,SPOT_INDEX,False,True,548960.0,548960.0,0.0
2022-04-18,supramax,2022,27900.0,28033.0,133.0,355.84627258463956,-114.79591836734693,SPOT_INDEX,False,True,558000.0,558000.0,0.0
2022-04-19,supramax,2022,28033.0,28798.0,765.0,339.7028634298383,-114.79591836734693,SPOT_INDEX,False,True,560660.0,560660.0,0.0
2022-04-20,supramax,2022,28798.0,29448.0,650.0,194.09958616091316,-114.79591836734693,SPOT_INDEX,False,True,575960.0,575960.0,0.0
2022-04-21,supramax,2022,29448.0,29956.0,508.0,109.74667538959197,-114.79591836734693,SPOT_INDEX,False,True,588960.0,588960.0,0.0
2022-04-22,supramax,2022,29956.0,30739.0,783.0,93.01014055166122,-114.79591836734693,SPOT_INDEX,False,True,599120.0,599120.0,0.0
2022-04-25,supramax,2022,30739.0,31072.0,333.0,96.18824817976858,-114.79591836734693,SPOT_INDEX,False,True,614780.0,614780.0,0.0
2022-04-26,supramax,2022,31072.0,31543.0,471.0,81.69911984584746,-114.79591836734693,SPOT_INDEX,False,True,621440.0,621440.0,0.0
2022-04-27,supramax,2022,31543.0,31895.0,352.0,69.86774658388116,-114.79591836734693,SPOT_INDEX,False,True,630860.0,630860.0,0.0
2022-04-28,supramax,2022,31895.0,32018.0,123.0,66.96726904912647,-114.79591836734693,SPOT_INDEX,False,True,637900.0,637900.0,0.0
2022-04-29,supramax,2022,32018.0,32083.0,65.0,15.629579988491498,-114.79591836734693,SPOT_INDEX,False,True,640360.0,640360.0,0.0
2022-05-02,supramax,2022,32083.0,32165.0,82.0,-135.74322023398284,-114.79591836734693,WAIT,True,False,641660.0,645800.0,-4140.0
2022-05-03,supramax,2022,32165.0,32315.0,150.0,-127.10064311118396,-114.79591836734693,WAIT,True,False,643300.0,648800.0,-5500.0
2022-05-04,supramax,2022,32315.0,32522.0,207.0,90.12964379242624,-114.79591836734693,SPOT_INDEX,False,True,646300.0,646300.0,0.0
2022-05-06,supramax,2022,32522.0,33107.0,585.0,122.01826371958468,-114.79591836734693,SPOT_INDEX,False,True,650440.0,650440.0,0.0
2022-05-09,supramax,2022,33107.0,33342.0,235.0,169.01671491231406,-114.79591836734693,SPOT_INDEX,False,True,662140.0,662140.0,0.0
2022-05-10,supramax,2022,33342.0,34105.0,763.0,173.3951227742491,-114.79591836734693,SPOT_INDEX,False,True,666840.0,666840.0,0.0
2022-05-11,supramax,2022,34105.0,34246.0,141.0,175.49267330804204,-114.79591836734693,SPOT_INDEX,False,True,682100.0,682100.0,0.0
2022-05-12,supramax,2022,34246.0,34156.0,-90.0,148.29982807320133,-114.79591836734693,SPOT_INDEX,False,False,684920.0,684920.0,0.0
2022-05-13,supramax,2022,34156.0,34249.0,93.0,-38.81675615652401,-114.79591836734693,SPOT_INDEX,False,False,683120.0,683120.0,0.0
2022-05-16,supramax,2022,34249.0,33691.0,-558.0,-28.709524630152842,-114.79591836734693,SPOT_INDEX,False,True,684980.0,684980.0,0.0
2022-05-17,supramax,2022,33691.0,33713.0,22.0,-256.86309793135905,-114.79591836734693,WAIT,True,False,673820.0,676760.0,-2940.0
2022-05-18,supramax,2022,33713.0,33984.0,271.0,-64.7975578207043,-114.79591836734693,SPOT_INDEX,False,False,674260.0,674260.0,0.0
2022-05-19,supramax,2022,33984.0,34173.0,189.0,141.56022136305336,-114.79591836734693,SPOT_INDEX,False,True,679680.0,679680.0,0.0
2022-05-20,supramax,2022,34173.0,34100.0,-73.0,101.24365816801662,-114.79591836734693,SPOT_INDEX,False,False,683460.0,683460.0,0.0
2022-05-23,supramax,2022,34100.0,34541.0,441.0,-133.7548254829217,-114.79591836734693,WAIT,True,False,682000.0,693320.0,-11320.0
2022-05-24,supramax,2022,34541.0,34477.0,-64.0,66.86110123468302,-114.79591836734693,SPOT_INDEX,False,False,690820.0,690820.0,0.0
2022-05-25,supramax,2022,34477.0,34309.0,-168.0,-63.1372634755758,-114.79591836734693,SPOT_INDEX,False,True,689540.0,689540.0,0.0
2022-05-26,supramax,2022,34309.0,33772.0,-537.0,-97.97146836674594,-114.79591836734693,SPOT_INDEX,False,True,686180.0,686180.0,0.0
2022-05-27,supramax,2022,33772.0,33290.0,-482.0,-312.1158700564257,-114.79591836734693,WAIT,True,True,675440.0,668300.0,7140.0
2022-05-30,supramax,2022,33290.0,32655.0,-635.0,-362.6075326342879,-114.79591836734693,WAIT,True,True,665800.0,655600.0,10200.0
2022-05-31,supramax,2022,32655.0,31939.0,-716.0,-501.6353370261217,-114.79591836734693,WAIT,True,True,653100.0,641280.0,11820.0
2022-06-02,supramax,2022,31939.0,31732.0,-207.0,-573.4619439831449,-114.79591836734693,WAIT,True,True,638780.0,637140.0,1640.0
2022-06-03,supramax,2022,31732.0,30684.0,-1048.0,-281.61541533645345,-114.79591836734693,WAIT,True,True,634640.0,616180.0,18460.0
2022-06-07,supramax,2022,30684.0,30322.0,-362.0,-209.23202923836757,-114.79591836734693,WAIT,True,True,613680.0,608940.0,4740.0
2022-06-08,supramax,2022,30322.0,29629.0,-693.0,-214.31339810650425,-114.79591836734693,WAIT,True,True,606440.0,595080.0,11360.0
2022-06-09,supramax,2022,29629.0,28979.0,-650.0,-146.1890092639227,-114.79591836734693,WAIT,True,True,592580.0,582080.0,10500.0
2022-06-10,supramax,2022,28979.0,28654.0,-325.0,-142.21027752665796,-114.79591836734693,WAIT,True,True,579580.0,575580.0,4000.0
2022-06-13,supramax,2022,28654.0,28494.0,-160.0,158.9097761512502,-114.79591836734693,SPOT_INDEX,False,False,573080.0,573080.0,0.0
2022-06-14,supramax,2022,28494.0,28506.0,12.0,322.4138867834246,-114.79591836734693,SPOT_INDEX,False,True,569880.0,569880.0,0.0
2022-06-15,supramax,2022,28506.0,28600.0,94.0,409.23694051721395,-114.79591836734693,SPOT_INDEX,False,True,570120.0,570120.0,0.0
2022-06-16,supramax,2022,28600.0,28462.0,-138.0,400.5250274656131,-114.79591836734693,SPOT_INDEX,False,False,572000.0,572000.0,0.0
2022-06-17,supramax,2022,28462.0,28491.0,29.0,97.9641959320138,-114.79591836734693,SPOT_INDEX,False,True,569240.0,569240.0,0.0
2022-06-20,supramax,2022,28491.0,28443.0,-48.0,132.989777271818,-114.79591836734693,SPOT_INDEX,False,False,569820.0,569820.0,0.0
2022-06-21,supramax,2022,28443.0,28270.0,-173.0,-76.59041913141189,-114.79591836734693,SPOT_INDEX,False,True,568860.0,568860.0,0.0
2022-06-22,supramax,2022,28270.0,28073.0,-197.0,-83.98889681172228,-114.79591836734693,SPOT_INDEX,False,True,565400.0,565400.0,0.0
2022-06-23,supramax,2022,28073.0,27762.0,-311.0,-97.63143755088606,-114.79591836734693,SPOT_INDEX,False,True,561460.0,561460.0,0.0
2022-06-24,supramax,2022,27762.0,27653.0,-109.0,-323.1487035069604,-114.79591836734693,WAIT,True,True,555240.0,555560.0,-320.0
2022-06-27,supramax,2022,27653.0,27085.0,-568.0,-73.65589540097444,-114.79591836734693,SPOT_INDEX,False,True,553060.0,553060.0,0.0
2022-06-28,supramax,2022,27085.0,26187.0,-898.0,-424.38399108843555,-114.79591836734693,WAIT,True,True,541700.0,526240.0,15460.0
2022-06-29,supramax,2022,26187.0,25197.0,-990.0,-468.7137590682241,-114.79591836734693,WAIT,True,True,523740.0,506440.0,17300.0
2022-06-30,supramax,2022,25197.0,25212.0,15.0,-240.951988253424,-114.79591836734693,WAIT,True,False,503940.0,506740.0,-2800.0
2022-07-01,supramax,2022,25212.0,25013.0,-199.0,-177.06189103266553,-114.79591836734693,WAIT,True,True,504240.0,502760.0,1480.0
2022-07-04,supramax,2022,25013.0,24714.0,-299.0,-246.98225203000732,-114.79591836734693,WAIT,True,True,500260.0,496780.0,3480.0
2022-07-05,supramax,2022,24714.0,24544.0,-170.0,-409.4689549707709,-114.79591836734693,WAIT,True,True,494280.0,493380.0,900.0
2022-07-06,supramax,2022,24544.0,23911.0,-633.0,-22.57917102753167,-114.79591836734693,SPOT_INDEX,False,True,490880.0,490880.0,0.0
2022-07-07,supramax,2022,23911.0,23507.0,-404.0,-222.74796460465743,-114.79591836734693,WAIT,True,True,478220.0,472640.0,5580.0
2022-07-08,supramax,2022,23507.0,23262.0,-245.0,-225.15721916109135,-114.79591836734693,WAIT,True,True,470140.0,467740.0,2400.0
2022-07-11,supramax,2022,23262.0,22883.0,-379.0,-117.18323206137121,-114.79591836734693,WAIT,True,True,465240.0,460160.0,5080.0
2022-07-12,supramax,2022,22883.0,22627.0,-256.0,38.993565112289055,-114.79591836734693,SPOT_INDEX,False,False,457660.0,457660.0,0.0
2022-07-13,supramax,2022,22627.0,22410.0,-217.0,98.25864057239701,-114.79591836734693,SPOT_INDEX,False,False,452540.0,452540.0,0.0
2022-07-14,supramax,2022,22410.0,22333.0,-77.0,29.37823222015936,-114.79591836734693,SPOT_INDEX,False,False,448200.0,448200.0,0.0
2022-07-15,supramax,2022,22333.0,22377.0,44.0,120.16533628746961,-114.79591836734693,SPOT_INDEX,False,True,446660.0,446660.0,0.0
2022-07-18,supramax,2022,22377.0,22408.0,31.0,-159.37878834081621,-114.79591836734693,WAIT,True,False,447540.0,450660.0,-3120.0
2022-07-19,supramax,2022,22408.0,22876.0,468.0,-137.5922615621984,-114.79591836734693,WAIT,True,False,448160.0,460020.0,-11860.0
2022-07-20,supramax,2022,22876.0,23158.0,282.0,100.68313790573372,-114.79591836734693,SPOT_INDEX,False,True,457520.0,457520.0,0.0
2022-07-21,supramax,2022,23158.0,23425.0,267.0,114.80399039355915,-114.79591836734693,SPOT_INDEX,False,True,463160.0,463160.0,0.0
2022-07-22,supramax,2022,23425.0,23604.0,179.0,145.62281790875,-114.79591836734693,SPOT_INDEX,False,True,468500.0,468500.0,0.0
2022-07-25,supramax,2022,23604.0,23559.0,-45.0,157.97703656626464,-114.79591836734693,SPOT_INDEX,False,False,472080.0,472080.0,0.0
2022-07-26,supramax,2022,23559.0,23109.0,-450.0,-63.66061974545384,-114.79591836734693,SPOT_INDEX,False,True,471180.0,471180.0,0.0
2022-07-27,supramax,2022,23109.0,22784.0,-325.0,-332.6426396673776,-114.79591836734693,WAIT,True,True,462180.0,458180.0,4000.0
2022-07-28,supramax,2022,22784.0,22284.0,-500.0,-344.8211159861237,-114.79591836734693,WAIT,True,True,455680.0,448180.0,7500.0
2022-07-29,supramax,2022,22284.0,21717.0,-567.0,-333.73842652558216,-114.79591836734693,WAIT,True,True,445680.0,436840.0,8840.0
2022-08-01,supramax,2022,21717.0,21141.0,-576.0,-432.1544965466156,-114.79591836734693,WAIT,True,True,434340.0,425320.0,9020.0
2022-08-02,supramax,2022,21141.0,19912.0,-1229.0,-396.34974315200253,-114.79591836734693,WAIT,True,True,422820.0,400740.0,22080.0
2022-08-03,supramax,2022,19912.0,19161.0,-751.0,-174.32641241455542,-114.79591836734693,WAIT,True,True,398240.0,385720.0,12520.0
2022-08-04,supramax,2022,19161.0,18661.0,-500.0,-162.0354124145554,-114.79591836734693,WAIT,True,True,383220.0,375720.0,7500.0
2022-08-05,supramax,2022,18661.0,17549.0,-1112.0,107.27372713232275,-114.79591836734693,SPOT_INDEX,False,False,373220.0,373220.0,0.0
2022-08-08,supramax,2022,17549.0,17258.0,-291.0,447.0848668159797,-114.79591836734693,SPOT_INDEX,False,False,350980.0,350980.0,0.0
2022-08-09,supramax,2022,17258.0,16972.0,-286.0,570.0105601449033,-114.79591836734693,SPOT_INDEX,False,False,345160.0,345160.0,0.0
2022-08-10,supramax,2022,16972.0,16861.0,-111.0,557.4800937483068,-114.79591836734693,SPOT_INDEX,False,False,339440.0,339440.0,0.0
2022-08-11,supramax,2022,16861.0,16862.0,1.0,267.4701812406289,-114.79591836734693,SPOT_INDEX,False,True,337220.0,337220.0,0.0
2022-08-12,supramax,2022,16862.0,17111.0,249.0,123.95539796655848,-114.79591836734693,SPOT_INDEX,False,True,337240.0,337240.0,0.0
2022-08-16,supramax,2022,17111.0,17279.0,168.0,343.1820507556323,-114.79591836734693,SPOT_INDEX,False,True,342220.0,342220.0,0.0
2022-08-17,supramax,2022,17279.0,17913.0,634.0,323.7872130167891,-114.79591836734693,SPOT_INDEX,False,True,345580.0,345580.0,0.0
2022-08-18,supramax,2022,17913.0,18493.0,580.0,66.41043337378693,-114.79591836734693,SPOT_INDEX,False,True,358260.0,358260.0,0.0
2022-08-19,supramax,2022,18493.0,18839.0,346.0,69.75139830193203,-114.79591836734693,SPOT_INDEX,False,True,369860.0,369860.0,0.0
2022-08-22,supramax,2022,18839.0,19277.0,438.0,66.6172510886158,-114.79591836734693,SPOT_INDEX,False,True,376780.0,376780.0,0.0
2022-08-23,supramax,2022,19277.0,19570.0,293.0,68.41609263378088,-114.79591836734693,SPOT_INDEX,False,True,385540.0,385540.0,0.0
2022-08-24,supramax,2022,19570.0,19619.0,49.0,69.82323430721088,-114.79591836734693,SPOT_INDEX,False,True,391400.0,391400.0,0.0
2022-08-25,supramax,2022,19619.0,19239.0,-380.0,-116.93780553601007,-114.79591836734693,WAIT,True,True,392380.0,387280.0,5100.0
2022-08-26,supramax,2022,19239.0,18917.0,-322.0,-339.7904875340001,-114.79591836734693,WAIT,True,True,384780.0,380840.0,3940.0
2022-08-29,supramax,2022,18917.0,18372.0,-545.0,-355.2687277841542,-114.79591836734693,WAIT,True,True,378340.0,369940.0,8400.0
2022-08-30,supramax,2022,18372.0,17525.0,-847.0,-364.2836010473529,-114.79591836734693,WAIT,True,True,367440.0,353000.0,14440.0
2022-08-31,supramax,2022,17525.0,16859.0,-666.0,-509.99848190162015,-114.79591836734693,WAIT,True,True,350500.0,339680.0,10820.0
2022-09-01,supramax,2022,16859.0,16467.0,-392.0,-498.79295558583067,-114.79591836734693,WAIT,True,True,337180.0,331840.0,5340.0
2022-09-02,supramax,2022,16467.0,16204.0,-263.0,-415.56422280805674,-114.79591836734693,WAIT,True,True,329340.0,326580.0,2760.0
2022-09-05,supramax,2022,16204.0,16204.0,0.0,-371.6950601330116,-114.79591836734693,WAIT,True,False,324080.0,326580.0,-2500.0
2022-09-06,supramax,2022,16204.0,16340.0,136.0,-164.74529163787196,-114.79591836734693,WAIT,True,False,324080.0,329300.0,-5220.0
2022-09-07,supramax,2022,16340.0,16245.0,-95.0,128.41802726184295,-114.79591836734693,SPOT_INDEX,False,False,326800.0,326800.0,0.0
2022-09-08,supramax,2022,16245.0,16083.0,-162.0,-198.53176444352846,-114.79591836734693,WAIT,True,True,324900.0,324160.0,740.0
2022-09-13,supramax,2022,16083.0,16351.0,268.0,-163.48646966138818,-114.79591836734693,WAIT,True,False,321660.0,329520.0,-7860.0
2022-09-14,supramax,2022,16351.0,16715.0,364.0,119.83415951007173,-114.79591836734693,SPOT_INDEX,False,True,327020.0,327020.0,0.0
2022-09-15,supramax,2022,16715.0,16854.0,139.0,119.36161108166868,-114.79591836734693,SPOT_INDEX,False,True,334300.0,334300.0,0.0
2022-09-16,supramax,2022,16854.0,16994.0,140.0,75.83635332781645,-114.79591836734693,SPOT_INDEX,False,True,337080.0,337080.0,0.0
2022-09-19,supramax,2022,16994.0,17078.0,84.0,97.60458473475963,-114.79591836734693,SPOT_INDEX,False,True,339880.0,339880.0,0.0
2022-09-20,supramax,2022,17078.0,17482.0,404.0,51.41009974321801,-114.79591836734693,SPOT_INDEX,False,True,341560.0,341560.0,0.0
2022-09-21,supramax,2022,17482.0,17867.0,385.0,198.104025293195,-114.79591836734693,SPOT_INDEX,False,True,349640.0,349640.0,0.0
2022-09-22,supramax,2022,17867.0,18285.0,418.0,93.3652538304989,-114.79591836734693,SPOT_INDEX,False,True,357340.0,357340.0,0.0
2022-09-23,supramax,2022,18285.0,18412.0,127.0,85.94892397618003,-114.79591836734693,SPOT_INDEX,False,True,365700.0,365700.0,0.0
2022-09-26,supramax,2022,18412.0,18519.0,107.0,38.68910421305642,-114.79591836734693,SPOT_INDEX,False,True,368240.0,368240.0,0.0
2022-09-27,supramax,2022,18519.0,18707.0,188.0,11.54124609875861,-114.79591836734693,SPOT_INDEX,False,True,370380.0,370380.0,0.0
2022-09-28,supramax,2022,18707.0,18570.0,-137.0,68.11427491134842,-114.79591836734693,SPOT_INDEX,False,False,374140.0,374140.0,0.0
2022-09-29,supramax,2022,18570.0,18392.0,-178.0,-70.74045654825808,-114.79591836734693,SPOT_INDEX,False,True,371400.0,371400.0,0.0
2022-09-30,supramax,2022,18392.0,18218.0,-174.0,-72.27089659127536,-114.79591836734693,SPOT_INDEX,False,True,367840.0,367840.0,0.0
2022-10-04,supramax,2022,18218.0,18192.0,-26.0,-95.62392657440964,-114.79591836734693,SPOT_INDEX,False,True,364360.0,364360.0,0.0
2022-10-05,supramax,2022,18192.0,18027.0,-165.0,-121.98919798023418,-114.79591836734693,WAIT,True,True,363840.0,363040.0,800.0
2022-10-06,supramax,2022,18027.0,18052.0,25.0,-81.28242937652763,-114.79591836734693,SPOT_INDEX,False,False,360540.0,360540.0,0.0
2022-10-07,supramax,2022,18052.0,17958.0,-94.0,-134.51259674004993,-114.79591836734693,WAIT,True,True,361040.0,361660.0,-620.0
2022-10-11,supramax,2022,17958.0,17784.0,-174.0,-75.82583656480185,-114.79591836734693,SPOT_INDEX,False,True,359160.0,359160.0,0.0
2022-10-12,supramax,2022,17784.0,17659.0,-125.0,-90.10987185974436,-114.79591836734693,SPOT_INDEX,False,True,355680.0,355680.0,0.0
2022-10-13,supramax,2022,17659.0,17625.0,-34.0,-90.98341654671538,-114.79591836734693,SPOT_INDEX,False,True,353180.0,353180.0,0.0
2022-10-14,supramax,2022,17625.0,17716.0,91.0,-93.64990702236946,-114.79591836734693,SPOT_INDEX,False,False,352500.0,352500.0,0.0
2022-10-17,supramax,2022,17716.0,17794.0,78.0,-62.606662749638424,-114.79591836734693,SPOT_INDEX,False,False,354320.0,354320.0,0.0
2022-10-18,supramax,2022,17794.0,17783.0,-11.0,-18.66264041123386,-114.79591836734693,SPOT_INDEX,False,True,355880.0,355880.0,0.0
2022-10-19,supramax,2022,17783.0,17780.0,-3.0,-158.62931146935017,-114.79591836734693,WAIT,True,True,355660.0,358100.0,-2440.0
2022-10-20,supramax,2022,17780.0,17615.0,-165.0,-156.75577683505438,-114.79591836734693,WAIT,True,True,355600.0,354800.0,800.0
2022-10-21,supramax,2022,17615.0,17485.0,-130.0,-87.8634473585445,-114.79591836734693,SPOT_INDEX,False,True,352300.0,352300.0,0.0
2022-10-24,supramax,2022,17485.0,17278.0,-207.0,-88.42438809353415,-114.79591836734693,SPOT_INDEX,False,True,349700.0,349700.0,0.0
2022-10-25,supramax,2022,17278.0,17090.0,-188.0,-100.47256457436528,-114.79591836734693,SPOT_INDEX,False,True,345560.0,345560.0,0.0
2022-10-26,supramax,2022,17090.0,16477.0,-613.0,-94.0521392859829,-114.79591836734693,SPOT_INDEX,False,True,341800.0,341800.0,0.0
2022-10-27,supramax,2022,16477.0,15981.0,-496.0,-428.33764813703584,-114.79591836734693,WAIT,True,True,329540.0,322120.0,7420.0
2022-10-28,supramax,2022,15981.0,16065.0,84.0,-455.35143405052406,-114.79591836734693,WAIT,True,False,319620.0,323800.0,-4180.0
2022-10-31,supramax,2022,16065.0,14622.0,-1443.0,-48.37640578870333,-114.79591836734693,SPOT_INDEX,False,True,321300.0,321300.0,0.0
2022-11-02,supramax,2022,14622.0,14235.0,-387.0,-477.3357349457165,-114.79591836734693,WAIT,True,True,292440.0,287200.0,5240.0
2022-11-03,supramax,2022,14235.0,13927.0,-308.0,-241.30602846171783,-114.79591836734693,WAIT,True,True,284700.0,281040.0,3660.0
2022-11-04,supramax,2022,13927.0,13599.0,-328.0,-367.3459834476852,-114.79591836734693,WAIT,True,True,278540.0,274480.0,4060.0
2022-11-07,supramax,2022,13599.0,13286.0,-313.0,-189.4579317891525,-114.79591836734693,WAIT,True,True,271980.0,268220.0,3760.0
2022-11-08,supramax,2022,13286.0,13178.0,-108.0,-401.5931644825325,-114.79591836734693,WAIT,True,True,265720.0,266060.0,-340.0
2022-11-09,supramax,2022,13178.0,13084.0,-94.0,-212.63918269926089,-114.79591836734693,WAIT,True,True,263560.0,264180.0,-620.0
2022-11-10,supramax,2022,13084.0,13000.0,-84.0,-191.9313354614912,-114.79591836734693,WAIT,True,True,261680.0,262500.0,-820.0
2022-11-11,supramax,2022,13000.0,13074.0,74.0,-154.17176341505342,-114.79591836734693,WAIT,True,False,260000.0,263980.0,-3980.0
2022-11-14,supramax,2022,13074.0,12839.0,-235.0,19.43601347391457,-114.79591836734693,SPOT_INDEX,False,False,261480.0,261480.0,0.0
2022-11-15,supramax,2022,12839.0,12568.0,-271.0,-260.6235124648463,-114.79591836734693,WAIT,True,True,256780.0,253860.0,2920.0
2022-11-16,supramax,2022,12568.0,12589.0,21.0,-270.584965113307,-114.79591836734693,WAIT,True,False,251360.0,254280.0,-2920.0
2022-11-17,supramax,2022,12589.0,12440.0,-149.0,-24.430108765636678,-114.79591836734693,SPOT_INDEX,False,True,251780.0,251780.0,0.0
2022-11-18,supramax,2022,12440.0,12758.0,318.0,-97.2847907528451,-114.79591836734693,SPOT_INDEX,False,False,248800.0,248800.0,0.0
2022-11-21,supramax,2022,12758.0,12805.0,47.0,71.42878294904857,-114.79591836734693,SPOT_INDEX,False,True,255160.0,255160.0,0.0
2022-11-22,supramax,2022,12805.0,12937.0,132.0,50.651322347306106,-114.79591836734693,SPOT_INDEX,False,True,256100.0,256100.0,0.0
2022-11-23,supramax,2022,12937.0,13065.0,128.0,73.16115402949106,-114.79591836734693,SPOT_INDEX,False,True,258740.0,258740.0,0.0
2022-11-24,supramax,2022,13065.0,13280.0,215.0,18.31387794553477,-114.79591836734693,SPOT_INDEX,False,True,261300.0,261300.0,0.0
2022-11-25,supramax,2022,13280.0,13318.0,38.0,71.01772057089009,-114.79591836734693,SPOT_INDEX,False,True,265600.0,265600.0,0.0
2022-11-28,supramax,2022,13318.0,13379.0,61.0,-23.10808102383389,-114.79591836734693,SPOT_INDEX,False,False,266360.0,266360.0,0.0
2022-11-29,supramax,2022,13379.0,13255.0,-124.0,0.4413990687299355,-114.79591836734693,SPOT_INDEX,False,False,267580.0,267580.0,0.0
2022-11-30,supramax,2022,13255.0,13164.0,-91.0,-42.73560395347744,-114.79591836734693,SPOT_INDEX,False,True,265100.0,265100.0,0.0
2022-12-01,supramax,2022,13164.0,13158.0,-6.0,-31.32277882271787,-114.79591836734693,SPOT_INDEX,False,True,263280.0,263280.0,0.0
2022-12-02,supramax,2022,13158.0,13184.0,26.0,-13.639699259945122,-114.79591836734693,SPOT_INDEX,False,False,263160.0,263160.0,0.0
2022-12-05,supramax,2022,13184.0,13213.0,29.0,8.335698822756283,-114.79591836734693,SPOT_INDEX,False,True,263680.0,263680.0,0.0
2022-12-06,supramax,2022,13213.0,13366.0,153.0,22.692836315027797,-114.79591836734693,SPOT_INDEX,False,True,264260.0,264260.0,0.0
2022-12-07,supramax,2022,13366.0,13445.0,79.0,71.1184652006436,-114.79591836734693,SPOT_INDEX,False,True,267320.0,267320.0,0.0
2022-12-08,supramax,2022,13445.0,13392.0,-53.0,52.31984198089239,-114.79591836734693,SPOT_INDEX,False,False,268900.0,268900.0,0.0
2022-12-09,supramax,2022,13392.0,13511.0,119.0,-24.969308570259695,-114.79591836734693,SPOT_INDEX,False,False,267840.0,267840.0,0.0
2022-12-12,supramax,2022,13511.0,13404.0,-107.0,77.05210133859319,-114.79591836734693,SPOT_INDEX,False,False,270220.0,270220.0,0.0
2022-12-13,supramax,2022,13404.0,13327.0,-77.0,-64.41501967417713,-114.79591836734693,SPOT_INDEX,False,True,268080.0,268080.0,0.0
2022-12-14,supramax,2022,13327.0,13411.0,84.0,-29.41277062732872,-114.79591836734693,SPOT_INDEX,False,False,266540.0,266540.0,0.0
2022-12-15,supramax,2022,13411.0,13966.0,555.0,22.780566303723962,-114.79591836734693,SPOT_INDEX,False,True,268220.0,268220.0,0.0
2022-12-16,supramax,2022,13966.0,13900.0,-66.0,70.31471035459712,-114.79591836734693,SPOT_INDEX,False,False,279320.0,279320.0,0.0
2022-12-19,supramax,2022,13900.0,14100.0,200.0,-32.88857110617725,-114.79591836734693,SPOT_INDEX,False,False,278000.0,278000.0,0.0
2022-12-20,supramax,2022,14100.0,14022.0,-78.0,44.95273341251448,-114.79591836734693,SPOT_INDEX,False,False,282000.0,282000.0,0.0
2022-12-21,supramax,2022,14022.0,13528.0,-494.0,-59.66723648830489,-114.79591836734693,SPOT_INDEX,False,True,280440.0,280440.0,0.0
2022-12-22,supramax,2022,13528.0,13416.0,-112.0,-143.24302497517294,-114.79591836734693,WAIT,True,True,270560.0,270820.0,-260.0
2022-12-23,supramax,2022,13416.0,12175.0,-1241.0,-64.03372489214101,-114.79591836734693,SPOT_INDEX,False,True,268320.0,268320.0,0.0
2022-01-03,handy,2022,22868.0,22723.0,-145.0,-106.96867230785293,-69.89795918367346,WAIT,True,True,457360.0,456960.0,400.0
2022-01-04,handy,2022,22723.0,22104.0,-619.0,-119.65905374359663,-69.89795918367346,WAIT,True,True,454460.0,444580.0,9880.0
2022-01-05,handy,2022,22104.0,21691.0,-413.0,-156.32695188129992,-69.89795918367346,WAIT,True,True,442080.0,436320.0,5760.0
2022-01-06,handy,2022,21691.0,21479.0,-212.0,-168.12248369773195,-69.89795918367346,WAIT,True,True,433820.0,432080.0,1740.0
2022-01-07,handy,2022,21479.0,21095.0,-384.0,-156.37096757007362,-69.89795918367346,WAIT,True,True,429580.0,424400.0,5180.0
2022-01-10,handy,2022,21095.0,20221.0,-874.0,-49.120153581731756,-69.89795918367346,SPOT_INDEX,False,True,421900.0,421900.0,0.0
2022-01-11,handy,2022,20221.0,19951.0,-270.0,379.8047938494831,-69.89795918367346,SPOT_INDEX,False,False,404420.0,404420.0,0.0
2022-01-12,handy,2022,19951.0,19870.0,-81.0,394.7464220184084,-69.89795918367346,SPOT_INDEX,False,False,399020.0,399020.0,0.0
2022-01-13,handy,2022,19870.0,19321.0,-549.0,442.27694401033733,-69.89795918367346,SPOT_INDEX,False,False,397400.0,397400.0,0.0
2022-01-14,handy,2022,19321.0,19045.0,-276.0,378.60424653913054,-69.89795918367346,SPOT_INDEX,False,False,386420.0,386420.0,0.0
2022-01-17,handy,2022,19045.0,18447.0,-598.0,199.5714608121808,-69.89795918367346,SPOT_INDEX,False,False,380900.0,380900.0,0.0
2022-01-18,handy,2022,18447.0,18012.0,-435.0,389.7301662623602,-69.89795918367346,SPOT_INDEX,False,False,368940.0,368940.0,0.0
2022-01-19,handy,2022,18012.0,17662.0,-350.0,388.5743310099887,-69.89795918367346,SPOT_INDEX,False,False,360240.0,360240.0,0.0
2022-01-20,handy,2022,17662.0,17574.0,-88.0,380.5426362543086,-69.89795918367346,SPOT_INDEX,False,False,353240.0,353240.0,0.0
2022-01-21,handy,2022,17574.0,17418.0,-156.0,192.73520979112655,-69.89795918367346,SPOT_INDEX,False,False,351480.0,351480.0,0.0
2022-01-24,handy,2022,17418.0,17316.0,-102.0,433.52298539193004,-69.89795918367346,SPOT_INDEX,False,False,348360.0,348360.0,0.0
2022-01-25,handy,2022,17316.0,17178.0,-138.0,226.78310591388058,-69.89795918367346,SPOT_INDEX,False,False,346320.0,346320.0,0.0
2022-01-26,handy,2022,17178.0,17068.0,-110.0,8.719860962463045,-69.89795918367346,SPOT_INDEX,False,False,343560.0,343560.0,0.0
2022-01-27,handy,2022,17068.0,17104.0,36.0,-0.5596890177233538,-69.89795918367346,SPOT_INDEX,False,False,341360.0,341360.0,0.0
2022-01-28,handy,2022,17104.0,18050.0,946.0,115.08971931357837,-69.89795918367346,SPOT_INDEX,False,True,342080.0,342080.0,0.0
2022-02-03,handy,2022,18050.0,18254.0,204.0,-46.95419817370592,-69.89795918367346,SPOT_INDEX,False,False,361000.0,361000.0,0.0
2022-02-04,handy,2022,18254.0,18291.0,37.0,-35.69800452305154,-69.89795918367346,SPOT_INDEX,False,False,365080.0,365080.0,0.0
2022-02-07,handy,2022,18291.0,18656.0,365.0,96.54039120589046,-69.89795918367346,SPOT_INDEX,False,True,365820.0,365820.0,0.0
2022-02-08,handy,2022,18656.0,19569.0,913.0,193.45305491113683,-69.89795918367346,SPOT_INDEX,False,True,373120.0,373120.0,0.0
2022-02-09,handy,2022,19569.0,20727.0,1158.0,212.08954511698005,-69.89795918367346,SPOT_INDEX,False,True,391380.0,391380.0,0.0
2022-02-10,handy,2022,20727.0,21618.0,891.0,238.89499496326843,-69.89795918367346,SPOT_INDEX,False,True,414540.0,414540.0,0.0
2022-02-11,handy,2022,21618.0,21976.0,358.0,630.6067425780193,-69.89795918367346,SPOT_INDEX,False,True,432360.0,432360.0,0.0
2022-02-14,handy,2022,21976.0,22572.0,596.0,612.699591603968,-69.89795918367346,SPOT_INDEX,False,True,439520.0,439520.0,0.0
2022-02-15,handy,2022,22572.0,23222.0,650.0,598.3848308718528,-69.89795918367346,SPOT_INDEX,False,True,451440.0,451440.0,0.0
2022-02-16,handy,2022,23222.0,23556.0,334.0,567.532245929463,-69.89795918367346,SPOT_INDEX,False,True,464440.0,464440.0,0.0
2022-02-17,handy,2022,23556.0,23518.0,-38.0,349.03883986316913,-69.89795918367346,SPOT_INDEX,False,False,471120.0,471120.0,0.0
2022-02-18,handy,2022,23518.0,23641.0,123.0,-58.01373881127598,-69.89795918367346,SPOT_INDEX,False,False,470360.0,470360.0,0.0
2022-02-21,handy,2022,23641.0,24319.0,678.0,49.69175852366596,-69.89795918367346,SPOT_INDEX,False,True,472820.0,472820.0,0.0
2022-02-22,handy,2022,24319.0,25413.0,1094.0,207.55909874444518,-69.89795918367346,SPOT_INDEX,False,True,486380.0,486380.0,0.0
2022-02-23,handy,2022,25413.0,26121.0,708.0,215.3653522049737,-69.89795918367346,SPOT_INDEX,False,True,508260.0,508260.0,0.0
2022-02-24,handy,2022,26121.0,26624.0,503.0,209.3182798487494,-69.89795918367346,SPOT_INDEX,False,True,522420.0,522420.0,0.0
2022-02-25,handy,2022,26624.0,26990.0,366.0,170.23729837484757,-69.89795918367346,SPOT_INDEX,False,True,532480.0,532480.0,0.0
2022-02-28,handy,2022,26990.0,28318.0,1328.0,360.16834687657865,-69.89795918367346,SPOT_INDEX,False,True,539800.0,539800.0,0.0
2022-03-02,handy,2022,28318.0,29215.0,897.0,433.35515518829584,-69.89795918367346,SPOT_INDEX,False,True,566360.0,566360.0,0.0
2022-03-03,handy,2022,29215.0,29831.0,616.0,433.19105179534364,-69.89795918367346,SPOT_INDEX,False,True,584300.0,584300.0,0.0
2022-03-04,handy,2022,29831.0,30635.0,804.0,410.5936180633284,-69.89795918367346,SPOT_INDEX,False,True,596620.0,596620.0,0.0
2022-03-07,handy,2022,30635.0,31411.0,776.0,435.069385128677,-69.89795918367346,SPOT_INDEX,False,True,612700.0,612700.0,0.0
2022-03-08,handy,2022,31411.0,33421.0,2010.0,431.7613488265645,-69.89795918367346,SPOT_INDEX,False,True,628220.0,628220.0,0.0
2022-03-10,handy,2022,33421.0,32910.0,-511.0,451.40062242828435,-69.89795918367346,SPOT_INDEX,False,False,668420.0,668420.0,0.0
2022-03-11,handy,2022,32910.0,33226.0,316.0,111.66701336805967,-69.89795918367346,SPOT_INDEX,False,True,658200.0,658200.0,0.0
2022-03-14,handy,2022,33226.0,32717.0,-509.0,360.89117027764246,-69.89795918367346,SPOT_INDEX,False,False,664520.0,664520.0,0.0
2022-03-15,handy,2022,32717.0,32307.0,-410.0,91.13693289191693,-69.89795918367346,SPOT_INDEX,False,False,654340.0,654340.0,0.0
2022-03-16,handy,2022,32307.0,32389.0,82.0,-163.81849930864294,-69.89795918367346,WAIT,True,False,646140.0,650280.0,-4140.0
2022-03-17,handy,2022,32389.0,32389.0,0.0,-18.71497219206733,-69.89795918367346,SPOT_INDEX,False,False,647780.0,647780.0,0.0
2022-03-18,handy,2022,32389.0,32828.0,439.0,69.65995691985704,-69.89795918367346,SPOT_INDEX,False,True,647780.0,647780.0,0.0
2022-03-21,handy,2022,32828.0,33254.0,426.0,108.39581172700973,-69.89795918367346,SPOT_INDEX,False,True,656560.0,656560.0,0.0
2022-03-22,handy,2022,33254.0,33652.0,398.0,128.8891733428787,-69.89795918367346,SPOT_INDEX,False,True,665080.0,665080.0,0.0
2022-03-23,handy,2022,33652.0,33924.0,272.0,132.11408448596117,-69.89795918367346,SPOT_INDEX,False,True,673040.0,673040.0,0.0
2022-03-24,handy,2022,33924.0,33695.0,-229.0,176.4807010937172,-69.89795918367346,SPOT_INDEX,False,False,678480.0,678480.0,0.0
2022-03-25,handy,2022,33695.0,33307.0,-388.0,-128.73786017653936,-69.89795918367346,WAIT,True,True,673900.0,668640.0,5260.0
2022-03-28,handy,2022,33307.0,33027.0,-280.0,-129.29878032622923,-69.89795918367346,WAIT,True,True,666140.0,663040.0,3100.0
2022-03-29,handy,2022,33027.0,32518.0,-509.0,-112.91118381906115,-69.89795918367346,WAIT,True,True,660540.0,652860.0,7680.0
2022-03-30,handy,2022,32518.0,32145.0,-373.0,-120.21505039201156,-69.89795918367346,WAIT,True,True,650360.0,645400.0,4960.0
2022-03-31,handy,2022,32145.0,31972.0,-173.0,-128.76258231460554,-69.89795918367346,WAIT,True,True,642900.0,641940.0,960.0
2022-04-01,handy,2022,31972.0,30237.0,-1735.0,-107.19099130806228,-69.89795918367346,WAIT,True,True,639440.0,607240.0,32200.0
2022-04-04,handy,2022,30237.0,29375.0,-862.0,274.1135465650392,-69.89795918367346,SPOT_INDEX,False,False,604740.0,604740.0,0.0
2022-04-05,handy,2022,29375.0,28710.0,-665.0,609.0664678906518,-69.89795918367346,SPOT_INDEX,False,False,587500.0,587500.0,0.0
2022-04-06,handy,2022,28710.0,27960.0,-750.0,601.8435474532461,-69.89795918367346,SPOT_INDEX,False,False,574200.0,574200.0,0.0
2022-04-07,handy,2022,27960.0,27230.0,-730.0,605.2171278233118,-69.89795918367346,SPOT_INDEX,False,False,559200.0,559200.0,0.0
2022-04-08,handy,2022,27230.0,26800.0,-430.0,820.932732536403,-69.89795918367346,SPOT_INDEX,False,False,544600.0,544600.0,0.0
2022-04-11,handy,2022,26800.0,26489.0,-311.0,819.8697047006978,-69.89795918367346,SPOT_INDEX,False,False,536000.0,536000.0,0.0
2022-04-12,handy,2022,26489.0,26014.0,-475.0,834.9515760464077,-69.89795918367346,SPOT_INDEX,False,False,529780.0,529780.0,0.0
2022-04-13,handy,2022,26014.0,25966.0,-48.0,416.3646339573603,-69.89795918367346,SPOT_INDEX,False,False,520280.0,520280.0,0.0
2022-04-14,handy,2022,25966.0,26206.0,240.0,587.6406567198638,-69.89795918367346,SPOT_INDEX,False,True,519320.0,519320.0,0.0
2022-04-15,handy,2022,26206.0,26355.0,149.0,652.8558313248647,-69.89795918367346,SPOT_INDEX,False,True,524120.0,524120.0,0.0
2022-04-18,handy,2022,26355.0,26310.0,-45.0,422.4669829006431,-69.89795918367346,SPOT_INDEX,False,False,527100.0,527100.0,0.0
2022-04-19,handy,2022,26310.0,26804.0,494.0,337.01905213968575,-69.89795918367346,SPOT_INDEX,False,True,526200.0,526200.0,0.0
2022-04-20,handy,2022,26804.0,27140.0,336.0,275.4664302767894,-69.89795918367346,SPOT_INDEX,False,True,536080.0,536080.0,0.0
2022-04-21,handy,2022,27140.0,27516.0,376.0,260.30456509823176,-69.89795918367346,SPOT_INDEX,False,True,542800.0,542800.0,0.0
2022-04-22,handy,2022,27516.0,27760.0,244.0,170.63060382546024,-69.89795918367346,SPOT_INDEX,False,True,550320.0,550320.0,0.0
2022-04-25,handy,2022,27760.0,28096.0,336.0,164.91620204868914,-69.89795918367346,SPOT_INDEX,False,True,555200.0,555200.0,0.0
2022-04-26,handy,2022,28096.0,28281.0,185.0,145.146916628409,-69.89795918367346,SPOT_INDEX,False,True,561920.0,561920.0,0.0
2022-04-27,handy,2022,28281.0,28297.0,16.0,109.64509132772537,-69.89795918367346,SPOT_INDEX,False,True,565620.0,565620.0,0.0
2022-04-28,handy,2022,28297.0,28368.0,71.0,85.10128904697285,-69.89795918367346,SPOT_INDEX,False,True,565940.0,565940.0,0.0
2022-04-29,handy,2022,28368.0,28497.0,129.0,101.79715638948988,-69.89795918367346,SPOT_INDEX,False,True,567360.0,567360.0,0.0
2022-05-02,handy,2022,28497.0,28403.0,-94.0,45.78589566738047,-69.89795918367346,SPOT_INDEX,False,False,569940.0,569940.0,0.0
2022-05-03,handy,2022,28403.0,28373.0,-30.0,-15.864212423742842,-69.89795918367346,SPOT_INDEX,False,True,568060.0,568060.0,0.0
2022-05-04,handy,2022,28373.0,28546.0,173.0,33.752919406860116,-69.89795918367346,SPOT_INDEX,False,True,567460.0,567460.0,0.0
2022-05-06,handy,2022,28546.0,28978.0,432.0,100.56133211331482,-69.89795918367346,SPOT_INDEX,False,True,570920.0,570920.0,0.0
2022-05-09,handy,2022,28978.0,29253.0,275.0,207.26656901761507,-69.89795918367346,SPOT_INDEX,False,True,579560.0,579560.0,0.0
2022-05-10,handy,2022,29253.0,29392.0,139.0,198.78303320406658,-69.89795918367346,SPOT_INDEX,False,True,585060.0,585060.0,0.0
2022-05-11,handy,2022,29392.0,29523.0,131.0,165.83393754509532,-69.89795918367346,SPOT_INDEX,False,True,587840.0,587840.0,0.0
2022-05-12,handy,2022,29523.0,29732.0,209.0,147.81925741682804,-69.89795918367346,SPOT_INDEX,False,True,590460.0,590460.0,0.0
2022-05-13,handy,2022,29732.0,29770.0,38.0,1.034451996123544,-69.89795918367346,SPOT_INDEX,False,True,594640.0,594640.0,0.0
2022-05-16,handy,2022,29770.0,30011.0,241.0,64.40528410857772,-69.89795918367346,SPOT_INDEX,False,True,595400.0,595400.0,0.0
2022-05-17,handy,2022,30011.0,29983.0,-28.0,-69.66923053686253,-69.89795918367346,SPOT_INDEX,False,True,600220.0,600220.0,0.0
2022-05-18,handy,2022,29983.0,30197.0,214.0,24.49297195258466,-69.89795918367346,SPOT_INDEX,False,True,599660.0,599660.0,0.0
2022-05-19,handy,2022,30197.0,30270.0,73.0,188.15393340240212,-69.89795918367346,SPOT_INDEX,False,True,603940.0,603940.0,0.0
2022-05-20,handy,2022,30270.0,30272.0,2.0,97.87862098076641,-69.89795918367346,SPOT_INDEX,False,True,605400.0,605400.0,0.0
2022-05-23,handy,2022,30272.0,30293.0,21.0,-33.44743674491156,-69.89795918367346,SPOT_INDEX,False,False,605440.0,605440.0,0.0
2022-05-24,handy,2022,30293.0,30242.0,-51.0,49.89076944101819,-69.89795918367346,SPOT_INDEX,False,False,605860.0,605860.0,0.0
2022-05-25,handy,2022,30242.0,30026.0,-216.0,-27.371043032371446,-69.89795918367346,SPOT_INDEX,False,True,604840.0,604840.0,0.0
2022-05-26,handy,2022,30026.0,29621.0,-405.0,-73.25929177100494,-69.89795918367346,WAIT,True,True,600520.0,594920.0,5600.0
2022-05-27,handy,2022,29621.0,29214.0,-407.0,-109.6508562309141,-69.89795918367346,WAIT,True,True,592420.0,586780.0,5640.0
2022-05-30,handy,2022,29214.0,28599.0,-615.0,-123.11079634459735,-69.89795918367346,WAIT,True,True,584280.0,574480.0,9800.0
2022-05-31,handy,2022,28599.0,28124.0,-475.0,-135.54322358866247,-69.89795918367346,WAIT,True,True,571980.0,564980.0,7000.0
2022-06-02,handy,2022,28124.0,27972.0,-152.0,-139.59561424047132,-69.89795918367346,WAIT,True,True,562480.0,561940.0,540.0
2022-06-03,handy,2022,27972.0,27127.0,-845.0,-127.86551688371485,-69.89795918367346,WAIT,True,True,559440.0,545040.0,14400.0
2022-06-07,handy,2022,27127.0,26799.0,-328.0,69.38713693112402,-69.89795918367346,SPOT_INDEX,False,False,542540.0,542540.0,0.0
2022-06-08,handy,2022,26799.0,26351.0,-448.0,160.5198144821861,-69.89795918367346,SPOT_INDEX,False,False,535980.0,535980.0,0.0
2022-06-09,handy,2022,26351.0,25886.0,-465.0,165.98189470677357,-69.89795918367346,SPOT_INDEX,False,False,527020.0,527020.0,0.0
2022-06-10,handy,2022,25886.0,25443.0,-443.0,207.9187440953354,-69.89795918367346,SPOT_INDEX,False,False,517720.0,517720.0,0.0
2022-06-13,handy,2022,25443.0,25395.0,-48.0,383.210152265135,-69.89795918367346,SPOT_INDEX,False,False,508860.0,508860.0,0.0
2022-06-14,handy,2022,25395.0,25317.0,-78.0,432.81935240697663,-69.89795918367346,SPOT_INDEX,False,False,507900.0,507900.0,0.0
2022-06-15,handy,2022,25317.0,25377.0,60.0,505.87957297807714,-69.89795918367346,SPOT_INDEX,False,True,506340.0,506340.0,0.0
2022-06-16,handy,2022,25377.0,25536.0,159.0,446.84464932487566,-69.89795918367346,SPOT_INDEX,False,True,507540.0,507540.0,0.0
2022-06-17,handy,2022,25536.0,25701.0,165.0,304.74081752100466,-69.89795918367346,SPOT_INDEX,False,True,510720.0,510720.0,0.0
2022-06-20,handy,2022,25701.0,25733.0,32.0,334.1127507519169,-69.89795918367346,SPOT_INDEX,False,True,514020.0,514020.0,0.0
2022-06-21,handy,2022,25733.0,25376.0,-357.0,96.38469396472776,-69.89795918367346,SPOT_INDEX,False,False,514660.0,514660.0,0.0
2022-06-22,handy,2022,25376.0,24972.0,-404.0,27.859549975041254,-69.89795918367346,SPOT_INDEX,False,False,507520.0,507520.0,0.0
2022-06-23,handy,2022,24972.0,24842.0,-130.0,4.524603367316104,-69.89795918367346,SPOT_INDEX,False,False,499440.0,499440.0,0.0
2022-06-24,handy,2022,24842.0,24929.0,87.0,-6.744160368377352,-69.89795918367346,SPOT_INDEX,False,False,496840.0,496840.0,0.0
2022-06-27,handy,2022,24929.0,24339.0,-590.0,-20.446454076900114,-69.89795918367346,SPOT_INDEX,False,True,498580.0,498580.0,0.0
2022-06-28,handy,2022,24339.0,23867.0,-472.0,-109.56129819768987,-69.89795918367346,WAIT,True,True,486780.0,479840.0,6940.0
2022-06-29,handy,2022,23867.0,23311.0,-556.0,-123.66488104045833,-69.89795918367346,WAIT,True,True,477340.0,468720.0,8620.0
2022-06-30,handy,2022,23311.0,23185.0,-126.0,101.17182682006147,-69.89795918367346,SPOT_INDEX,False,False,466220.0,466220.0,0.0
2022-07-01,handy,2022,23185.0,23003.0,-182.0,-18.43248613487893,-69.89795918367346,SPOT_INDEX,False,True,463700.0,463700.0,0.0
2022-07-04,handy,2022,23003.0,22547.0,-456.0,-104.76196985640355,-69.89795918367346,WAIT,True,True,460060.0,453440.0,6620.0
2022-07-05,handy,2022,22547.0,22312.0,-235.0,-123.24440398795402,-69.89795918367346,WAIT,True,True,450940.0,448740.0,2200.0
2022-07-06,handy,2022,22312.0,21851.0,-461.0,215.4751015180791,-69.89795918367346,SPOT_INDEX,False,False,446240.0,446240.0,0.0
2022-07-07,handy,2022,21851.0,21317.0,-534.0,199.5054362927592,-69.89795918367346,SPOT_INDEX,False,False,437020.0,437020.0,0.0
2022-07-08,handy,2022,21317.0,21028.0,-289.0,222.82804714293783,-69.89795918367346,SPOT_INDEX,False,False,426340.0,426340.0,0.0
2022-07-11,handy,2022,21028.0,20699.0,-329.0,192.01082386509228,-69.89795918367346,SPOT_INDEX,False,False,420560.0,420560.0,0.0
2022-07-12,handy,2022,20699.0,20444.0,-255.0,396.255507199933,-69.89795918367346,SPOT_INDEX,False,False,413980.0,413980.0,0.0
2022-07-13,handy,2022,20444.0,20139.0,-305.0,396.7516848115399,-69.89795918367346,SPOT_INDEX,False,False,408880.0,408880.0,0.0
2022-07-14,handy,2022,20139.0,19923.0,-216.0,259.9524627974504,-69.89795918367346,SPOT_INDEX,False,False,402780.0,402780.0,0.0
2022-07-15,handy,2022,19923.0,19818.0,-105.0,288.9222033643339,-69.89795918367346,SPOT_INDEX,False,False,398460.0,398460.0,0.0
2022-07-18,handy,2022,19818.0,19807.0,-11.0,56.705550618986436,-69.89795918367346,SPOT_INDEX,False,False,396360.0,396360.0,0.0
2022-07-19,handy,2022,19807.0,20248.0,441.0,74.44011687268892,-69.89795918367346,SPOT_INDEX,False,True,396140.0,396140.0,0.0
2022-07-20,handy,2022,20248.0,20381.0,133.0,262.9291685009327,-69.89795918367346,SPOT_INDEX,False,True,404960.0,404960.0,0.0
2022-07-21,handy,2022,20381.0,20669.0,288.0,92.21771469794159,-69.89795918367346,SPOT_INDEX,False,True,407620.0,407620.0,0.0
2022-07-22,handy,2022,20669.0,20884.0,215.0,153.89875291824205,-69.89795918367346,SPOT_INDEX,False,True,413380.0,413380.0,0.0
2022-07-25,handy,2022,20884.0,20857.0,-27.0,176.91814373362516,-69.89795918367346,SPOT_INDEX,False,False,417680.0,417680.0,0.0
2022-07-26,handy,2022,20857.0,20380.0,-477.0,-33.13955458840265,-69.89795918367346,SPOT_INDEX,False,True,417140.0,417140.0,0.0
2022-07-27,handy,2022,20380.0,20005.0,-375.0,-109.22400089761642,-69.89795918367346,WAIT,True,True,407600.0,402600.0,5000.0
2022-07-28,handy,2022,20005.0,19614.0,-391.0,-124.7376294244954,-69.89795918367346,WAIT,True,True,400100.0,394780.0,5320.0
2022-07-29,handy,2022,19614.0,19054.0,-560.0,-104.02947130527951,-69.89795918367346,WAIT,True,True,392280.0,383580.0,8700.0
2022-08-01,handy,2022,19054.0,18565.0,-489.0,-96.15947641937628,-69.89795918367346,WAIT,True,True,381080.0,373800.0,7280.0
2022-08-02,handy,2022,18565.0,17568.0,-997.0,-95.32496426890955,-69.89795918367346,WAIT,True,True,371300.0,353860.0,17440.0
2022-08-03,handy,2022,17568.0,16880.0,-688.0,107.92569652768347,-69.89795918367346,SPOT_INDEX,False,False,351360.0,351360.0,0.0
2022-08-04,handy,2022,16880.0,16569.0,-311.0,205.37072895335587,-69.89795918367346,SPOT_INDEX,False,False,337600.0,337600.0,0.0
2022-08-05,handy,2022,16569.0,16019.0,-550.0,447.4133660188993,-69.89795918367346,SPOT_INDEX,False,False,331380.0,331380.0,0.0
2022-08-08,handy,2022,16019.0,15981.0,-38.0,621.9051558993829,-69.89795918367346,SPOT_INDEX,False,False,320380.0,320380.0,0.0
2022-08-09,handy,2022,15981.0,15636.0,-345.0,609.6911691321422,-69.89795918367346,SPOT_INDEX,False,False,319620.0,319620.0,0.0
2022-08-10,handy,2022,15636.0,15439.0,-197.0,582.5302355368093,-69.89795918367346,SPOT_INDEX,False,False,312720.0,312720.0,0.0
2022-08-11,handy,2022,15439.0,15418.0,-21.0,443.73496451257057,-69.89795918367346,SPOT_INDEX,False,False,308780.0,308780.0,0.0
2022-08-12,handy,2022,15418.0,15403.0,-15.0,312.4768187356782,-69.89795918367346,SPOT_INDEX,False,False,308360.0,308360.0,0.0
2022-08-16,handy,2022,15403.0,15596.0,193.0,387.86969969413417,-69.89795918367346,SPOT_INDEX,False,True,308060.0,308060.0,0.0
2022-08-17,handy,2022,15596.0,15812.0,216.0,380.36644235351406,-69.89795918367346,SPOT_INDEX,False,True,311920.0,311920.0,0.0
2022-08-18,handy,2022,15812.0,16284.0,472.0,180.90045312899824,-69.89795918367346,SPOT_INDEX,False,True,316240.0,316240.0,0.0
2022-08-19,handy,2022,16284.0,16557.0,273.0,223.1032991222059,-69.89795918367346,SPOT_INDEX,False,True,325680.0,325680.0,0.0
2022-08-22,handy,2022,16557.0,16754.0,197.0,144.15685761928157,-69.89795918367346,SPOT_INDEX,False,True,331140.0,331140.0,0.0
2022-08-23,handy,2022,16754.0,17011.0,257.0,124.984661271126,-69.89795918367346,SPOT_INDEX,False,True,335080.0,335080.0,0.0
2022-08-24,handy,2022,17011.0,17086.0,75.0,148.5756809771437,-69.89795918367346,SPOT_INDEX,False,True,340220.0,340220.0,0.0
2022-08-25,handy,2022,17086.0,16930.0,-156.0,55.149718734920945,-69.89795918367346,SPOT_INDEX,False,False,341720.0,341720.0,0.0
2022-08-26,handy,2022,16930.0,16659.0,-271.0,-135.26730212649002,-69.89795918367346,WAIT,True,True,338600.0,335680.0,2920.0
2022-08-29,handy,2022,16659.0,16158.0,-501.0,-128.8030464054703,-69.89795918367346,WAIT,True,True,333180.0,325660.0,7520.0
2022-08-30,handy,2022,16158.0,15565.0,-593.0,-117.05925404699637,-69.89795918367346,WAIT,True,True,323160.0,313800.0,9360.0
2022-08-31,handy,2022,15565.0,15137.0,-428.0,-136.2394178519062,-69.89795918367346,WAIT,True,True,311300.0,305240.0,6060.0
2022-09-01,handy,2022,15137.0,14959.0,-178.0,-128.41254847288477,-69.89795918367346,WAIT,True,True,302740.0,301680.0,1060.0
2022-09-02,handy,2022,14959.0,14884.0,-75.0,-99.22963621011813,-69.89795918367346,WAIT,True,True,299180.0,300180.0,-1000.0
2022-09-05,handy,2022,14884.0,14743.0,-141.0,-92.37816845719182,-69.89795918367346,WAIT,True,True,297680.0,297360.0,320.0
2022-09-06,handy,2022,14743.0,14705.0,-38.0,-17.928289149289025,-69.89795918367346,SPOT_INDEX,False,True,294860.0,294860.0,0.0
2022-09-07,handy,2022,14705.0,14645.0,-60.0,82.31576888497428,-69.89795918367346,SPOT_INDEX,False,False,294100.0,294100.0,0.0
2022-09-08,handy,2022,14645.0,14801.0,156.0,-56.84012954848615,-69.89795918367346,SPOT_INDEX,False,False,292900.0,292900.0,0.0
2022-09-13,handy,2022,14801.0,15068.0,267.0,-28.736176146041647,-69.89795918367346,SPOT_INDEX,False,False,296020.0,296020.0,0.0
2022-09-14,handy,2022,15068.0,15323.0,255.0,113.36814896429257,-69.89795918367346,SPOT_INDEX,False,True,301360.0,301360.0,0.0
2022-09-15,handy,2022,15323.0,15419.0,96.0,123.66014202871291,-69.89795918367346,SPOT_INDEX,False,True,306460.0,306460.0,0.0
2022-09-16,handy,2022,15419.0,15469.0,50.0,72.08831568803254,-69.89795918367346,SPOT_INDEX,False,True,308380.0,308380.0,0.0
2022-09-19,handy,2022,15469.0,15520.0,51.0,64.07445941625816,-69.89795918367346,SPOT_INDEX,False,True,309380.0,309380.0,0.0
2022-09-20,handy,2022,15520.0,15949.0,429.0,66.05427550139989,-69.89795918367346,SPOT_INDEX,False,True,310400.0,310400.0,0.0
2022-09-21,handy,2022,15949.0,16255.0,306.0,190.51330243099673,-69.89795918367346,SPOT_INDEX,False,True,318980.0,318980.0,0.0
2022-09-22,handy,2022,16255.0,16384.0,129.0,117.08536946132172,-69.89795918367346,SPOT_INDEX,False,True,325100.0,325100.0,0.0
2022-09-23,handy,2022,16384.0,16330.0,-54.0,81.55136782718914,-69.89795918367346,SPOT_INDEX,False,False,327680.0,327680.0,0.0
2022-09-26,handy,2022,16330.0,16334.0,4.0,59.671123011137155,-69.89795918367346,SPOT_INDEX,False,True,326600.0,326600.0,0.0
2022-09-27,handy,2022,16334.0,16348.0,14.0,75.89977317914772,-69.89795918367346,SPOT_INDEX,False,True,326680.0,326680.0,0.0
2022-09-28,handy,2022,16348.0,16165.0,-183.0,92.09796873325905,-69.89795918367346,SPOT_INDEX,False,False,326960.0,326960.0,0.0
2022-09-29,handy,2022,16165.0,16032.0,-133.0,-60.544208818075916,-69.89795918367346,SPOT_INDEX,False,True,323300.0,323300.0,0.0
2022-09-30,handy,2022,16032.0,15966.0,-66.0,-55.145830025526394,-69.89795918367346,SPOT_INDEX,False,True,320640.0,320640.0,0.0
2022-10-04,handy,2022,15966.0,15913.0,-53.0,-42.09412261546915,-69.89795918367346,SPOT_INDEX,False,True,319320.0,319320.0,0.0
2022-10-05,handy,2022,15913.0,15709.0,-204.0,-20.96765157656313,-69.89795918367346,SPOT_INDEX,False,True,318260.0,318260.0,0.0
2022-10-06,handy,2022,15709.0,15651.0,-58.0,-71.57545138927009,-69.89795918367346,WAIT,True,True,314180.0,315520.0,-1340.0
2022-10-07,handy,2022,15651.0,15636.0,-15.0,3.5640553862454447,-69.89795918367346,SPOT_INDEX,False,False,313020.0,313020.0,0.0
2022-10-11,handy,2022,15636.0,15424.0,-212.0,-30.360202180179495,-69.89795918367346,SPOT_INDEX,False,True,312720.0,312720.0,0.0
2022-10-12,handy,2022,15424.0,15107.0,-317.0,-67.74537286469723,-69.89795918367346,SPOT_INDEX,False,True,308480.0,308480.0,0.0
2022-10-13,handy,2022,15107.0,14915.0,-192.0,-59.12901868796261,-69.89795918367346,SPOT_INDEX,False,True,302140.0,302140.0,0.0
2022-10-14,handy,2022,14915.0,14819.0,-96.0,-52.61152254334178,-69.89795918367346,SPOT_INDEX,False,True,298300.0,298300.0,0.0
2022-10-17,handy,2022,14819.0,14707.0,-112.0,51.54568403355624,-69.89795918367346,SPOT_INDEX,False,False,296380.0,296380.0,0.0
2022-10-18,handy,2022,14707.0,14653.0,-54.0,34.94030709869698,-69.89795918367346,SPOT_INDEX,False,False,294140.0,294140.0,0.0
2022-10-19,handy,2022,14653.0,14502.0,-151.0,-11.52455587688783,-69.89795918367346,SPOT_INDEX,False,True,293060.0,293060.0,0.0
2022-10-20,handy,2022,14502.0,14219.0,-283.0,4.62683107501529,-69.89795918367346,SPOT_INDEX,False,False,290040.0,290040.0,0.0
2022-10-21,handy,2022,14219.0,14098.0,-121.0,-65.38075560751666,-69.89795918367346,SPOT_INDEX,False,True,284380.0,284380.0,0.0
2022-10-24,handy,2022,14098.0,13628.0,-470.0,-53.76319376496164,-69.89795918367346,SPOT_INDEX,False,True,281960.0,281960.0,0.0
2022-10-25,handy,2022,13628.0,13414.0,-214.0,-91.9670599813777,-69.89795918367346,WAIT,True,True,272560.0,270780.0,1780.0
2022-10-26,handy,2022,13414.0,13074.0,-340.0,-78.03062948878886,-69.89795918367346,WAIT,True,True,268280.0,263980.0,4300.0
2022-10-27,handy,2022,13074.0,12723.0,-351.0,-125.13194032594072,-69.89795918367346,WAIT,True,True,261480.0,256960.0,4520.0
2022-10-28,handy,2022,12723.0,12550.0,-173.0,-22.08330124837182,-69.89795918367346,SPOT_INDEX,False,True,254460.0,254460.0,0.0
2022-10-31,handy,2022,12550.0,11866.0,-684.0,124.89636729260826,-69.89795918367346,SPOT_INDEX,False,False,251000.0,251000.0,0.0
2022-11-02,handy,2022,11866.0,11668.0,-198.0,-38.50921962409515,-69.89795918367346,SPOT_INDEX,False,True,237320.0,237320.0,0.0
2022-11-03,handy,2022,11668.0,11230.0,-438.0,175.84816614418224,-69.89795918367346,SPOT_INDEX,False,False,233360.0,233360.0,0.0
2022-11-04,handy,2022,11230.0,10911.0,-319.0,39.08560830134007,-69.89795918367346,SPOT_INDEX,False,False,224600.0,224600.0,0.0
2022-11-07,handy,2022,10911.0,10670.0,-241.0,197.11854032059827,-69.89795918367346,SPOT_INDEX,False,False,218220.0,218220.0,0.0
2022-11-08,handy,2022,10670.0,10647.0,-23.0,51.477948387518694,-69.89795918367346,SPOT_INDEX,False,False,213400.0,213400.0,0.0
2022-11-09,handy,2022,10647.0,10636.0,-11.0,47.616245329180856,-69.89795918367346,SPOT_INDEX,False,False,212940.0,212940.0,0.0
2022-11-10,handy,2022,10636.0,10516.0,-120.0,51.40661958889129,-69.89795918367346,SPOT_INDEX,False,False,212720.0,212720.0,0.0
2022-11-11,handy,2022,10516.0,10503.0,-13.0,26.551150672366358,-69.89795918367346,SPOT_INDEX,False,False,210320.0,210320.0,0.0
2022-11-14,handy,2022,10503.0,10498.0,-5.0,141.74213457170126,-69.89795918367346,SPOT_INDEX,False,False,210060.0,210060.0,0.0
2022-11-15,handy,2022,10498.0,10242.0,-256.0,37.75971972931563,-69.89795918367346,SPOT_INDEX,False,False,209960.0,209960.0,0.0
2022-11-16,handy,2022,10242.0,10221.0,-21.0,0.6875981841539925,-69.89795918367346,SPOT_INDEX,False,False,204840.0,204840.0,0.0
2022-11-17,handy,2022,10221.0,9887.0,-334.0,90.13006039639745,-69.89795918367346,SPOT_INDEX,False,False,204420.0,204420.0,0.0
2022-11-18,handy,2022,9887.0,9981.0,94.0,-9.490010884184146,-69.89795918367346,SPOT_INDEX,False,False,197740.0,197740.0,0.0
2022-11-21,handy,2022,9981.0,10088.0,107.0,48.08859163200864,-69.89795918367346,SPOT_INDEX,False,True,199620.0,199620.0,0.0
2022-11-22,handy,2022,10088.0,10196.0,108.0,38.61322455080395,-69.89795918367346,SPOT_INDEX,False,True,201760.0,201760.0,0.0
2022-11-23,handy,2022,10196.0,10108.0,-88.0,38.40372502316852,-69.89795918367346,SPOT_INDEX,False,False,203920.0,203920.0,0.0
2022-11-24,handy,2022,10108.0,10249.0,141.0,-7.90547009378639,-69.89795918367346,SPOT_INDEX,False,False,202160.0,202160.0,0.0
2022-11-25,handy,2022,10249.0,10053.0,-196.0,38.37989867942844,-69.89795918367346,SPOT_INDEX,False,False,204980.0,204980.0,0.0
2022-11-28,handy,2022,10053.0,9988.0,-65.0,-13.529063195319996,-69.89795918367346,SPOT_INDEX,False,True,201060.0,201060.0,0.0
2022-11-29,handy,2022,9988.0,10032.0,44.0,5.310690813009353,-69.89795918367346,SPOT_INDEX,False,True,199760.0,199760.0,0.0
2022-11-30,handy,2022,10032.0,10024.0,-8.0,-18.99951179408991,-69.89795918367346,SPOT_INDEX,False,True,200640.0,200640.0,0.0
2022-12-01,handy,2022,10024.0,9870.0,-154.0,-36.067423593883,-69.89795918367346,SPOT_INDEX,False,True,200480.0,200480.0,0.0
2022-12-02,handy,2022,9870.0,9836.0,-34.0,-14.253439509901778,-69.89795918367346,SPOT_INDEX,False,True,197400.0,197400.0,0.0
2022-12-05,handy,2022,9836.0,9816.0,-20.0,-2.0373611577461483,-69.89795918367346,SPOT_INDEX,False,True,196720.0,196720.0,0.0
2022-12-06,handy,2022,9816.0,9731.0,-85.0,-0.49925918079041987,-69.89795918367346,SPOT_INDEX,False,True,196320.0,196320.0,0.0
2022-12-07,handy,2022,9731.0,9781.0,50.0,16.22984475591656,-69.89795918367346,SPOT_INDEX,False,True,194620.0,194620.0,0.0
2022-12-08,handy,2022,9781.0,9865.0,84.0,32.00007151637968,-69.89795918367346,SPOT_INDEX,False,True,195620.0,195620.0,0.0
2022-12-09,handy,2022,9865.0,9854.0,-11.0,-7.215253413715768,-69.89795918367346,SPOT_INDEX,False,True,197300.0,197300.0,0.0
2022-12-12,handy,2022,9854.0,9673.0,-181.0,16.51435217325595,-69.89795918367346,SPOT_INDEX,False,False,197080.0,197080.0,0.0
2022-12-13,handy,2022,9673.0,9723.0,50.0,-56.62932435714239,-69.89795918367346,SPOT_INDEX,False,False,193460.0,193460.0,0.0
2022-12-14,handy,2022,9723.0,9587.0,-136.0,-10.297103533967215,-69.89795918367346,SPOT_INDEX,False,True,194460.0,194460.0,0.0
2022-12-15,handy,2022,9587.0,9524.0,-63.0,9.163189619049453,-69.89795918367346,SPOT_INDEX,False,False,191740.0,191740.0,0.0
2022-12-16,handy,2022,9524.0,9602.0,78.0,25.96806976275866,-69.89795918367346,SPOT_INDEX,False,True,190480.0,190480.0,0.0
2022-12-19,handy,2022,9602.0,9577.0,-25.0,-8.45471482565233,-69.89795918367346,SPOT_INDEX,False,True,192040.0,192040.0,0.0
2022-12-20,handy,2022,9577.0,9458.0,-119.0,4.8124742223352595,-69.89795918367346,SPOT_INDEX,False,False,191540.0,191540.0,0.0
2022-12-21,handy,2022,9458.0,9494.0,36.0,-50.02391069783795,-69.89795918367346,SPOT_INDEX,False,False,189160.0,189160.0,0.0
2022-12-22,handy,2022,9494.0,9390.0,-104.0,-66.40858834000345,-69.89795918367346,SPOT_INDEX,False,True,189880.0,189880.0,0.0
2022-12-23,handy,2022,9390.0,8474.0,-916.0,-49.15366381063547,-69.89795918367346,SPOT_INDEX,False,True,187800.0,187800.0,0.0
2022-01-03,cape,2022,21821.0,21311.0,-510.0,1424.4234703759532,-249.48979591836735,SPOT_INDEX,False,False,436420.0,436420.0,0.0
2022-01-04,cape,2022,21311.0,20778.0,-533.0,-735.6433426680871,-249.48979591836735,WAIT,True,True,426220.0,418060.0,8160.0
2022-01-05,cape,2022,20778.0,19563.0,-1215.0,-757.9170612239676,-249.48979591836735,WAIT,True,True,415560.0,393760.0,21800.0
2022-01-06,cape,2022,19563.0,20330.0,767.0,-1003.9981580090273,-249.48979591836735,WAIT,True,False,391260.0,409100.0,-17840.0
2022-01-07,cape,2022,20330.0,21483.0,1153.0,1308.920384912067,-249.48979591836735,SPOT_INDEX,False,True,406600.0,406600.0,0.0
2022-01-10,cape,2022,21483.0,21944.0,461.0,1507.9539043093525,-249.48979591836735,SPOT_INDEX,False,True,429660.0,429660.0,0.0
2022-01-11,cape,2022,21944.0,20169.0,-1775.0,1243.0543087309532,-249.48979591836735,SPOT_INDEX,False,False,438880.0,438880.0,0.0
2022-01-12,cape,2022,20169.0,17446.0,-2723.0,-1941.2175253858422,-249.48979591836735,WAIT,True,True,403380.0,351420.0,51960.0
2022-01-13,cape,2022,17446.0,14466.0,-2980.0,-1978.6230611177637,-249.48979591836735,WAIT,True,True,348920.0,291820.0,57100.0
2022-01-14,cape,2022,14466.0,13314.0,-1152.0,-1904.6707848160522,-249.48979591836735,WAIT,True,True,289320.0,268780.0,20540.0
2022-01-17,cape,2022,13314.0,13415.0,101.0,-1026.4719668107393,-249.48979591836735,WAIT,True,False,266280.0,270800.0,-4520.0
2022-01-18,cape,2022,13415.0,12608.0,-807.0,1423.8691624973276,-249.48979591836735,SPOT_INDEX,False,False,268300.0,268300.0,0.0
2022-01-19,cape,2022,12608.0,11990.0,-618.0,-1318.8556601322887,-249.48979591836735,WAIT,True,True,252160.0,242300.0,9860.0
2022-01-20,cape,2022,11990.0,10163.0,-1827.0,-1367.748297374089,-249.48979591836735,WAIT,True,True,239800.0,205760.0,34040.0
2022-01-21,cape,2022,10163.0,8681.0,-1482.0,-795.1041301395329,-249.48979591836735,WAIT,True,True,203260.0,176120.0,27140.0
2022-01-24,cape,2022,8681.0,8687.0,6.0,-708.7613645004526,-249.48979591836735,WAIT,True,False,173620.0,176240.0,-2620.0
2022-01-25,cape,2022,8687.0,7325.0,-1362.0,2296.6161278124637,-249.48979591836735,SPOT_INDEX,False,False,173740.0,173740.0,0.0
2022-01-26,cape,2022,7325.0,7540.0,215.0,-802.8719396058228,-249.48979591836735,WAIT,True,False,146500.0,153300.0,-6800.0
2022-01-27,cape,2022,7540.0,8368.0,828.0,1009.1534302687625,-249.48979591836735,SPOT_INDEX,False,True,150800.0,150800.0,0.0
2022-01-28,cape,2022,8368.0,11668.0,3300.0,1438.009352228869,-249.48979591836735,SPOT_INDEX,False,True,167360.0,167360.0,0.0
2022-02-03,cape,2022,11668.0,11933.0,265.0,2355.5740175647074,-249.48979591836735,SPOT_INDEX,False,True,233360.0,233360.0,0.0
2022-02-04,cape,2022,11933.0,11673.0,-260.0,1043.0943697401067,-249.48979591836735,SPOT_INDEX,False,False,238660.0,238660.0,0.0
2022-02-07,cape,2022,11673.0,11168.0,-505.0,-307.0410597224682,-249.48979591836735,WAIT,True,True,233460.0,225860.0,7600.0
2022-02-08,cape,2022,11168.0,11696.0,528.0,-461.96277808335793,-249.48979591836735,WAIT,True,False,223360.0,236420.0,-13060.0
2022-02-09,cape,2022,11696.0,15822.0,4126.0,510.0815096730603,-249.48979591836735,SPOT_INDEX,False,True,233920.0,233920.0,0.0
2022-02-10,cape,2022,15822.0,16778.0,956.0,1866.4281355005803,-249.48979591836735,SPOT_INDEX,False,True,316440.0,316440.0,0.0
2022-02-11,cape,2022,16778.0,16738.0,-40.0,811.7903237900106,-249.48979591836735,SPOT_INDEX,False,False,335560.0,335560.0,0.0
2022-02-14,cape,2022,16738.0,15933.0,-805.0,-21.5395350328106,-249.48979591836735,SPOT_INDEX,False,True,334760.0,334760.0,0.0
2022-02-15,cape,2022,15933.0,14778.0,-1155.0,-565.3032913316409,-249.48979591836735,WAIT,True,True,318660.0,298060.0,20600.0
2022-02-16,cape,2022,14778.0,13215.0,-1563.0,-828.2355075229387,-249.48979591836735,WAIT,True,True,295560.0,266800.0,28760.0
2022-02-17,cape,2022,13215.0,13918.0,703.0,-850.93248291639,-249.48979591836735,WAIT,True,False,264300.0,280860.0,-16560.0
2022-02-18,cape,2022,13918.0,15425.0,1507.0,555.4195123845525,-249.48979591836735,SPOT_INDEX,False,True,278360.0,278360.0,0.0
2022-02-21,cape,2022,15425.0,17433.0,2008.0,685.0225401708693,-249.48979591836735,SPOT_INDEX,False,True,308500.0,308500.0,0.0
2022-02-22,cape,2022,17433.0,19338.0,1905.0,662.9600382220909,-249.48979591836735,SPOT_INDEX,False,True,348660.0,348660.0,0.0
2022-02-23,cape,2022,19338.0,20037.0,699.0,706.5255712468828,-249.48979591836735,SPOT_INDEX,False,True,386760.0,386760.0,0.0
2022-02-24,cape,2022,20037.0,17406.0,-2631.0,623.0556981299088,-249.48979591836735,SPOT_INDEX,False,False,400740.0,400740.0,0.0
2022-02-25,cape,2022,17406.0,16077.0,-1329.0,-1039.6403455371385,-249.48979591836735,WAIT,True,True,348120.0,324040.0,24080.0
2022-02-28,cape,2022,16077.0,17129.0,1052.0,-896.5597850436411,-249.48979591836735,WAIT,True,False,321540.0,345080.0,-23540.0
2022-03-02,cape,2022,17129.0,17674.0,545.0,788.2016410748694,-249.48979591836735,SPOT_INDEX,False,True,342580.0,342580.0,0.0
2022-03-03,cape,2022,17674.0,16416.0,-1258.0,586.5161795210048,-249.48979591836735,SPOT_INDEX,False,False,353480.0,353480.0,0.0
2022-03-04,cape,2022,16416.0,16887.0,471.0,-267.8453629042294,-249.48979591836735,WAIT,True,False,328320.0,340240.0,-11920.0
2022-03-07,cape,2022,16887.0,17497.0,610.0,1476.4926963130058,-249.48979591836735,SPOT_INDEX,False,True,337740.0,337740.0,0.0
2022-03-08,cape,2022,17497.0,21369.0,3872.0,1799.8341717627522,-249.48979591836735,SPOT_INDEX,False,True,349940.0,349940.0,0.0
2022-03-10,cape,2022,21369.0,21694.0,325.0,2092.426265856268,-249.48979591836735,SPOT_INDEX,False,True,427380.0,427380.0,0.0
2022-03-11,cape,2022,21694.0,22550.0,856.0,2231.005660842952,-249.48979591836735,SPOT_INDEX,False,True,433880.0,433880.0,0.0
2022-03-14,cape,2022,22550.0,23462.0,912.0,1770.5373797152276,-249.48979591836735,SPOT_INDEX,False,True,451000.0,451000.0,0.0
2022-03-15,cape,2022,23462.0,23200.0,-262.0,1622.868944664241,-249.48979591836735,SPOT_INDEX,False,False,469240.0,469240.0,0.0
2022-03-16,cape,2022,23200.0,22010.0,-1190.0,-11.958457635762207,-249.48979591836735,SPOT_INDEX,False,True,464000.0,464000.0,0.0
2022-03-17,cape,2022,22010.0,23475.0,1465.0,-1940.9576235778347,-249.48979591836735,WAIT,True,False,440200.0,472000.0,-31800.0
2022-03-18,cape,2022,23475.0,23328.0,-147.0,1702.0655108616609,-249.48979591836735,SPOT_INDEX,False,False,469500.0,469500.0,0.0
2022-03-21,cape,2022,23328.0,21884.0,-1444.0,2487.734275954877,-249.48979591836735,SPOT_INDEX,False,False,466560.0,466560.0,0.0
2022-03-22,cape,2022,21884.0,19381.0,-2503.0,-748.063034909442,-249.48979591836735,WAIT,True,True,437680.0,390120.0,47560.0
2022-03-23,cape,2022,19381.0,19784.0,403.0,-958.5599300896442,-249.48979591836735,WAIT,True,False,387620.0,398180.0,-10560.0
2022-03-24,cape,2022,19784.0,19086.0,-698.0,1059.6083519707497,-249.48979591836735,SPOT_INDEX,False,False,395680.0,395680.0,0.0
2022-03-25,cape,2022,19086.0,17693.0,-1393.0,-547.0897235246784,-249.48979591836735,WAIT,True,True,381720.0,356360.0,25360.0
2022-03-28,cape,2022,17693.0,16575.0,-1118.0,-942.8613547978945,-249.48979591836735,WAIT,True,True,353860.0,334000.0,19860.0
2022-03-29,cape,2022,16575.0,16105.0,-470.0,-1066.913683954881,-249.48979591836735,WAIT,True,True,331500.0,324600.0,6900.0
2022-03-30,cape,2022,16105.0,16167.0,62.0,-680.8650835010782,-249.48979591836735,WAIT,True,False,322100.0,325840.0,-3740.0
2022-03-31,cape,2022,16167.0,16513.0,346.0,-300.28226155604676,-249.48979591836735,WAIT,True,False,323340.0,332760.0,-9420.0
2022-04-01,cape,2022,16513.0,16650.0,137.0,226.4335309164378,-249.48979591836735,SPOT_INDEX,False,True,330260.0,330260.0,0.0
2022-04-04,cape,2022,16650.0,15213.0,-1437.0,-353.92006390055445,-249.48979591836735,WAIT,True,True,333000.0,306760.0,26240.0
2022-04-05,cape,2022,15213.0,14095.0,-1118.0,-870.9002775918292,-249.48979591836735,WAIT,True,True,304260.0,284400.0,19860.0
2022-04-06,cape,2022,14095.0,13525.0,-570.0,-1289.7937794301274,-249.48979591836735,WAIT,True,True,281900.0,273000.0,8900.0
2022-04-07,cape,2022,13525.0,14076.0,551.0,-1158.3503598094255,-249.48979591836735,WAIT,True,False,270500.0,284020.0,-13520.0
2022-04-08,cape,2022,14076.0,13714.0,-362.0,690.8532136431413,-249.48979591836735,SPOT_INDEX,False,False,281520.0,281520.0,0.0
2022-04-11,cape,2022,13714.0,13437.0,-277.0,-649.4920589784006,-249.48979591836735,WAIT,True,True,274280.0,271240.0,3040.0
2022-04-12,cape,2022,13437.0,13434.0,-3.0,-418.9449936366276,-249.48979591836735,WAIT,True,True,268740.0,271180.0,-2440.0
2022-04-13,cape,2022,13434.0,13672.0,238.0,-223.3821407286079,-249.48979591836735,SPOT_INDEX,False,False,268680.0,268680.0,0.0
2022-04-14,cape,2022,13672.0,14441.0,769.0,451.4340913632789,-249.48979591836735,SPOT_INDEX,False,True,273440.0,273440.0,0.0
2022-04-15,cape,2022,14441.0,14938.0,497.0,1093.7875268217817,-249.48979591836735,SPOT_INDEX,False,True,288820.0,288820.0,0.0
2022-04-18,cape,2022,14938.0,14083.0,-855.0,837.0316873679881,-249.48979591836735,SPOT_INDEX,False,False,298760.0,298760.0,0.0
2022-04-19,cape,2022,14083.0,13137.0,-946.0,-507.0355938808651,-249.48979591836735,WAIT,True,True,281660.0,265240.0,16420.0
2022-04-20,cape,2022,13137.0,13939.0,802.0,-460.46727676639705,-249.48979591836735,WAIT,True,False,262740.0,281280.0,-18540.0
2022-04-21,cape,2022,13939.0,16906.0,2967.0,820.9949876117341,-249.48979591836735,SPOT_INDEX,False,True,278780.0,278780.0,0.0
2022-04-22,cape,2022,16906.0,18850.0,1944.0,785.4379172239984,-249.48979591836735,SPOT_INDEX,False,True,338120.0,338120.0,0.0
2022-04-25,cape,2022,18850.0,20022.0,1172.0,753.7050884323706,-249.48979591836735,SPOT_INDEX,False,True,377000.0,377000.0,0.0
2022-04-26,cape,2022,20022.0,20671.0,649.0,860.7620572624999,-249.48979591836735,SPOT_INDEX,False,True,400440.0,400440.0,0.0
2022-04-27,cape,2022,20671.0,21141.0,470.0,535.3145754070351,-249.48979591836735,SPOT_INDEX,False,True,413420.0,413420.0,0.0
2022-04-28,cape,2022,21141.0,20238.0,-903.0,417.87585516949804,-249.48979591836735,SPOT_INDEX,False,False,422820.0,422820.0,0.0
2022-04-29,cape,2022,20238.0,19949.0,-289.0,26.099226003655957,-249.48979591836735,SPOT_INDEX,False,False,404760.0,404760.0,0.0
2022-05-02,cape,2022,19949.0,19942.0,-7.0,-344.359402718689,-249.48979591836735,WAIT,True,True,398980.0,401340.0,-2360.0
2022-05-03,cape,2022,19942.0,20348.0,406.0,-130.43621155926303,-249.48979591836735,SPOT_INDEX,False,False,398840.0,398840.0,0.0
2022-05-04,cape,2022,20348.0,24066.0,3718.0,588.1358450979044,-249.48979591836735,SPOT_INDEX,False,True,406960.0,406960.0,0.0
2022-05-06,cape,2022,24066.0,27028.0,2962.0,1428.8579812588769,-249.48979591836735,SPOT_INDEX,False,True,481320.0,481320.0,0.0
2022-05-09,cape,2022,27028.0,29544.0,2516.0,739.3188570321441,-249.48979591836735,SPOT_INDEX,False,True,540560.0,540560.0,0.0
2022-05-10,cape,2022,29544.0,32206.0,2662.0,653.6328162390846,-249.48979591836735,SPOT_INDEX,False,True,590880.0,590880.0,0.0
2022-05-11,cape,2022,32206.0,35019.0,2813.0,790.0300254572477,-249.48979591836735,SPOT_INDEX,False,True,644120.0,644120.0,0.0
2022-05-12,cape,2022,35019.0,35294.0,275.0,740.6855674283674,-249.48979591836735,SPOT_INDEX,False,True,700380.0,700380.0,0.0
2022-05-13,cape,2022,35294.0,34784.0,-510.0,86.15468330876945,-249.48979591836735,SPOT_INDEX,False,False,705880.0,705880.0,0.0
2022-05-16,cape,2022,34784.0,35471.0,687.0,-443.46899694263584,-249.48979591836735,WAIT,True,False,695680.0,711920.0,-16240.0
2022-05-17,cape,2022,35471.0,36112.0,641.0,485.3416295830195,-249.48979591836735,SPOT_INDEX,False,True,709420.0,709420.0,0.0
2022-05-18,cape,2022,36112.0,38595.0,2483.0,591.8576390946972,-249.48979591836735,SPOT_INDEX,False,True,722240.0,722240.0,0.0
2022-05-19,cape,2022,38595.0,38213.0,-382.0,685.6783552012511,-249.48979591836735,SPOT_INDEX,False,False,771900.0,771900.0,0.0
2022-05-20,cape,2022,38213.0,39401.0,1188.0,-865.7962778286594,-249.48979591836735,WAIT,True,False,764260.0,790520.0,-26260.0
2022-05-23,cape,2022,39401.0,38984.0,-417.0,500.7287119922307,-249.48979591836735,SPOT_INDEX,False,False,788020.0,788020.0,0.0
2022-05-24,cape,2022,38984.0,36644.0,-2340.0,-996.4706420130497,-249.48979591836735,WAIT,True,True,779680.0,735380.0,44300.0
2022-05-25,cape,2022,36644.0,33531.0,-3113.0,-1432.801094298959,-249.48979591836735,WAIT,True,True,732880.0,673120.0,59760.0
2022-05-26,cape,2022,33531.0,28206.0,-5325.0,-2828.896149464301,-249.48979591836735,WAIT,True,True,670620.0,566620.0,104000.0
2022-05-27,cape,2022,28206.0,23794.0,-4412.0,-1257.282234483709,-249.48979591836735,WAIT,True,True,564120.0,478380.0,85740.0
2022-05-30,cape,2022,23794.0,23085.0,-709.0,-2919.312843086608,-249.48979591836735,WAIT,True,True,475880.0,464200.0,11680.0
2022-05-31,cape,2022,23085.0,24219.0,1134.0,-2345.2016766962497,-249.48979591836735,WAIT,True,False,461700.0,486880.0,-25180.0
2022-06-02,cape,2022,24219.0,23756.0,-463.0,799.4290103587621,-249.48979591836735,SPOT_INDEX,False,False,484380.0,484380.0,0.0
2022-06-03,cape,2022,23756.0,23750.0,-6.0,-740.8595027988232,-249.48979591836735,WAIT,True,True,475120.0,477500.0,-2380.0
2022-06-07,cape,2022,23750.0,23127.0,-623.0,-965.8970881535126,-249.48979591836735,WAIT,True,True,475000.0,465040.0,9960.0
2022-06-08,cape,2022,23127.0,21210.0,-1917.0,-877.6095812422153,-249.48979591836735,WAIT,True,True,462540.0,426700.0,35840.0
2022-06-09,cape,2022,21210.0,21043.0,-167.0,-843.988187820394,-249.48979591836735,WAIT,True,True,424200.0,423360.0,840.0
2022-06-10,cape,2022,21043.0,20813.0,-230.0,-597.5898310477855,-249.48979591836735,WAIT,True,True,420860.0,418760.0,2100.0
2022-06-13,cape,2022,20813.0,19872.0,-941.0,-586.5291356377289,-249.48979591836735,WAIT,True,True,416260.0,399940.0,16320.0
2022-06-14,cape,2022,19872.0,20486.0,614.0,-668.1296236829788,-249.48979591836735,WAIT,True,False,397440.0,412220.0,-14780.0
2022-06-15,cape,2022,20486.0,21619.0,1133.0,1094.6752647805456,-249.48979591836735,SPOT_INDEX,False,True,409720.0,409720.0,0.0
2022-06-16,cape,2022,21619.0,23894.0,2275.0,1473.1219476628194,-249.48979591836735,SPOT_INDEX,False,True,432380.0,432380.0,0.0
2022-06-17,cape,2022,23894.0,25119.0,1225.0,1176.8757266605028,-249.48979591836735,SPOT_INDEX,False,True,477880.0,477880.0,0.0
2022-06-20,cape,2022,25119.0,24264.0,-855.0,1096.5669749994695,-249.48979591836735,SPOT_INDEX,False,False,502380.0,502380.0,0.0
2022-06-21,cape,2022,24264.0,21285.0,-2979.0,-533.9111076504553,-249.48979591836735,WAIT,True,True,485280.0,428200.0,57080.0
2022-06-22,cape,2022,21285.0,18538.0,-2747.0,-826.4842153222432,-249.48979591836735,WAIT,True,True,425700.0,373260.0,52440.0
2022-06-23,cape,2022,18538.0,19976.0,1438.0,-771.2254026718925,-249.48979591836735,WAIT,True,False,370760.0,402020.0,-31260.0
2022-06-24,cape,2022,19976.0,19876.0,-100.0,697.7392105274828,-249.48979591836735,SPOT_INDEX,False,False,399520.0,399520.0,0.0
2022-06-27,cape,2022,19876.0,19105.0,-771.0,-292.46517874976485,-249.48979591836735,WAIT,True,True,397520.0,384600.0,12920.0
2022-06-28,cape,2022,19105.0,18022.0,-1083.0,-740.9482953999525,-249.48979591836735,WAIT,True,True,382100.0,362940.0,19160.0
2022-06-29,cape,2022,18022.0,19769.0,1747.0,-946.0886163077081,-249.48979591836735,WAIT,True,False,360440.0,397880.0,-37440.0
2022-06-30,cape,2022,19769.0,20497.0,728.0,683.7089592030512,-249.48979591836735,SPOT_INDEX,False,True,395380.0,395380.0,0.0
2022-07-01,cape,2022,20497.0,19893.0,-604.0,505.7160789960084,-249.48979591836735,SPOT_INDEX,False,False,409940.0,409940.0,0.0
2022-07-04,cape,2022,19893.0,18033.0,-1860.0,-475.3675714432115,-249.48979591836735,WAIT,True,True,397860.0,363160.0,34700.0
2022-07-05,cape,2022,18033.0,16731.0,-1302.0,-861.5508917335362,-249.48979591836735,WAIT,True,True,360660.0,337120.0,23540.0
2022-07-06,cape,2022,16731.0,17310.0,579.0,-888.7730122980144,-249.48979591836735,WAIT,True,False,334620.0,348700.0,-14080.0
2022-07-07,cape,2022,17310.0,18846.0,1536.0,541.49078100814,-249.48979591836735,SPOT_INDEX,False,True,346200.0,346200.0,0.0
2022-07-08,cape,2022,18846.0,19298.0,452.0,894.3200714941825,-249.48979591836735,SPOT_INDEX,False,True,376920.0,376920.0,0.0
2022-07-11,cape,2022,19298.0,19670.0,372.0,460.1222294289658,-249.48979591836735,SPOT_INDEX,False,True,385960.0,385960.0,0.0
2022-07-12,cape,2022,19670.0,18779.0,-891.0,288.68365137765085,-249.48979591836735,SPOT_INDEX,False,False,393400.0,393400.0,0.0
2022-07-13,cape,2022,18779.0,19545.0,766.0,-1346.7974119142955,-249.48979591836735,WAIT,True,False,375580.0,393400.0,-17820.0
2022-07-14,cape,2022,19545.0,20911.0,1366.0,605.6222233909248,-249.48979591836735,SPOT_INDEX,False,True,390900.0,390900.0,0.0
2022-07-15,cape,2022,20911.0,24091.0,3180.0,1056.7658932073273,-249.48979591836735,SPOT_INDEX,False,True,418220.0,418220.0,0.0
2022-07-18,cape,2022,24091.0,24221.0,130.0,804.9797876947589,-249.48979591836735,SPOT_INDEX,False,True,481820.0,481820.0,0.0
2022-07-19,cape,2022,24221.0,23222.0,-999.0,-29.080980119936758,-249.48979591836735,SPOT_INDEX,False,True,484420.0,484420.0,0.0
2022-07-20,cape,2022,23222.0,21863.0,-1359.0,-569.8325565312203,-249.48979591836735,WAIT,True,True,464440.0,439760.0,24680.0
2022-07-21,cape,2022,21863.0,21994.0,131.0,-877.6240203192444,-249.48979591836735,WAIT,True,False,437260.0,442380.0,-5120.0
2022-07-22,cape,2022,21994.0,21941.0,-53.0,15.248390582965248,-249.48979591836735,SPOT_INDEX,False,False,439880.0,439880.0,0.0
2022-07-25,cape,2022,21941.0,21078.0,-863.0,-141.33880080459036,-249.48979591836735,SPOT_INDEX,False,True,438820.0,438820.0,0.0
2022-07-26,cape,2022,21078.0,19916.0,-1162.0,-504.22094362378215,-249.48979591836735,WAIT,True,True,421560.0,400820.0,20740.0
2022-07-27,cape,2022,19916.0,18634.0,-1282.0,-931.4659112043959,-249.48979591836735,WAIT,True,True,398320.0,375180.0,23140.0
2022-07-28,cape,2022,18634.0,17436.0,-1198.0,-1119.1131508511291,-249.48979591836735,WAIT,True,True,372680.0,351220.0,21460.0
2022-07-29,cape,2022,17436.0,17178.0,-258.0,-1020.3683355609089,-249.48979591836735,WAIT,True,True,348720.0,346060.0,2660.0
2022-08-01,cape,2022,17178.0,16984.0,-194.0,-334.2820567784569,-249.48979591836735,WAIT,True,True,343560.0,342180.0,1380.0
2022-08-02,cape,2022,16984.0,16372.0,-612.0,-314.4078443528477,-249.48979591836735,WAIT,True,True,339680.0,329940.0,9740.0
2022-08-03,cape,2022,16372.0,14456.0,-1916.0,-886.2643400011034,-249.48979591836735,WAIT,True,True,327440.0,291620.0,35820.0
2022-08-04,cape,2022,14456.0,13021.0,-1435.0,-1160.8507146491256,-249.48979591836735,WAIT,True,True,289120.0,262920.0,26200.0
2022-08-05,cape,2022,13021.0,13408.0,387.0,-1084.282806050579,-249.48979591836735,WAIT,True,False,260420.0,270660.0,-10240.0
2022-08-08,cape,2022,13408.0,13972.0,564.0,958.8358519526715,-249.48979591836735,SPOT_INDEX,False,True,268160.0,268160.0,0.0
2022-08-09,cape,2022,13972.0,14410.0,438.0,1805.5218362692656,-249.48979591836735,SPOT_INDEX,False,True,279440.0,279440.0,0.0
2022-08-10,cape,2022,14410.0,14733.0,323.0,1698.8706610738748,-249.48979591836735,SPOT_INDEX,False,True,288200.0,288200.0,0.0
2022-08-11,cape,2022,14733.0,13441.0,-1292.0,1577.686487627197,-249.48979591836735,SPOT_INDEX,False,False,294660.0,294660.0,0.0
2022-08-12,cape,2022,13441.0,10036.0,-3405.0,-901.0616331345002,-249.48979591836735,WAIT,True,True,268820.0,203220.0,65600.0
2022-08-16,cape,2022,10036.0,10087.0,51.0,-982.1661926415952,-249.48979591836735,WAIT,True,False,200720.0,204240.0,-3520.0
2022-08-17,cape,2022,10087.0,9978.0,-109.0,2448.7010290198446,-249.48979591836735,SPOT_INDEX,False,False,201740.0,201740.0,0.0
2022-08-18,cape,2022,9978.0,9399.0,-579.0,1702.6137206162769,-249.48979591836735,SPOT_INDEX,False,False,199560.0,199560.0,0.0
2022-08-19,cape,2022,9399.0,8900.0,-499.0,-565.6660170431697,-249.48979591836735,WAIT,True,True,187980.0,180500.0,7480.0
2022-08-22,cape,2022,8900.0,9358.0,458.0,-485.94247221350474,-249.48979591836735,WAIT,True,False,178000.0,189660.0,-11660.0
2022-08-23,cape,2022,9358.0,9490.0,132.0,691.2459139976162,-249.48979591836735,SPOT_INDEX,False,True,187160.0,187160.0,0.0
2022-08-24,cape,2022,9490.0,8708.0,-782.0,140.61716887537514,-249.48979591836735,SPOT_INDEX,False,False,189800.0,189800.0,0.0
2022-08-25,cape,2022,8708.0,6668.0,-2040.0,-494.83184385015693,-249.48979591836735,WAIT,True,True,174160.0,135860.0,38300.0
2022-08-26,cape,2022,6668.0,6360.0,-308.0,-630.1399711679569,-249.48979591836735,WAIT,True,True,133360.0,129700.0,3660.0
2022-08-29,cape,2022,6360.0,6331.0,-29.0,-265.25649953106296,-249.48979591836735,WAIT,True,True,127200.0,129120.0,-1920.0
2022-08-30,cape,2022,6331.0,6003.0,-328.0,-65.37145368931918,-249.48979591836735,SPOT_INDEX,False,True,126620.0,126620.0,0.0
2022-08-31,cape,2022,6003.0,6056.0,53.0,-642.8973889839667,-249.48979591836735,WAIT,True,False,120060.0,123620.0,-3560.0
2022-09-01,cape,2022,6056.0,7878.0,1822.0,-40.83155707904024,-249.48979591836735,SPOT_INDEX,False,False,121120.0,121120.0,0.0
2022-09-02,cape,2022,7878.0,9910.0,2032.0,1277.5657078935103,-249.48979591836735,SPOT_INDEX,False,True,157560.0,157560.0,0.0
2022-09-05,cape,2022,9910.0,9460.0,-450.0,776.9450181901756,-249.48979591836735,SPOT_INDEX,False,False,198200.0,198200.0,0.0
2022-09-06,cape,2022,9460.0,8664.0,-796.0,-248.8523272843863,-249.48979591836735,SPOT_INDEX,False,True,189200.0,189200.0,0.0
2022-09-07,cape,2022,8664.0,8404.0,-260.0,-347.57719044802224,-249.48979591836735,WAIT,True,True,173280.0,170580.0,2700.0
2022-09-08,cape,2022,8404.0,10636.0,2232.0,-173.8783114786883,-249.48979591836735,SPOT_INDEX,False,False,168080.0,168080.0,0.0
2022-09-13,cape,2022,10636.0,13955.0,3319.0,1387.3575309998027,-249.48979591836735,SPOT_INDEX,False,True,212720.0,212720.0,0.0
2022-09-14,cape,2022,13955.0,16144.0,2189.0,1465.8057984374266,-249.48979591836735,SPOT_INDEX,False,True,279100.0,279100.0,0.0
2022-09-15,cape,2022,16144.0,15096.0,-1048.0,858.3318155939642,-249.48979591836735,SPOT_INDEX,False,False,322880.0,322880.0,0.0
2022-09-16,cape,2022,15096.0,14933.0,-163.0,-557.8202165560467,-249.48979591836735,WAIT,True,True,301920.0,301160.0,760.0
2022-09-19,cape,2022,14933.0,16673.0,1740.0,-107.1955582073023,-249.48979591836735,SPOT_INDEX,False,False,298660.0,298660.0,0.0
2022-09-20,cape,2022,16673.0,19316.0,2643.0,777.127840194078,-249.48979591836735,SPOT_INDEX,False,True,333460.0,333460.0,0.0
2022-09-21,cape,2022,19316.0,18567.0,-749.0,794.9527475577374,-249.48979591836735,SPOT_INDEX,False,False,386320.0,386320.0,0.0
2022-09-22,cape,2022,18567.0,18554.0,-13.0,-375.5913671624844,-249.48979591836735,WAIT,True,True,371340.0,373580.0,-2240.0
2022-09-23,cape,2022,18554.0,20278.0,1724.0,-9.456124713619685,-249.48979591836735,SPOT_INDEX,False,False,371080.0,371080.0,0.0
2022-09-26,cape,2022,20278.0,19721.0,-557.0,744.3081224856745,-249.48979591836735,SPOT_INDEX,False,False,405560.0,405560.0,0.0
2022-09-27,cape,2022,19721.0,19085.0,-636.0,-453.04846511734695,-249.48979591836735,WAIT,True,True,394420.0,384200.0,10220.0
2022-09-28,cape,2022,19085.0,18406.0,-679.0,-440.9358189999329,-249.48979591836735,WAIT,True,True,381700.0,370620.0,11080.0
2022-09-29,cape,2022,18406.0,16858.0,-1548.0,-566.2536284637231,-249.48979591836735,WAIT,True,True,368120.0,339660.0,28460.0
2022-09-30,cape,2022,16858.0,18341.0,1483.0,-1162.1272217429046,-249.48979591836735,WAIT,True,False,337160.0,369320.0,-32160.0
2022-10-04,cape,2022,18341.0,20041.0,1700.0,606.4820616447439,-249.48979591836735,SPOT_INDEX,False,True,366820.0,366820.0,0.0
2022-10-05,cape,2022,20041.0,20791.0,750.0,595.3083735686636,-249.48979591836735,SPOT_INDEX,False,True,400820.0,400820.0,0.0
2022-10-06,cape,2022,20791.0,20231.0,-560.0,531.996836872672,-249.48979591836735,SPOT_INDEX,False,False,415820.0,415820.0,0.0
2022-10-07,cape,2022,20231.0,19091.0,-1140.0,-410.716481849179,-249.48979591836735,WAIT,True,True,404620.0,384320.0,20300.0
2022-10-11,cape,2022,19091.0,18650.0,-441.0,-762.1134875993653,-249.48979591836735,WAIT,True,True,381820.0,375500.0,6320.0
2022-10-12,cape,2022,18650.0,18396.0,-254.0,-311.4335493563811,-249.48979591836735,WAIT,True,True,373000.0,370420.0,2580.0
2022-10-13,cape,2022,18396.0,17626.0,-770.0,-287.6816074982343,-249.48979591836735,WAIT,True,True,367920.0,355020.0,12900.0
2022-10-14,cape,2022,17626.0,17901.0,275.0,-521.4977768355423,-249.48979591836735,WAIT,True,False,352520.0,360520.0,-8000.0
2022-10-17,cape,2022,17901.0,18058.0,157.0,206.84615598574123,-249.48979591836735,SPOT_INDEX,False,True,358020.0,358020.0,0.0
2022-10-18,cape,2022,18058.0,17856.0,-202.0,62.7323087244812,-249.48979591836735,SPOT_INDEX,False,False,361160.0,361160.0,0.0
2022-10-19,cape,2022,17856.0,17863.0,7.0,-229.9590805685474,-249.48979591836735,SPOT_INDEX,False,False,357120.0,357120.0,0.0
2022-10-20,cape,2022,17863.0,17334.0,-529.0,-55.55993488446702,-249.48979591836735,SPOT_INDEX,False,True,357260.0,357260.0,0.0
2022-10-21,cape,2022,17334.0,17324.0,-10.0,-420.23732122854256,-249.48979591836735,WAIT,True,True,346680.0,348980.0,-2300.0
2022-10-24,cape,2022,17324.0,17031.0,-293.0,-62.98675868711257,-249.48979591836735,SPOT_INDEX,False,True,346480.0,346480.0,0.0
2022-10-25,cape,2022,17031.0,16143.0,-888.0,-290.06033821877395,-249.48979591836735,WAIT,True,True,340620.0,325360.0,15260.0
2022-10-26,cape,2022,16143.0,15382.0,-761.0,-601.1798904030106,-249.48979591836735,WAIT,True,True,322860.0,310140.0,12720.0
2022-10-27,cape,2022,15382.0,14479.0,-903.0,-1300.3686716696316,-249.48979591836735,WAIT,True,True,307640.0,292080.0,15560.0
2022-10-28,cape,2022,14479.0,13963.0,-516.0,-1329.1063391113726,-249.48979591836735,WAIT,True,True,289580.0,281760.0,7820.0
2022-10-31,cape,2022,13963.0,12533.0,-1430.0,-410.817771832508,-249.48979591836735,WAIT,True,True,279260.0,253160.0,26100.0
2022-11-02,cape,2022,12533.0,11478.0,-1055.0,-1966.0469871341966,-249.48979591836735,WAIT,True,True,250660.0,232060.0,18600.0
2022-11-03,cape,2022,11478.0,11190.0,-288.0,-862.7167997344851,-249.48979591836735,WAIT,True,True,229560.0,226300.0,3260.0
2022-11-04,cape,2022,11190.0,12061.0,871.0,-323.4129165715635,-249.48979591836735,WAIT,True,False,223800.0,243720.0,-19920.0
2022-11-07,cape,2022,12061.0,13015.0,954.0,793.9138925562673,-249.48979591836735,SPOT_INDEX,False,True,241220.0,241220.0,0.0
2022-11-08,cape,2022,13015.0,14005.0,990.0,828.4541038657912,-249.48979591836735,SPOT_INDEX,False,True,260300.0,260300.0,0.0
2022-11-09,cape,2022,14005.0,15124.0,1119.0,845.1854459641403,-249.48979591836735,SPOT_INDEX,False,True,280100.0,280100.0,0.0
2022-11-10,cape,2022,15124.0,14339.0,-785.0,977.4385095455026,-249.48979591836735,SPOT_INDEX,False,False,302480.0,302480.0,0.0
2022-11-11,cape,2022,14339.0,13936.0,-403.0,-548.942575923992,-249.48979591836735,WAIT,True,True,286780.0,281220.0,5560.0
2022-11-14,cape,2022,13936.0,13156.0,-780.0,-398.60837836305853,-249.48979591836735,WAIT,True,True,278720.0,265620.0,13100.0
2022-11-15,cape,2022,13156.0,12404.0,-752.0,-532.6284057910838,-249.48979591836735,WAIT,True,True,263120.0,250580.0,12540.0
2022-11-16,cape,2022,12404.0,11890.0,-514.0,-443.97077158298504,-249.48979591836735,WAIT,True,True,248080.0,240300.0,7780.0
2022-11-17,cape,2022,11890.0,10655.0,-1235.0,-393.84611559544487,-249.48979591836735,WAIT,True,True,237800.0,215600.0,22200.0
2022-11-18,cape,2022,10655.0,10272.0,-383.0,-526.0044389741317,-249.48979591836735,WAIT,True,True,213100.0,207940.0,5160.0
2022-11-21,cape,2022,10272.0,10287.0,15.0,-274.70997245985336,-249.48979591836735,WAIT,True,False,205440.0,208240.0,-2800.0
2022-11-22,cape,2022,10287.0,10134.0,-153.0,42.69694255552992,-249.48979591836735,SPOT_INDEX,False,False,205740.0,205740.0,0.0
2022-11-23,cape,2022,10134.0,11431.0,1297.0,-41.59960002866245,-249.48979591836735,SPOT_INDEX,False,False,202680.0,202680.0,0.0
2022-11-24,cape,2022,11431.0,13031.0,1600.0,551.1558406862172,-249.48979591836735,SPOT_INDEX,False,True,228620.0,228620.0,0.0
2022-11-25,cape,2022,13031.0,14834.0,1803.0,611.9380858625,-249.48979591836735,SPOT_INDEX,False,True,260620.0,260620.0,0.0
2022-11-28,cape,2022,14834.0,14740.0,-94.0,701.1275115367749,-249.48979591836735,SPOT_INDEX,False,False,296680.0,296680.0,0.0
2022-11-29,cape,2022,14740.0,14198.0,-542.0,-24.13023136272789,-249.48979591836735,SPOT_INDEX,False,True,294800.0,294800.0,0.0
2022-11-30,cape,2022,14198.0,14763.0,565.0,-368.1890426447484,-249.48979591836735,WAIT,True,False,283960.0,297760.0,-13800.0
2022-12-01,cape,2022,14763.0,13897.0,-866.0,525.1568743790741,-249.48979591836735,SPOT_INDEX,False,False,295260.0,295260.0,0.0
2022-12-02,cape,2022,13897.0,13849.0,-48.0,-406.71795893220377,-249.48979591836735,WAIT,True,True,277940.0,279480.0,-1540.0
2022-12-05,cape,2022,13849.0,13861.0,12.0,10.822069089094455,-249.48979591836735,SPOT_INDEX,False,True,276980.0,276980.0,0.0
2022-12-06,cape,2022,13861.0,13834.0,-27.0,45.555831678089525,-249.48979591836735,SPOT_INDEX,False,False,277220.0,277220.0,0.0
2022-12-07,cape,2022,13834.0,15023.0,1189.0,34.81893751123197,-249.48979591836735,SPOT_INDEX,False,True,276680.0,276680.0,0.0
2022-12-08,cape,2022,15023.0,15288.0,265.0,615.2356598514363,-249.48979591836735,SPOT_INDEX,False,True,300460.0,300460.0,0.0
2022-12-09,cape,2022,15288.0,15350.0,62.0,258.94886851703626,-249.48979591836735,SPOT_INDEX,False,True,305760.0,305760.0,0.0
2022-12-12,cape,2022,15350.0,14490.0,-860.0,85.74313825097617,-249.48979591836735,SPOT_INDEX,False,False,307000.0,307000.0,0.0
2022-12-13,cape,2022,14490.0,14094.0,-396.0,-412.1775530449584,-249.48979591836735,WAIT,True,True,289800.0,284380.0,5420.0
2022-12-14,cape,2022,14094.0,15511.0,1417.0,-316.485579955264,-249.48979591836735,WAIT,True,False,281880.0,312720.0,-30840.0
2022-12-15,cape,2022,15511.0,17467.0,1956.0,595.1288952731919,-249.48979591836735,SPOT_INDEX,False,True,310220.0,310220.0,0.0
2022-12-16,cape,2022,17467.0,18375.0,908.0,611.4047895108572,-249.48979591836735,SPOT_INDEX,False,True,349340.0,349340.0,0.0
2022-12-19,cape,2022,18375.0,18003.0,-372.0,443.7013905820411,-249.48979591836735,SPOT_INDEX,False,False,367500.0,367500.0,0.0
2022-12-20,cape,2022,18003.0,19743.0,1740.0,-306.5444486670727,-249.48979591836735,WAIT,True,False,360060.0,397360.0,-37300.0
2022-12-21,cape,2022,19743.0,23041.0,3298.0,682.6502752510684,-249.48979591836735,SPOT_INDEX,False,True,394860.0,394860.0,0.0
2022-12-22,cape,2022,23041.0,21210.0,-1831.0,807.5042666788894,-249.48979591836735,SPOT_INDEX,False,False,460820.0,460820.0,0.0
2022-12-23,cape,2022,21210.0,15511.0,-5699.0,-765.0768153359251,-249.48979591836735,WAIT,True,True,424200.0,312720.0,111480.0
2023-01-03,panamax,2023,13476.0,12711.0,-765.0,-515.0849559012215,-131.6326530612245,WAIT,True,True,269520.0,256720.0,12800.0
2023-01-04,panamax,2023,12711.0,12344.0,-367.0,-374.7986601770405,-131.6326530612245,WAIT,True,True,254220.0,249380.0,4840.0
2023-01-05,panamax,2023,12344.0,11661.0,-683.0,-312.57638228318075,-131.6326530612245,WAIT,True,True,246880.0,235720.0,11160.0
2023-01-06,panamax,2023,11661.0,11158.0,-503.0,-241.08646706203308,-131.6326530612245,WAIT,True,True,233220.0,225660.0,7560.0
2023-01-09,panamax,2023,11158.0,11045.0,-113.0,-237.39449663088894,-131.6326530612245,WAIT,True,True,223160.0,223400.0,-240.0
2023-01-10,panamax,2023,11045.0,10424.0,-621.0,-116.48369339910782,-131.6326530612245,SPOT_INDEX,False,True,220900.0,220900.0,0.0
2023-01-11,panamax,2023,10424.0,10239.0,-185.0,-257.9163951670997,-131.6326530612245,WAIT,True,True,208480.0,207280.0,1200.0
2023-01-12,panamax,2023,10239.0,9712.0,-527.0,-289.2567388992698,-131.6326530612245,WAIT,True,True,204780.0,196740.0,8040.0
2023-01-13,panamax,2023,9712.0,9441.0,-271.0,-330.1914840731366,-131.6326530612245,WAIT,True,True,194240.0,191320.0,2920.0
2023-01-16,panamax,2023,9441.0,9490.0,49.0,-206.0866862384602,-131.6326530612245,WAIT,True,False,188820.0,192300.0,-3480.0
2023-01-17,panamax,2023,9490.0,9556.0,66.0,106.38423384909285,-131.6326530612245,SPOT_INDEX,False,True,189800.0,189800.0,0.0
2023-01-18,panamax,2023,9556.0,9739.0,183.0,104.45775655488634,-131.6326530612245,SPOT_INDEX,False,True,191120.0,191120.0,0.0
2023-01-19,panamax,2023,9739.0,10014.0,275.0,435.86572423234594,-131.6326530612245,SPOT_INDEX,False,True,194780.0,194780.0,0.0
2023-01-20,panamax,2023,10014.0,10075.0,61.0,468.92095864341604,-131.6326530612245,SPOT_INDEX,False,True,200280.0,200280.0,0.0
2023-01-25,panamax,2023,10075.0,9996.0,-79.0,157.9995534430505,-131.6326530612245,SPOT_INDEX,False,False,201500.0,201500.0,0.0
2023-01-26,panamax,2023,9996.0,10129.0,133.0,-101.17774641677512,-131.6326530612245,SPOT_INDEX,False,False,199920.0,199920.0,0.0
2023-01-27,panamax,2023,10129.0,10226.0,97.0,424.9993320387081,-131.6326530612245,SPOT_INDEX,False,True,202580.0,202580.0,0.0
2023-01-30,panamax,2023,10226.0,10180.0,-46.0,185.53041644518208,-131.6326530612245,SPOT_INDEX,False,False,204520.0,204520.0,0.0
2023-01-31,panamax,2023,10180.0,10234.0,54.0,-38.269804263512896,-131.6326530612245,SPOT_INDEX,False,False,203600.0,203600.0,0.0
2023-02-01,panamax,2023,10234.0,10095.0,-139.0,179.84561857817573,-131.6326530612245,SPOT_INDEX,False,False,204680.0,204680.0,0.0
2023-02-02,panamax,2023,10095.0,9926.0,-169.0,-137.2821902454769,-131.6326530612245,WAIT,True,True,201900.0,201020.0,880.0
2023-02-03,panamax,2023,9926.0,9695.0,-231.0,-319.73010522257954,-131.6326530612245,WAIT,True,True,198520.0,196400.0,2120.0
2023-02-06,panamax,2023,9695.0,9585.0,-110.0,-210.58449863532718,-131.6326530612245,WAIT,True,True,193900.0,194200.0,-300.0
2023-02-07,panamax,2023,9585.0,9582.0,-3.0,-114.42956834256778,-131.6326530612245,SPOT_INDEX,False,True,191700.0,191700.0,0.0
2023-02-08,panamax,2023,9582.0,9259.0,-323.0,4.041125766820853,-131.6326530612245,SPOT_INDEX,False,False,191640.0,191640.0,0.0
2023-02-09,panamax,2023,9259.0,9231.0,-28.0,-198.3754830121067,-131.6326530612245,WAIT,True,True,185180.0,187120.0,-1940.0
2023-02-10,panamax,2023,9231.0,9195.0,-36.0,-18.569063157026665,-131.6326530612245,SPOT_INDEX,False,True,184620.0,184620.0,0.0
2023-02-13,panamax,2023,9195.0,9158.0,-37.0,-18.122359977543873,-131.6326530612245,SPOT_INDEX,False,True,183900.0,183900.0,0.0
2023-02-14,panamax,2023,9158.0,8916.0,-242.0,-21.492224862197382,-131.6326530612245,SPOT_INDEX,False,True,183160.0,183160.0,0.0
2023-02-15,panamax,2023,8916.0,8881.0,-35.0,-230.86658372494483,-131.6326530612245,WAIT,True,True,178320.0,180120.0,-1800.0
2023-02-16,panamax,2023,8881.0,8882.0,1.0,-20.985565826572678,-131.6326530612245,SPOT_INDEX,False,False,177620.0,177620.0,0.0
2023-02-17,panamax,2023,8882.0,8828.0,-54.0,16.035149164241673,-131.6326530612245,SPOT_INDEX,False,False,177640.0,177640.0,0.0
2023-02-20,panamax,2023,8828.0,8909.0,81.0,-47.82501988002637,-131.6326530612245,SPOT_INDEX,False,False,176560.0,176560.0,0.0
2023-02-21,panamax,2023,8909.0,9496.0,587.0,118.46070195515581,-131.6326530612245,SPOT_INDEX,False,True,178180.0,178180.0,0.0
2023-02-22,panamax,2023,9496.0,10002.0,506.0,314.58190912652094,-131.6326530612245,SPOT_INDEX,False,True,189920.0,189920.0,0.0
2023-02-23,panamax,2023,10002.0,11289.0,1287.0,333.97195386823637,-131.6326530612245,SPOT_INDEX,False,True,200040.0,200040.0,0.0
2023-02-24,panamax,2023,11289.0,12059.0,770.0,869.5377716578018,-131.6326530612245,SPOT_INDEX,False,True,225780.0,225780.0,0.0
2023-02-27,panamax,2023,12059.0,12410.0,351.0,497.7894427739001,-131.6326530612245,SPOT_INDEX,False,True,241180.0,241180.0,0.0
2023-02-28,panamax,2023,12410.0,13391.0,981.0,266.90485018227463,-131.6326530612245,SPOT_INDEX,False,True,248200.0,248200.0,0.0
2023-03-02,panamax,2023,13391.0,13498.0,107.0,541.3262681686585,-131.6326530612245,SPOT_INDEX,False,True,267820.0,267820.0,0.0
2023-03-03,panamax,2023,13498.0,13567.0,69.0,169.73573588466274,-131.6326530612245,SPOT_INDEX,False,True,269960.0,269960.0,0.0
2023-03-06,panamax,2023,13567.0,13574.0,7.0,140.89205457080902,-131.6326530612245,SPOT_INDEX,False,True,271340.0,271340.0,0.0
2023-03-07,panamax,2023,13574.0,13595.0,21.0,-4.15582192438518,-131.6326530612245,SPOT_INDEX,False,False,271480.0,271480.0,0.0
2023-03-08,panamax,2023,13595.0,13952.0,357.0,78.55643930106712,-131.6326530612245,SPOT_INDEX,False,True,271900.0,271900.0,0.0
2023-03-09,panamax,2023,13952.0,14390.0,438.0,254.15900885014074,-131.6326530612245,SPOT_INDEX,False,True,279040.0,279040.0,0.0
2023-03-10,panamax,2023,14390.0,14688.0,298.0,284.71563740577017,-131.6326530612245,SPOT_INDEX,False,True,287800.0,287800.0,0.0
2023-03-13,panamax,2023,14688.0,14996.0,308.0,250.60818367638342,-131.6326530612245,SPOT_INDEX,False,True,293760.0,293760.0,0.0
2023-03-14,panamax,2023,14996.0,16540.0,1544.0,253.00378065663892,-131.6326530612245,SPOT_INDEX,False,True,299920.0,299920.0,0.0
2023-03-15,panamax,2023,16540.0,16768.0,228.0,633.5730702795328,-131.6326530612245,SPOT_INDEX,False,True,330800.0,330800.0,0.0
2023-03-16,panamax,2023,16768.0,16679.0,-89.0,217.7524956634497,-131.6326530612245,SPOT_INDEX,False,False,335360.0,335360.0,0.0
2023-03-17,panamax,2023,16679.0,16543.0,-136.0,-133.23304032599424,-131.6326530612245,WAIT,True,True,333580.0,333360.0,220.0
2023-03-20,panamax,2023,16543.0,16390.0,-153.0,-136.82073012585127,-131.6326530612245,WAIT,True,True,330860.0,330300.0,560.0
2023-03-21,panamax,2023,16390.0,16111.0,-279.0,-133.21906247956716,-131.6326530612245,WAIT,True,True,327800.0,324720.0,3080.0
2023-03-22,panamax,2023,16111.0,15427.0,-684.0,-252.87513499845033,-131.6326530612245,WAIT,True,True,322220.0,311040.0,11180.0
2023-03-23,panamax,2023,15427.0,15292.0,-135.0,-191.43283897552942,-131.6326530612245,WAIT,True,True,308540.0,308340.0,200.0
2023-03-24,panamax,2023,15292.0,15084.0,-208.0,-127.81638349013706,-131.6326530612245,SPOT_INDEX,False,True,305840.0,305840.0,0.0
2023-03-27,panamax,2023,15084.0,14933.0,-151.0,-248.71758741072435,-131.6326530612245,WAIT,True,True,301680.0,301160.0,520.0
2023-03-28,panamax,2023,14933.0,14849.0,-84.0,-170.40838672345356,-131.6326530612245,WAIT,True,True,298660.0,299480.0,-820.0
2023-03-29,panamax,2023,14849.0,14779.0,-70.0,-165.56574066651933,-131.6326530612245,WAIT,True,True,296980.0,298080.0,-1100.0
2023-03-30,panamax,2023,14779.0,14753.0,-26.0,-132.01456038825842,-131.6326530612245,WAIT,True,True,295580.0,297560.0,-1980.0
2023-03-31,panamax,2023,14753.0,14860.0,107.0,-31.159534227613957,-131.6326530612245,SPOT_INDEX,False,False,295060.0,295060.0,0.0
2023-04-03,panamax,2023,14860.0,14839.0,-21.0,114.56312095121426,-131.6326530612245,SPOT_INDEX,False,False,297200.0,297200.0,0.0
2023-04-04,panamax,2023,14839.0,15137.0,298.0,-8.624250898569082,-131.6326530612245,SPOT_INDEX,False,False,296780.0,296780.0,0.0
2023-04-05,panamax,2023,15137.0,15521.0,384.0,217.80984118802357,-131.6326530612245,SPOT_INDEX,False,True,302740.0,302740.0,0.0
2023-04-06,panamax,2023,15521.0,15576.0,55.0,251.96575889308258,-131.6326530612245,SPOT_INDEX,False,True,310420.0,310420.0,0.0
2023-04-07,panamax,2023,15576.0,15626.0,50.0,102.38564934449873,-131.6326530612245,SPOT_INDEX,False,True,311520.0,311520.0,0.0
2023-04-10,panamax,2023,15626.0,15552.0,-74.0,99.00823422471251,-131.6326530612245,SPOT_INDEX,False,False,312520.0,312520.0,0.0
2023-04-11,panamax,2023,15552.0,15466.0,-86.0,-84.64307629254257,-131.6326530612245,SPOT_INDEX,False,True,311040.0,311040.0,0.0
2023-04-12,panamax,2023,15466.0,15306.0,-160.0,-112.95092161137173,-131.6326530612245,SPOT_INDEX,False,True,309320.0,309320.0,0.0
2023-04-13,panamax,2023,15306.0,15246.0,-60.0,-158.9318860356784,-131.6326530612245,WAIT,True,True,306120.0,307420.0,-1300.0
2023-04-14,panamax,2023,15246.0,15112.0,-134.0,-70.84922577889608,-131.6326530612245,SPOT_INDEX,False,True,304920.0,304920.0,0.0
2023-04-17,panamax,2023,15112.0,14916.0,-196.0,-135.7970782086119,-131.6326530612245,WAIT,True,True,302240.0,300820.0,1420.0
2023-04-18,panamax,2023,14916.0,14944.0,28.0,-189.78733551783608,-131.6326530612245,WAIT,True,False,298320.0,301380.0,-3060.0
2023-04-19,panamax,2023,14944.0,15096.0,152.0,89.8949157777681,-131.6326530612245,SPOT_INDEX,False,True,298880.0,298880.0,0.0
2023-04-20,panamax,2023,15096.0,15247.0,151.0,180.13382453084995,-131.6326530612245,SPOT_INDEX,False,True,301920.0,301920.0,0.0
2023-04-21,panamax,2023,15247.0,15417.0,170.0,184.39868113742966,-131.6326530612245,SPOT_INDEX,False,True,304940.0,304940.0,0.0
2023-04-24,panamax,2023,15417.0,15410.0,-7.0,184.02390057767718,-131.6326530612245,SPOT_INDEX,False,False,308340.0,308340.0,0.0
2023-04-25,panamax,2023,15410.0,15297.0,-113.0,-13.11020937584511,-131.6326530612245,SPOT_INDEX,False,True,308200.0,308200.0,0.0
2023-04-26,panamax,2023,15297.0,15168.0,-129.0,-92.83675327087155,-131.6326530612245,SPOT_INDEX,False,True,305940.0,305940.0,0.0
2023-04-27,panamax,2023,15168.0,15015.0,-153.0,-125.23267972882292,-131.6326530612245,SPOT_INDEX,False,True,303360.0,303360.0,0.0
2023-04-28,panamax,2023,15015.0,14868.0,-147.0,-139.8567610913235,-131.6326530612245,WAIT,True,True,300300.0,299860.0,440.0
2023-05-02,panamax,2023,14868.0,14717.0,-151.0,-132.0975349738235,-131.6326530612245,WAIT,True,True,297360.0,296840.0,520.0
2023-05-03,panamax,2023,14717.0,14620.0,-97.0,-142.62945632449413,-131.6326530612245,WAIT,True,True,294340.0,294900.0,-560.0
2023-05-04,panamax,2023,14620.0,13961.0,-659.0,-104.58833119944381,-131.6326530612245,SPOT_INDEX,False,True,292400.0,292400.0,0.0
2023-05-08,panamax,2023,13961.0,13934.0,-27.0,-204.327953937981,-131.6326530612245,WAIT,True,True,279220.0,281180.0,-1960.0
2023-05-09,panamax,2023,13934.0,13782.0,-152.0,-20.95015917986325,-131.6326530612245,SPOT_INDEX,False,True,278680.0,278680.0,0.0
2023-05-10,panamax,2023,13782.0,13601.0,-181.0,-124.53257650265952,-131.6326530612245,SPOT_INDEX,False,True,275640.0,275640.0,0.0
2023-05-11,panamax,2023,13601.0,13200.0,-401.0,-177.3546858356434,-131.6326530612245,WAIT,True,True,272020.0,266500.0,5520.0
2023-05-12,panamax,2023,13200.0,13042.0,-158.0,-265.7920660711506,-131.6326530612245,WAIT,True,True,264000.0,263340.0,660.0
2023-05-15,panamax,2023,13042.0,12286.0,-756.0,-149.30573429934725,-131.6326530612245,WAIT,True,True,260840.0,248220.0,12620.0
2023-05-16,panamax,2023,12286.0,11869.0,-417.0,-216.96843434658555,-131.6326530612245,WAIT,True,True,245720.0,239880.0,5840.0
2023-05-17,panamax,2023,11869.0,11609.0,-260.0,-204.05625451424964,-131.6326530612245,WAIT,True,True,237380.0,234680.0,2700.0
2023-05-18,panamax,2023,11609.0,11418.0,-191.0,-194.4344527497546,-131.6326530612245,WAIT,True,True,232180.0,230860.0,1320.0
2023-05-19,panamax,2023,11418.0,11346.0,-72.0,-183.80745484370206,-131.6326530612245,WAIT,True,True,228360.0,229420.0,-1060.0
2023-05-22,panamax,2023,11346.0,11326.0,-20.0,-87.24960705320338,-131.6326530612245,SPOT_INDEX,False,True,226920.0,226920.0,0.0
2023-05-23,panamax,2023,11326.0,10806.0,-520.0,-15.998446521500437,-131.6326530612245,SPOT_INDEX,False,True,226520.0,226520.0,0.0
2023-05-24,panamax,2023,10806.0,10471.0,-335.0,-228.74818647800836,-131.6326530612245,WAIT,True,True,216120.0,211920.0,4200.0
2023-05-25,panamax,2023,10471.0,10277.0,-194.0,-347.08697778852826,-131.6326530612245,WAIT,True,True,209420.0,208040.0,1380.0
2023-05-26,panamax,2023,10277.0,10038.0,-239.0,-329.9829746544336,-131.6326530612245,WAIT,True,True,205540.0,203260.0,2280.0
2023-05-30,panamax,2023,10038.0,9982.0,-56.0,-338.89957311880323,-131.6326530612245,WAIT,True,True,200760.0,202140.0,-1380.0
2023-05-31,panamax,2023,9982.0,9783.0,-199.0,-122.49493101935839,-131.6326530612245,SPOT_INDEX,False,True,199640.0,199640.0,0.0
2023-06-01,panamax,2023,9783.0,9527.0,-256.0,-228.55062065046616,-131.6326530612245,WAIT,True,True,195660.0,193040.0,2620.0
2023-06-02,panamax,2023,9527.0,9741.0,214.0,-211.05601057778196,-131.6326530612245,WAIT,True,False,190540.0,197320.0,-6780.0
2023-06-05,panamax,2023,9741.0,10113.0,372.0,189.37830524377435,-131.6326530612245,SPOT_INDEX,False,True,194820.0,194820.0,0.0
2023-06-07,panamax,2023,10113.0,10216.0,103.0,224.03993928510806,-131.6326530612245,SPOT_INDEX,False,True,202260.0,202260.0,0.0
2023-06-08,panamax,2023,10216.0,10299.0,83.0,112.69363932280123,-131.6326530612245,SPOT_INDEX,False,True,204320.0,204320.0,0.0
2023-06-09,panamax,2023,10299.0,10331.0,32.0,104.97673968842417,-131.6326530612245,SPOT_INDEX,False,True,205980.0,205980.0,0.0
2023-06-12,panamax,2023,10331.0,10346.0,15.0,94.20042443745712,-131.6326530612245,SPOT_INDEX,False,True,206620.0,206620.0,0.0
2023-06-13,panamax,2023,10346.0,10817.0,471.0,62.04672885330381,-131.6326530612245,SPOT_INDEX,False,True,206920.0,206920.0,0.0
2023-06-14,panamax,2023,10817.0,11057.0,240.0,282.33496028631146,-131.6326530612245,SPOT_INDEX,False,True,216340.0,216340.0,0.0
2023-06-15,panamax,2023,11057.0,11501.0,444.0,214.9625525522488,-131.6326530612245,SPOT_INDEX,False,True,221140.0,221140.0,0.0
2023-06-16,panamax,2023,11501.0,11584.0,83.0,237.31231664494618,-131.6326530612245,SPOT_INDEX,False,True,230020.0,230020.0,0.0
2023-06-19,panamax,2023,11584.0,11547.0,-37.0,85.51487351979131,-131.6326530612245,SPOT_INDEX,False,False,231680.0,231680.0,0.0
2023-06-20,panamax,2023,11547.0,11427.0,-120.0,-24.943991315832374,-131.6326530612245,SPOT_INDEX,False,True,230940.0,230940.0,0.0
2023-06-21,panamax,2023,11427.0,11100.0,-327.0,-112.72410339924012,-131.6326530612245,SPOT_INDEX,False,True,228540.0,228540.0,0.0
2023-06-22,panamax,2023,11100.0,11007.0,-93.0,-198.89665139214344,-131.6326530612245,WAIT,True,True,222000.0,222640.0,-640.0
2023-06-23,panamax,2023,11007.0,11018.0,11.0,-98.08994007810581,-131.6326530612245,SPOT_INDEX,False,False,220140.0,220140.0,0.0
2023-06-26,panamax,2023,11018.0,11029.0,11.0,6.002673433253291,-131.6326530612245,SPOT_INDEX,False,True,220360.0,220360.0,0.0
2023-06-27,panamax,2023,11029.0,10875.0,-154.0,4.302184927506166,-131.6326530612245,SPOT_INDEX,False,False,220580.0,220580.0,0.0
2023-06-28,panamax,2023,10875.0,10736.0,-139.0,-167.8211470577657,-131.6326530612245,WAIT,True,True,217500.0,217220.0,280.0
2023-06-29,panamax,2023,10736.0,10472.0,-264.0,-126.12433227807165,-131.6326530612245,SPOT_INDEX,False,True,214720.0,214720.0,0.0
2023-06-30,panamax,2023,10472.0,10251.0,-221.0,-202.15036775798382,-131.6326530612245,WAIT,True,True,209440.0,207520.0,1920.0
2023-07-03,panamax,2023,10251.0,10084.0,-167.0,-202.84231834728965,-131.6326530612245,WAIT,True,True,205020.0,204180.0,840.0
2023-07-04,panamax,2023,10084.0,9914.0,-170.0,-212.19356976708463,-131.6326530612245,WAIT,True,True,201680.0,200780.0,900.0
2023-07-05,panamax,2023,9914.0,9644.0,-270.0,-196.6471084191385,-131.6326530612245,WAIT,True,True,198280.0,195380.0,2900.0
2023-07-06,panamax,2023,9644.0,9591.0,-53.0,-265.6013404154561,-131.6326530612245,WAIT,True,True,192880.0,194320.0,-1440.0
2023-07-07,panamax,2023,9591.0,9587.0,-4.0,-63.644140868962175,-131.6326530612245,SPOT_INDEX,False,True,191820.0,191820.0,0.0
2023-07-10,panamax,2023,9587.0,9636.0,49.0,-3.5401522608046436,-131.6326530612245,SPOT_INDEX,False,False,191740.0,191740.0,0.0
2023-07-11,panamax,2023,9636.0,9895.0,259.0,88.69195528606203,-131.6326530612245,SPOT_INDEX,False,True,192720.0,192720.0,0.0
2023-07-12,panamax,2023,9895.0,10104.0,209.0,202.93960412000328,-131.6326530612245,SPOT_INDEX,False,True,197900.0,197900.0,0.0
2023-07-13,panamax,2023,10104.0,10135.0,31.0,175.20463811728743,-131.6326530612245,SPOT_INDEX,False,True,202080.0,202080.0,0.0
2023-07-14,panamax,2023,10135.0,10122.0,-13.0,85.90708227306861,-131.6326530612245,SPOT_INDEX,False,False,202700.0,202700.0,0.0
2023-07-17,panamax,2023,10122.0,9860.0,-262.0,-20.452961889937374,-131.6326530612245,SPOT_INDEX,False,True,202440.0,202440.0,0.0
2023-07-18,panamax,2023,9860.0,9645.0,-215.0,-201.5398281290426,-131.6326530612245,WAIT,True,True,197200.0,195400.0,1800.0
2023-07-19,panamax,2023,9645.0,9393.0,-252.0,-184.71616638567943,-131.6326530612245,WAIT,True,True,192900.0,190360.0,2540.0
2023-07-20,panamax,2023,9393.0,9122.0,-271.0,-215.1161685447386,-131.6326530612245,WAIT,True,True,187860.0,184940.0,2920.0
2023-07-21,panamax,2023,9122.0,9062.0,-60.0,-188.70329958835399,-131.6326530612245,WAIT,True,True,182440.0,183740.0,-1300.0
2023-07-24,panamax,2023,9062.0,8888.0,-174.0,-66.37593309094784,-131.6326530612245,SPOT_INDEX,False,True,181240.0,181240.0,0.0
2023-07-25,panamax,2023,8888.0,8804.0,-84.0,-184.65903705045025,-131.6326530612245,WAIT,True,True,177760.0,178580.0,-820.0
2023-07-26,panamax,2023,8804.0,8881.0,77.0,-92.3020681516007,-131.6326530612245,SPOT_INDEX,False,False,176080.0,176080.0,0.0
2023-07-27,panamax,2023,8881.0,8798.0,-83.0,90.77191299830567,-131.6326530612245,SPOT_INDEX,False,False,177620.0,177620.0,0.0
2023-07-28,panamax,2023,8798.0,8860.0,62.0,-137.30896842042097,-131.6326530612245,WAIT,True,False,175960.0,179700.0,-3740.0
2023-07-31,panamax,2023,8860.0,8833.0,-27.0,88.11014230237886,-131.6326530612245,SPOT_INDEX,False,False,177200.0,177200.0,0.0
2023-08-01,panamax,2023,8833.0,8983.0,150.0,-19.8294952557921,-131.6326530612245,SPOT_INDEX,False,False,176660.0,176660.0,0.0
2023-08-02,panamax,2023,8983.0,9195.0,212.0,162.4512163523013,-131.6326530612245,SPOT_INDEX,False,True,179660.0,179660.0,0.0
2023-08-03,panamax,2023,9195.0,9361.0,166.0,170.03207180880003,-131.6326530612245,SPOT_INDEX,False,True,183900.0,183900.0,0.0
2023-08-04,panamax,2023,9361.0,10123.0,762.0,167.97787382301402,-131.6326530612245,SPOT_INDEX,False,True,187220.0,187220.0,0.0
2023-08-07,panamax,2023,10123.0,10522.0,399.0,378.98108491617137,-131.6326530612245,SPOT_INDEX,False,True,202460.0,202460.0,0.0
2023-08-08,panamax,2023,10522.0,10860.0,338.0,228.67024563361866,-131.6326530612245,SPOT_INDEX,False,True,210440.0,210440.0,0.0
2023-08-09,panamax,2023,10860.0,11130.0,270.0,206.16401273944092,-131.6326530612245,SPOT_INDEX,False,True,217200.0,217200.0,0.0
2023-08-10,panamax,2023,11130.0,11376.0,246.0,214.97155033821235,-131.6326530612245,SPOT_INDEX,False,True,222600.0,222600.0,0.0
2023-08-11,panamax,2023,11376.0,11725.0,349.0,207.33017428525602,-131.6326530612245,SPOT_INDEX,False,True,227520.0,227520.0,0.0
2023-08-14,panamax,2023,11725.0,12481.0,756.0,209.36982283978196,-131.6326530612245,SPOT_INDEX,False,True,234500.0,234500.0,0.0
2023-08-16,panamax,2023,12481.0,12643.0,162.0,335.52277759942314,-131.6326530612245,SPOT_INDEX,False,True,249620.0,249620.0,0.0
2023-08-17,panamax,2023,12643.0,12662.0,19.0,181.18497630840605,-131.6326530612245,SPOT_INDEX,False,True,252860.0,252860.0,0.0
2023-08-18,panamax,2023,12662.0,12566.0,-96.0,66.96503674135069,-131.6326530612245,SPOT_INDEX,False,False,253240.0,253240.0,0.0
2023-08-21,panamax,2023,12566.0,12355.0,-211.0,-74.81070564396693,-131.6326530612245,SPOT_INDEX,False,True,251320.0,251320.0,0.0
2023-08-22,panamax,2023,12355.0,12714.0,359.0,-190.9728530009519,-131.6326530612245,WAIT,True,False,247100.0,256780.0,-9680.0
2023-08-23,panamax,2023,12714.0,12476.0,-238.0,216.24619959971488,-131.6326530612245,SPOT_INDEX,False,False,254280.0,254280.0,0.0
2023-08-24,panamax,2023,12476.0,12416.0,-60.0,-219.53016949844394,-131.6326530612245,WAIT,True,True,249520.0,250820.0,-1300.0
2023-08-25,panamax,2023,12416.0,12339.0,-77.0,-69.148991375912,-131.6326530612245,SPOT_INDEX,False,True,248320.0,248320.0,0.0
2023-08-28,panamax,2023,12339.0,12411.0,72.0,-80.1394160340647,-131.6326530612245,SPOT_INDEX,False,False,246780.0,246780.0,0.0
2023-08-29,panamax,2023,12411.0,12681.0,270.0,88.436617613441,-131.6326530612245,SPOT_INDEX,False,True,248220.0,248220.0,0.0
2023-08-30,panamax,2023,12681.0,12939.0,258.0,208.65969195649993,-131.6326530612245,SPOT_INDEX,False,True,253620.0,253620.0,0.0
2023-08-31,panamax,2023,12939.0,12990.0,51.0,211.3575969955977,-131.6326530612245,SPOT_INDEX,False,True,258780.0,258780.0,0.0
2023-09-01,panamax,2023,12990.0,13042.0,52.0,100.34256640588782,-131.6326530612245,SPOT_INDEX,False,True,259800.0,259800.0,0.0
2023-09-04,panamax,2023,13042.0,13098.0,56.0,106.22457389937199,-131.6326530612245,SPOT_INDEX,False,True,260840.0,260840.0,0.0
2023-09-05,panamax,2023,13098.0,13233.0,135.0,107.11685861585006,-131.6326530612245,SPOT_INDEX,False,True,261960.0,261960.0,0.0
2023-09-06,panamax,2023,13233.0,13157.0,-76.0,135.36570833715604,-131.6326530612245,SPOT_INDEX,False,False,264660.0,264660.0,0.0
2023-09-07,panamax,2023,13157.0,13254.0,97.0,-59.49081135379285,-131.6326530612245,SPOT_INDEX,False,False,263140.0,263140.0,0.0
2023-09-08,panamax,2023,13254.0,13326.0,72.0,124.07179833062435,-131.6326530612245,SPOT_INDEX,False,True,265080.0,265080.0,0.0
2023-09-11,panamax,2023,13326.0,13551.0,225.0,110.00387858692707,-131.6326530612245,SPOT_INDEX,False,True,266520.0,266520.0,0.0
2023-09-12,panamax,2023,13551.0,14686.0,1135.0,209.7445524189802,-131.6326530612245,SPOT_INDEX,False,True,271020.0,271020.0,0.0
2023-09-13,panamax,2023,14686.0,14896.0,210.0,417.2770899109113,-131.6326530612245,SPOT_INDEX,False,True,293720.0,293720.0,0.0
2023-09-14,panamax,2023,14896.0,15082.0,186.0,188.31593751015996,-131.6326530612245,SPOT_INDEX,False,True,297920.0,297920.0,0.0
2023-09-15,panamax,2023,15082.0,15239.0,157.0,194.28719427470475,-131.6326530612245,SPOT_INDEX,False,True,301640.0,301640.0,0.0
2023-09-18,panamax,2023,15239.0,15608.0,369.0,189.5446954597861,-131.6326530612245,SPOT_INDEX,False,True,304780.0,304780.0,0.0
2023-09-19,panamax,2023,15608.0,15739.0,131.0,239.0740442361934,-131.6326530612245,SPOT_INDEX,False,True,312160.0,312160.0,0.0
2023-09-20,panamax,2023,15739.0,15747.0,8.0,158.26831976658298,-131.6326530612245,SPOT_INDEX,False,True,314780.0,314780.0,0.0
2023-09-21,panamax,2023,15747.0,15571.0,-176.0,18.1436845976723,-131.6326530612245,SPOT_INDEX,False,False,314940.0,314940.0,0.0
2023-09-22,panamax,2023,15571.0,15580.0,9.0,-281.8826387059536,-131.6326530612245,WAIT,True,False,311420.0,314100.0,-2680.0
2023-09-25,panamax,2023,15580.0,15871.0,291.0,1.3101030969895444,-131.6326530612245,SPOT_INDEX,False,True,311600.0,311600.0,0.0
2023-09-26,panamax,2023,15871.0,15828.0,-43.0,246.38170709439018,-131.6326530612245,SPOT_INDEX,False,False,317420.0,317420.0,0.0
2023-09-27,panamax,2023,15828.0,15497.0,-331.0,-41.36085497932656,-131.6326530612245,SPOT_INDEX,False,True,316560.0,316560.0,0.0
2023-10-04,panamax,2023,15497.0,15418.0,-79.0,-333.04258940233905,-131.6326530612245,WAIT,True,True,309940.0,310860.0,-920.0
2023-10-05,panamax,2023,15418.0,15185.0,-233.0,-141.27915047978524,-131.6326530612245,WAIT,True,True,308360.0,306200.0,2160.0
2023-10-06,panamax,2023,15185.0,16044.0,859.0,-179.37494201043194,-131.6326530612245,WAIT,True,False,303700.0,323380.0,-19680.0
2023-10-10,panamax,2023,16044.0,16363.0,319.0,389.63560913400426,-131.6326530612245,SPOT_INDEX,False,True,320880.0,320880.0,0.0
2023-10-11,panamax,2023,16363.0,16387.0,24.0,225.13371027406282,-131.6326530612245,SPOT_INDEX,False,True,327260.0,327260.0,0.0
2023-10-12,panamax,2023,16387.0,16149.0,-238.0,68.72740815871893,-131.6326530612245,SPOT_INDEX,False,False,327740.0,327740.0,0.0
2023-10-13,panamax,2023,16149.0,15889.0,-260.0,-196.1322518365031,-131.6326530612245,WAIT,True,True,322980.0,320280.0,2700.0
2023-10-16,panamax,2023,15889.0,15707.0,-182.0,-176.1542926536432,-131.6326530612245,WAIT,True,True,317780.0,316640.0,1140.0
2023-10-17,panamax,2023,15707.0,15500.0,-207.0,-169.3024287436809,-131.6326530612245,WAIT,True,True,314140.0,312500.0,1640.0
2023-10-18,panamax,2023,15500.0,15297.0,-203.0,-178.27984377873068,-131.6326530612245,WAIT,True,True,310000.0,308440.0,1560.0
2023-10-19,panamax,2023,15297.0,15146.0,-151.0,-166.90468433781913,-131.6326530612245,WAIT,True,True,305940.0,305420.0,520.0
2023-10-20,panamax,2023,15146.0,15269.0,123.0,-149.18730485055042,-131.6326530612245,WAIT,True,False,302920.0,307880.0,-4960.0
2023-10-23,panamax,2023,15269.0,15173.0,-96.0,115.90987543392981,-131.6326530612245,SPOT_INDEX,False,False,305380.0,305380.0,0.0
2023-10-24,panamax,2023,15173.0,15261.0,88.0,-102.35686675655585,-131.6326530612245,SPOT_INDEX,False,False,303460.0,303460.0,0.0
2023-10-25,panamax,2023,15261.0,15246.0,-15.0,244.27179481089365,-131.6326530612245,SPOT_INDEX,False,False,305220.0,305220.0,0.0
2023-10-26,panamax,2023,15246.0,15351.0,105.0,85.48587371046386,-131.6326530612245,SPOT_INDEX,False,True,304920.0,304920.0,0.0
2023-10-27,panamax,2023,15351.0,15071.0,-280.0,277.19922474830105,-131.6326530612245,SPOT_INDEX,False,False,307020.0,307020.0,0.0
2023-10-30,panamax,2023,15071.0,14974.0,-97.0,-266.5707417070993,-131.6326530612245,WAIT,True,True,301420.0,301980.0,-560.0
2023-10-31,panamax,2023,14974.0,14546.0,-428.0,-261.52560500839957,-131.6326530612245,WAIT,True,True,299480.0,293420.0,6060.0
2023-11-02,panamax,2023,14546.0,13908.0,-638.0,-281.931995476102,-131.6326530612245,WAIT,True,True,290920.0,280660.0,10260.0
2023-11-03,panamax,2023,13908.0,13928.0,20.0,-247.40674257750362,-131.6326530612245,WAIT,True,False,278160.0,281060.0,-2900.0
2023-11-06,panamax,2023,13928.0,13906.0,-22.0,104.9138919030216,-131.6326530612245,SPOT_INDEX,False,False,278560.0,278560.0,0.0
2023-11-07,panamax,2023,13906.0,13932.0,26.0,54.840101499745884,-131.6326530612245,SPOT_INDEX,False,True,278120.0,278120.0,0.0
2023-11-08,panamax,2023,13932.0,13939.0,7.0,100.93339369519305,-131.6326530612245,SPOT_INDEX,False,True,278640.0,278640.0,0.0
2023-11-09,panamax,2023,13939.0,14164.0,225.0,45.06796033807559,-131.6326530612245,SPOT_INDEX,False,True,278780.0,278780.0,0.0
2023-11-10,panamax,2023,14164.0,14628.0,464.0,241.05588776982205,-131.6326530612245,SPOT_INDEX,False,True,283280.0,283280.0,0.0
2023-11-13,panamax,2023,14628.0,14726.0,98.0,339.88381716049525,-131.6326530612245,SPOT_INDEX,False,True,292560.0,292560.0,0.0
2023-11-14,panamax,2023,14726.0,15385.0,659.0,107.40013517021745,-131.6326530612245,SPOT_INDEX,False,True,294520.0,294520.0,0.0
2023-11-15,panamax,2023,15385.0,15933.0,548.0,354.66418386522696,-131.6326530612245,SPOT_INDEX,False,True,307700.0,307700.0,0.0
2023-11-16,panamax,2023,15933.0,16599.0,666.0,325.6530093317275,-131.6326530612245,SPOT_INDEX,False,True,318660.0,318660.0,0.0
2023-11-17,panamax,2023,16599.0,16889.0,290.0,344.4044634345698,-131.6326530612245,SPOT_INDEX,False,True,331980.0,331980.0,0.0
2023-11-20,panamax,2023,16889.0,17272.0,383.0,221.04042022504785,-131.6326530612245,SPOT_INDEX,False,True,337780.0,337780.0,0.0
2023-11-21,panamax,2023,17272.0,17718.0,446.0,221.62740495488862,-131.6326530612245,SPOT_INDEX,False,True,345440.0,345440.0,0.0
2023-11-22,panamax,2023,17718.0,17991.0,273.0,254.28157897716537,-131.6326530612245,SPOT_INDEX,False,True,354360.0,354360.0,0.0
2023-11-23,panamax,2023,17991.0,18271.0,280.0,212.99546003900068,-131.6326530612245,SPOT_INDEX,False,True,359820.0,359820.0,0.0
2023-11-24,panamax,2023,18271.0,18847.0,576.0,240.743772519644,-131.6326530612245,SPOT_INDEX,False,True,365420.0,365420.0,0.0
2023-11-27,panamax,2023,18847.0,19183.0,336.0,343.05094262204955,-131.6326530612245,SPOT_INDEX,False,True,376940.0,376940.0,0.0
2023-11-28,panamax,2023,19183.0,19208.0,25.0,241.81208781790926,-131.6326530612245,SPOT_INDEX,False,True,383660.0,383660.0,0.0
2023-11-29,panamax,2023,19208.0,19838.0,630.0,94.76352698904957,-131.6326530612245,SPOT_INDEX,False,True,384160.0,384160.0,0.0
2023-11-30,panamax,2023,19838.0,20381.0,543.0,367.6674714770823,-131.6326530612245,SPOT_INDEX,False,True,396760.0,396760.0,0.0
2023-12-01,panamax,2023,20381.0,20993.0,612.0,381.2825665953909,-131.6326530612245,SPOT_INDEX,False,True,407620.0,407620.0,0.0
2023-12-04,panamax,2023,20993.0,21475.0,482.0,420.0325263870296,-131.6326530612245,SPOT_INDEX,False,True,419860.0,419860.0,0.0
2023-12-05,panamax,2023,21475.0,21542.0,67.0,372.8670315171563,-131.6326530612245,SPOT_INDEX,False,True,429500.0,429500.0,0.0
2023-12-06,panamax,2023,21542.0,20529.0,-1013.0,116.22996297300656,-131.6326530612245,SPOT_INDEX,False,False,430840.0,430840.0,0.0
2023-12-07,panamax,2023,20529.0,19879.0,-650.0,-560.70186004208,-131.6326530612245,WAIT,True,True,410580.0,400080.0,10500.0
2023-12-08,panamax,2023,19879.0,19412.0,-467.0,-372.9205551657929,-131.6326530612245,WAIT,True,True,397580.0,390740.0,6840.0
2023-12-11,panamax,2023,19412.0,18852.0,-560.0,-195.78391189616212,-131.6326530612245,WAIT,True,True,388240.0,379540.0,8700.0
2023-12-12,panamax,2023,18852.0,18361.0,-491.0,-402.26917862112816,-131.6326530612245,WAIT,True,True,377040.0,369720.0,7320.0
2023-12-13,panamax,2023,18361.0,17803.0,-558.0,-197.1458488141661,-131.6326530612245,WAIT,True,True,367220.0,358560.0,8660.0
2023-12-14,panamax,2023,17803.0,17563.0,-240.0,-316.6973160716735,-131.6326530612245,WAIT,True,True,356060.0,353760.0,2300.0
2023-12-15,panamax,2023,17563.0,17346.0,-217.0,-200.53728924914554,-131.6326530612245,WAIT,True,True,351260.0,349420.0,1840.0
2023-12-18,panamax,2023,17346.0,17304.0,-42.0,-197.96156930750539,-131.6326530612245,WAIT,True,True,346920.0,348580.0,-1660.0
2023-12-19,panamax,2023,17304.0,17330.0,26.0,-35.388933148727794,-131.6326530612245,SPOT_INDEX,False,False,346080.0,346080.0,0.0
2023-12-20,panamax,2023,17330.0,17200.0,-130.0,63.55318326779021,-131.6326530612245,SPOT_INDEX,False,False,346600.0,346600.0,0.0
2023-12-21,panamax,2023,17200.0,17084.0,-116.0,-174.13491243772114,-131.6326530612245,WAIT,True,True,344000.0,344180.0,-180.0
2023-12-22,panamax,2023,17084.0,16974.0,-110.0,-155.7905200773231,-131.6326530612245,WAIT,True,True,341680.0,341980.0,-300.0
2023-01-03,supramax,2023,12175.0,11648.0,-527.0,-523.7697197502016,-30.612244897959158,WAIT,True,True,243500.0,235460.0,8040.0
2023-01-04,supramax,2023,11648.0,11134.0,-514.0,-255.73726774298123,-30.612244897959158,WAIT,True,True,232960.0,225180.0,7780.0
2023-01-05,supramax,2023,11134.0,11018.0,-116.0,-285.14871086808,-30.612244897959158,WAIT,True,True,222680.0,222860.0,-180.0
2023-01-06,supramax,2023,11018.0,10872.0,-146.0,-108.92225589927136,-30.612244897959158,WAIT,True,True,220360.0,219940.0,420.0
2023-01-09,supramax,2023,10872.0,10410.0,-462.0,-98.3923416966297,-30.612244897959158,WAIT,True,True,217440.0,210700.0,6740.0
2023-01-10,supramax,2023,10410.0,10197.0,-213.0,-220.9082151513523,-30.612244897959158,WAIT,True,True,208200.0,206440.0,1760.0
2023-01-11,supramax,2023,10197.0,9628.0,-569.0,-120.055455631259,-30.612244897959158,WAIT,True,True,203940.0,195060.0,8880.0
2023-01-12,supramax,2023,9628.0,9273.0,-355.0,-261.7383029809659,-30.612244897959158,WAIT,True,True,192560.0,187960.0,4600.0
2023-01-13,supramax,2023,9273.0,9009.0,-264.0,-240.04693567336471,-30.612244897959158,WAIT,True,True,185460.0,182680.0,2780.0
2023-01-16,supramax,2023,9009.0,8941.0,-68.0,-205.94947709956259,-30.612244897959158,WAIT,True,True,180180.0,181320.0,-1140.0
2023-01-17,supramax,2023,8941.0,8938.0,-3.0,-53.528722656794024,-30.612244897959158,WAIT,True,True,178820.0,181260.0,-2440.0
2023-01-18,supramax,2023,8938.0,8952.0,14.0,-9.017832332805167,-30.612244897959158,SPOT_INDEX,False,False,178760.0,178760.0,0.0
2023-01-19,supramax,2023,8952.0,8913.0,-39.0,-4.217095837856999,-30.612244897959158,SPOT_INDEX,False,True,179040.0,179040.0,0.0
2023-01-20,supramax,2023,8913.0,8835.0,-78.0,-45.047225253378244,-30.612244897959158,WAIT,True,True,178260.0,179200.0,-940.0
2023-01-25,supramax,2023,8835.0,8905.0,70.0,-51.252207450442874,-30.612244897959158,WAIT,True,False,176700.0,180600.0,-3900.0
2023-01-26,supramax,2023,8905.0,8888.0,-17.0,50.2711948442589,-30.612244897959158,SPOT_INDEX,False,False,178100.0,178100.0,0.0
2023-01-27,supramax,2023,8888.0,9128.0,240.0,0.2978420442894948,-30.612244897959158,SPOT_INDEX,False,True,177760.0,177760.0,0.0
2023-01-30,supramax,2023,9128.0,9397.0,269.0,119.60195637725785,-30.612244897959158,SPOT_INDEX,False,True,182560.0,182560.0,0.0
2023-01-31,supramax,2023,9397.0,9492.0,95.0,96.30040519523814,-30.612244897959158,SPOT_INDEX,False,True,187940.0,187940.0,0.0
2023-02-01,supramax,2023,9492.0,9758.0,266.0,71.24391074023819,-30.612244897959158,SPOT_INDEX,False,True,189840.0,189840.0,0.0
2023-02-02,supramax,2023,9758.0,9371.0,-387.0,99.65706087265569,-30.612244897959158,SPOT_INDEX,False,False,195160.0,195160.0,0.0
2023-02-03,supramax,2023,9371.0,9058.0,-313.0,-276.9573336605194,-30.612244897959158,WAIT,True,True,187420.0,183660.0,3760.0
2023-02-06,supramax,2023,9058.0,8832.0,-226.0,-285.9660419014412,-30.612244897959158,WAIT,True,True,181160.0,179140.0,2020.0
2023-02-07,supramax,2023,8832.0,8639.0,-193.0,-103.4305117782607,-30.612244897959158,WAIT,True,True,176640.0,175280.0,1360.0
2023-02-08,supramax,2023,8639.0,8513.0,-126.0,-78.77988565275443,-30.612244897959158,WAIT,True,True,172780.0,172760.0,20.0
2023-02-09,supramax,2023,8513.0,8241.0,-272.0,-82.56420771099926,-30.612244897959158,WAIT,True,True,170260.0,167320.0,2940.0
2023-02-10,supramax,2023,8241.0,8202.0,-39.0,-218.64991694471647,-30.612244897959158,WAIT,True,True,164820.0,166540.0,-1720.0
2023-02-13,supramax,2023,8202.0,8144.0,-58.0,-62.97180993284421,-30.612244897959158,WAIT,True,True,164040.0,165380.0,-1340.0
2023-02-14,supramax,2023,8144.0,8170.0,26.0,-53.87213967321817,-30.612244897959158,WAIT,True,False,162880.0,165900.0,-3020.0
2023-02-15,supramax,2023,8170.0,8476.0,306.0,28.84543250018844,-30.612244897959158,SPOT_INDEX,False,True,163400.0,163400.0,0.0
2023-02-16,supramax,2023,8476.0,8870.0,394.0,114.76984657847385,-30.612244897959158,SPOT_INDEX,False,True,169520.0,169520.0,0.0
2023-02-17,supramax,2023,8870.0,9228.0,358.0,280.68673766861633,-30.612244897959158,SPOT_INDEX,False,True,177400.0,177400.0,0.0
2023-02-20,supramax,2023,9228.0,10068.0,840.0,149.77401662223357,-30.612244897959158,SPOT_INDEX,False,True,184560.0,184560.0,0.0
2023-02-21,supramax,2023,10068.0,10581.0,513.0,335.44418086523626,-30.612244897959158,SPOT_INDEX,False,True,201360.0,201360.0,0.0
2023-02-22,supramax,2023,10581.0,11546.0,965.0,352.62365739516207,-30.612244897959158,SPOT_INDEX,False,True,211620.0,211620.0,0.0
2023-02-23,supramax,2023,11546.0,12059.0,513.0,361.50351854637415,-30.612244897959158,SPOT_INDEX,False,True,230920.0,230920.0,0.0
2023-02-24,supramax,2023,12059.0,12548.0,489.0,410.2245619069622,-30.612244897959158,SPOT_INDEX,False,True,241180.0,241180.0,0.0
2023-02-27,supramax,2023,12548.0,13004.0,456.0,445.9130494570457,-30.612244897959158,SPOT_INDEX,False,True,250960.0,250960.0,0.0
2023-02-28,supramax,2023,13004.0,13815.0,811.0,570.097566653627,-30.612244897959158,SPOT_INDEX,False,True,260080.0,260080.0,0.0
2023-03-02,supramax,2023,13815.0,13739.0,-76.0,581.2167589027397,-30.612244897959158,SPOT_INDEX,False,False,276300.0,276300.0,0.0
2023-03-03,supramax,2023,13739.0,13393.0,-346.0,30.259558882439897,-30.612244897959158,SPOT_INDEX,False,False,274780.0,274780.0,0.0
2023-03-06,supramax,2023,13393.0,13227.0,-166.0,-240.05712761646217,-30.612244897959158,WAIT,True,True,267860.0,267040.0,820.0
2023-03-07,supramax,2023,13227.0,13061.0,-166.0,-45.47037448657148,-30.612244897959158,WAIT,True,True,264540.0,263720.0,820.0
2023-03-08,supramax,2023,13061.0,13277.0,216.0,-18.590165873015323,-30.612244897959158,SPOT_INDEX,False,False,261220.0,261220.0,0.0
2023-03-09,supramax,2023,13277.0,13760.0,483.0,160.69888832887898,-30.612244897959158,SPOT_INDEX,False,True,265540.0,265540.0,0.0
2023-03-10,supramax,2023,13760.0,13971.0,211.0,264.69772750235114,-30.612244897959158,SPOT_INDEX,False,True,275200.0,275200.0,0.0
2023-03-13,supramax,2023,13971.0,14158.0,187.0,219.52607264039628,-30.612244897959158,SPOT_INDEX,False,True,279420.0,279420.0,0.0
2023-03-14,supramax,2023,14158.0,14481.0,323.0,157.3752122297434,-30.612244897959158,SPOT_INDEX,False,True,283160.0,283160.0,0.0
2023-03-15,supramax,2023,14481.0,14670.0,189.0,275.11538230642384,-30.612244897959158,SPOT_INDEX,False,True,289620.0,289620.0,0.0
2023-03-16,supramax,2023,14670.0,14583.0,-87.0,123.12773958598497,-30.612244897959158,SPOT_INDEX,False,False,293400.0,293400.0,0.0
2023-03-17,supramax,2023,14583.0,14396.0,-187.0,-22.407558727902178,-30.612244897959158,SPOT_INDEX,False,True,291660.0,291660.0,0.0
2023-03-20,supramax,2023,14396.0,14374.0,-22.0,-60.16925884635711,-30.612244897959158,WAIT,True,True,287920.0,289980.0,-2060.0
2023-03-21,supramax,2023,14374.0,14725.0,351.0,-11.28025258093388,-30.612244897959158,SPOT_INDEX,False,False,287480.0,287480.0,0.0
2023-03-22,supramax,2023,14725.0,14961.0,236.0,103.66397843486467,-30.612244897959158,SPOT_INDEX,False,True,294500.0,294500.0,0.0
2023-03-23,supramax,2023,14961.0,15155.0,194.0,107.906078744151,-30.612244897959158,SPOT_INDEX,False,True,299220.0,299220.0,0.0
2023-03-24,supramax,2023,15155.0,15226.0,71.0,96.14284686215247,-30.612244897959158,SPOT_INDEX,False,True,303100.0,303100.0,0.0
2023-03-27,supramax,2023,15226.0,14967.0,-259.0,48.958526103123305,-30.612244897959158,SPOT_INDEX,False,False,304520.0,304520.0,0.0
2023-03-28,supramax,2023,14967.0,14631.0,-336.0,-224.8163184370528,-30.612244897959158,WAIT,True,True,299340.0,295120.0,4220.0
2023-03-29,supramax,2023,14631.0,14204.0,-427.0,-222.7102018453964,-30.612244897959158,WAIT,True,True,292620.0,286580.0,6040.0
2023-03-30,supramax,2023,14204.0,13732.0,-472.0,-214.14166482198928,-30.612244897959158,WAIT,True,True,284080.0,277140.0,6940.0
2023-03-31,supramax,2023,13732.0,13465.0,-267.0,-191.02695832582805,-30.612244897959158,WAIT,True,True,274640.0,271800.0,2840.0
2023-04-03,supramax,2023,13465.0,13453.0,-12.0,-157.39657618931653,-30.612244897959158,WAIT,True,True,269300.0,271560.0,-2260.0
2023-04-04,supramax,2023,13453.0,13283.0,-170.0,-34.296383446016485,-30.612244897959158,WAIT,True,True,269060.0,268160.0,900.0
2023-04-05,supramax,2023,13283.0,13249.0,-34.0,-82.596048506518,-30.612244897959158,WAIT,True,True,265660.0,267480.0,-1820.0
2023-04-06,supramax,2023,13249.0,12892.0,-357.0,-49.42322922793117,-30.612244897959158,WAIT,True,True,264980.0,260340.0,4640.0
2023-04-07,supramax,2023,12892.0,12694.0,-198.0,-233.77697457048453,-30.612244897959158,WAIT,True,True,257840.0,256380.0,1460.0
2023-04-10,supramax,2023,12694.0,12424.0,-270.0,-83.52803402186073,-30.612244897959158,WAIT,True,True,253880.0,250980.0,2900.0
2023-04-11,supramax,2023,12424.0,12182.0,-242.0,-194.75324270538485,-30.612244897959158,WAIT,True,True,248480.0,246140.0,2340.0
2023-04-12,supramax,2023,12182.0,11987.0,-195.0,-186.5535316239826,-30.612244897959158,WAIT,True,True,243640.0,242240.0,1400.0
2023-04-13,supramax,2023,11987.0,11903.0,-84.0,-85.21572531896646,-30.612244897959158,WAIT,True,True,239740.0,240560.0,-820.0
2023-04-14,supramax,2023,11903.0,11888.0,-15.0,-68.42968153396833,-30.612244897959158,WAIT,True,True,238060.0,240260.0,-2200.0
2023-04-17,supramax,2023,11888.0,11931.0,43.0,-624.3843532692838,-30.612244897959158,WAIT,True,False,237760.0,241120.0,-3360.0
2023-04-18,supramax,2023,11931.0,12762.0,831.0,47.91099304679737,-30.612244897959158,SPOT_INDEX,False,True,238620.0,238620.0,0.0
2023-04-19,supramax,2023,12762.0,13434.0,672.0,250.75757430376495,-30.612244897959158,SPOT_INDEX,False,True,255240.0,255240.0,0.0
2023-04-20,supramax,2023,13434.0,13757.0,323.0,268.6153162477417,-30.612244897959158,SPOT_INDEX,False,True,268680.0,268680.0,0.0
2023-04-21,supramax,2023,13757.0,13984.0,227.0,173.8842006155891,-30.612244897959158,SPOT_INDEX,False,True,275140.0,275140.0,0.0
2023-04-24,supramax,2023,13984.0,14034.0,50.0,137.04717518457244,-30.612244897959158,SPOT_INDEX,False,True,279680.0,279680.0,0.0
2023-04-25,supramax,2023,14034.0,13931.0,-103.0,54.01005259292044,-30.612244897959158,SPOT_INDEX,False,False,280680.0,280680.0,0.0
2023-04-26,supramax,2023,13931.0,13688.0,-243.0,-60.09145499765697,-30.612244897959158,WAIT,True,True,278620.0,276260.0,2360.0
2023-04-27,supramax,2023,13688.0,13673.0,-15.0,-199.1715975237442,-30.612244897959158,WAIT,True,True,273760.0,275960.0,-2200.0
2023-04-28,supramax,2023,13673.0,13479.0,-194.0,-207.74769582373992,-30.612244897959158,WAIT,True,True,273460.0,272080.0,1380.0
2023-05-02,supramax,2023,13479.0,13350.0,-129.0,-71.64008619540041,-30.612244897959158,WAIT,True,True,269580.0,269500.0,80.0
2023-05-03,supramax,2023,13350.0,13230.0,-120.0,-52.42560634607081,-30.612244897959158,WAIT,True,True,267000.0,267100.0,-100.0
2023-05-04,supramax,2023,13230.0,13110.0,-120.0,-82.52354760938653,-30.612244897959158,WAIT,True,True,264600.0,264700.0,-100.0
2023-05-08,supramax,2023,13110.0,13149.0,39.0,-89.20710423593957,-30.612244897959158,WAIT,True,False,262200.0,265480.0,-3280.0
2023-05-09,supramax,2023,13149.0,13322.0,173.0,59.10014273501557,-30.612244897959158,SPOT_INDEX,False,True,262980.0,262980.0,0.0
2023-05-10,supramax,2023,13322.0,13313.0,-9.0,103.9517044156932,-30.612244897959158,SPOT_INDEX,False,False,266440.0,266440.0,0.0
2023-05-11,supramax,2023,13313.0,13286.0,-27.0,9.359322616515101,-30.612244897959158,SPOT_INDEX,False,False,266260.0,266260.0,0.0
2023-05-12,supramax,2023,13286.0,13283.0,-3.0,-44.25592287511259,-30.612244897959158,WAIT,True,True,265720.0,268160.0,-2440.0
2023-05-15,supramax,2023,13283.0,13246.0,-37.0,2.395314023704886,-30.612244897959158,SPOT_INDEX,False,False,265660.0,265660.0,0.0
2023-05-16,supramax,2023,13246.0,13277.0,31.0,-40.985333107149344,-30.612244897959158,WAIT,True,False,264920.0,268040.0,-3120.0
2023-05-17,supramax,2023,13277.0,13309.0,32.0,-1.3209768135984825,-30.612244897959158,SPOT_INDEX,False,False,265540.0,265540.0,0.0
2023-05-18,supramax,2023,13309.0,13310.0,1.0,19.654162738118913,-30.612244897959158,SPOT_INDEX,False,True,266180.0,266180.0,0.0
2023-05-19,supramax,2023,13310.0,13283.0,-27.0,-7.427046888268588,-30.612244897959158,SPOT_INDEX,False,True,266200.0,266200.0,0.0
2023-05-22,supramax,2023,13283.0,13214.0,-69.0,-52.20119783168904,-30.612244897959158,WAIT,True,True,265660.0,266780.0,-1120.0
2023-05-23,supramax,2023,13214.0,13118.0,-96.0,-42.721333687206304,-30.612244897959158,WAIT,True,True,264280.0,264860.0,-580.0
2023-05-24,supramax,2023,13118.0,12599.0,-519.0,-67.33609199971299,-30.612244897959158,WAIT,True,True,262360.0,254480.0,7880.0
2023-05-25,supramax,2023,12599.0,12165.0,-434.0,-293.85804610150103,-30.612244897959158,WAIT,True,True,251980.0,245800.0,6180.0
2023-05-26,supramax,2023,12165.0,11596.0,-569.0,-244.2104129262788,-30.612244897959158,WAIT,True,True,243300.0,234420.0,8880.0
2023-05-30,supramax,2023,11596.0,11229.0,-367.0,-268.8984955478435,-30.612244897959158,WAIT,True,True,231920.0,227080.0,4840.0
2023-05-31,supramax,2023,11229.0,10942.0,-287.0,-224.57080768665557,-30.612244897959158,WAIT,True,True,224580.0,221340.0,3240.0
2023-06-01,supramax,2023,10942.0,10757.0,-185.0,-262.57200654356546,-30.612244897959158,WAIT,True,True,218840.0,217640.0,1200.0
2023-06-02,supramax,2023,10757.0,10437.0,-320.0,-90.36856151331756,-30.612244897959158,WAIT,True,True,215140.0,211240.0,3900.0
2023-06-05,supramax,2023,10437.0,9909.0,-528.0,-237.67362324041395,-30.612244897959158,WAIT,True,True,208740.0,200680.0,8060.0
2023-06-07,supramax,2023,9909.0,9677.0,-232.0,-205.566398535016,-30.612244897959158,WAIT,True,True,198180.0,196040.0,2140.0
2023-06-08,supramax,2023,9677.0,9539.0,-138.0,-133.27561807020638,-30.612244897959158,WAIT,True,True,193540.0,193280.0,260.0
2023-06-09,supramax,2023,9539.0,9491.0,-48.0,-79.2082093449262,-30.612244897959158,WAIT,True,True,190780.0,192320.0,-1540.0
2023-06-12,supramax,2023,9491.0,9556.0,65.0,-46.951718262018886,-30.612244897959158,WAIT,True,False,189820.0,193620.0,-3800.0
2023-06-13,supramax,2023,9556.0,9704.0,148.0,59.08441990133351,-30.612244897959158,SPOT_INDEX,False,True,191120.0,191120.0,0.0
2023-06-14,supramax,2023,9704.0,9851.0,147.0,106.70754052416845,-30.612244897959158,SPOT_INDEX,False,True,194080.0,194080.0,0.0
2023-06-15,supramax,2023,9851.0,9838.0,-13.0,124.35767289569434,-30.612244897959158,SPOT_INDEX,False,False,197020.0,197020.0,0.0
2023-06-16,supramax,2023,9838.0,9792.0,-46.0,-33.01222661608554,-30.612244897959158,WAIT,True,True,196760.0,198340.0,-1580.0
2023-06-19,supramax,2023,9792.0,9728.0,-64.0,-37.466463268146946,-30.612244897959158,WAIT,True,True,195840.0,197060.0,-1220.0
2023-06-20,supramax,2023,9728.0,9591.0,-137.0,-24.107822559115043,-30.612244897959158,SPOT_INDEX,False,True,194560.0,194560.0,0.0
2023-06-21,supramax,2023,9591.0,9550.0,-41.0,-99.42798003009487,-30.612244897959158,WAIT,True,True,191820.0,193500.0,-1680.0
2023-06-22,supramax,2023,9550.0,9384.0,-166.0,-18.11743572814695,-30.612244897959158,SPOT_INDEX,False,True,191000.0,191000.0,0.0
2023-06-23,supramax,2023,9384.0,9302.0,-82.0,-67.18251075385405,-30.612244897959158,WAIT,True,True,187680.0,188540.0,-860.0
2023-06-26,supramax,2023,9302.0,9221.0,-81.0,-52.24486279281911,-30.612244897959158,WAIT,True,True,186040.0,186920.0,-880.0
2023-06-27,supramax,2023,9221.0,9151.0,-70.0,-38.456620374719165,-30.612244897959158,WAIT,True,True,184420.0,185520.0,-1100.0
2023-06-28,supramax,2023,9151.0,9180.0,29.0,-65.00643724304793,-30.612244897959158,WAIT,True,False,183020.0,186100.0,-3080.0
2023-06-29,supramax,2023,9180.0,9170.0,-10.0,16.94453580160832,-30.612244897959158,SPOT_INDEX,False,False,183600.0,183600.0,0.0
2023-06-30,supramax,2023,9170.0,9161.0,-9.0,-21.76106175136319,-30.612244897959158,SPOT_INDEX,False,True,183400.0,183400.0,0.0
2023-07-03,supramax,2023,9161.0,9072.0,-89.0,0.025896806523988118,-30.612244897959158,SPOT_INDEX,False,False,183220.0,183220.0,0.0
2023-07-04,supramax,2023,9072.0,8956.0,-116.0,-50.241345203042535,-30.612244897959158,WAIT,True,True,181440.0,181620.0,-180.0
2023-07-05,supramax,2023,8956.0,8824.0,-132.0,-82.2014152752804,-30.612244897959158,WAIT,True,True,179120.0,178980.0,140.0
2023-07-06,supramax,2023,8824.0,8780.0,-44.0,-85.07658632553789,-30.612244897959158,WAIT,True,True,176480.0,178100.0,-1620.0
2023-07-07,supramax,2023,8780.0,8816.0,36.0,-48.01780841910624,-30.612244897959158,WAIT,True,False,175600.0,178820.0,-3220.0
2023-07-10,supramax,2023,8816.0,8792.0,-24.0,20.252045398866127,-30.612244897959158,SPOT_INDEX,False,False,176320.0,176320.0,0.0
2023-07-11,supramax,2023,8792.0,8839.0,47.0,-45.830949195229216,-30.612244897959158,WAIT,True,False,175840.0,179280.0,-3440.0
2023-07-12,supramax,2023,8839.0,8999.0,160.0,53.195596457595656,-30.612244897959158,SPOT_INDEX,False,True,176780.0,176780.0,0.0
2023-07-13,supramax,2023,8999.0,9179.0,180.0,111.06982126197595,-30.612244897959158,SPOT_INDEX,False,True,179980.0,179980.0,0.0
2023-07-14,supramax,2023,9179.0,9138.0,-41.0,100.37560163413615,-30.612244897959158,SPOT_INDEX,False,False,183580.0,183580.0,0.0
2023-07-17,supramax,2023,9138.0,9199.0,61.0,-25.582713858687626,-30.612244897959158,SPOT_INDEX,False,False,182760.0,182760.0,0.0
2023-07-18,supramax,2023,9199.0,9372.0,173.0,44.896988342214264,-30.612244897959158,SPOT_INDEX,False,True,183980.0,183980.0,0.0
2023-07-19,supramax,2023,9372.0,9554.0,182.0,105.4093739630112,-30.612244897959158,SPOT_INDEX,False,True,187440.0,187440.0,0.0
2023-07-20,supramax,2023,9554.0,9648.0,94.0,94.58923948216729,-30.612244897959158,SPOT_INDEX,False,True,191080.0,191080.0,0.0
2023-07-21,supramax,2023,9648.0,9621.0,-27.0,64.57939932035501,-30.612244897959158,SPOT_INDEX,False,False,192960.0,192960.0,0.0
2023-07-24,supramax,2023,9621.0,9559.0,-62.0,-23.265455383598315,-30.612244897959158,SPOT_INDEX,False,True,192420.0,192420.0,0.0
2023-07-25,supramax,2023,9559.0,9436.0,-123.0,-24.724714453218063,-30.612244897959158,SPOT_INDEX,False,True,191180.0,191180.0,0.0
2023-07-26,supramax,2023,9436.0,9242.0,-194.0,-40.27908769973955,-30.612244897959158,WAIT,True,True,188720.0,187340.0,1380.0
2023-07-27,supramax,2023,9242.0,8928.0,-314.0,-41.38904679596081,-30.612244897959158,WAIT,True,True,184840.0,181060.0,3780.0
2023-07-28,supramax,2023,8928.0,8732.0,-196.0,-220.91778510237583,-30.612244897959158,WAIT,True,True,178560.0,177140.0,1420.0
2023-07-31,supramax,2023,8732.0,8617.0,-115.0,-67.87766944273044,-30.612244897959158,WAIT,True,True,174640.0,174840.0,-200.0
2023-08-01,supramax,2023,8617.0,8551.0,-66.0,-53.52196244827741,-30.612244897959158,WAIT,True,True,172340.0,173520.0,-1180.0
2023-08-02,supramax,2023,8551.0,8458.0,-93.0,-49.54508117940445,-30.612244897959158,WAIT,True,True,171020.0,171660.0,-640.0
2023-08-03,supramax,2023,8458.0,8449.0,-9.0,-67.15275873689961,-30.612244897959158,WAIT,True,True,169160.0,171480.0,-2320.0
2023-08-04,supramax,2023,8449.0,8370.0,-79.0,-8.683432231448883,-30.612244897959158,SPOT_INDEX,False,True,168980.0,168980.0,0.0
2023-08-07,supramax,2023,8370.0,8099.0,-271.0,-47.98322440110426,-30.612244897959158,WAIT,True,True,167400.0,164480.0,2920.0
2023-08-08,supramax,2023,8099.0,8135.0,36.0,-185.17428725584668,-30.612244897959158,WAIT,True,False,161980.0,165200.0,-3220.0
2023-08-09,supramax,2023,8135.0,8290.0,155.0,41.557143442303165,-30.612244897959158,SPOT_INDEX,False,True,162700.0,162700.0,0.0
2023-08-10,supramax,2023,8290.0,8472.0,182.0,122.88700994313143,-30.612244897959158,SPOT_INDEX,False,True,165800.0,165800.0,0.0
2023-08-11,supramax,2023,8472.0,8677.0,205.0,122.88700994313143,-30.612244897959158,SPOT_INDEX,False,True,169440.0,169440.0,0.0
2023-08-14,supramax,2023,8677.0,9312.0,635.0,122.88700994313143,-30.612244897959158,SPOT_INDEX,False,True,173540.0,173540.0,0.0
2023-08-16,supramax,2023,9312.0,9826.0,514.0,272.03527994874395,-30.612244897959158,SPOT_INDEX,False,True,186240.0,186240.0,0.0
2023-08-17,supramax,2023,9826.0,10218.0,392.0,347.6033207525668,-30.612244897959158,SPOT_INDEX,False,True,196520.0,196520.0,0.0
2023-08-18,supramax,2023,10218.0,10316.0,98.0,302.40987174102634,-30.612244897959158,SPOT_INDEX,False,True,204360.0,204360.0,0.0
2023-08-21,supramax,2023,10316.0,10380.0,64.0,72.29140084504249,-30.612244897959158,SPOT_INDEX,False,True,206320.0,206320.0,0.0
2023-08-22,supramax,2023,10380.0,10607.0,227.0,62.669143442226016,-30.612244897959158,SPOT_INDEX,False,True,207600.0,207600.0,0.0
2023-08-23,supramax,2023,10607.0,10611.0,4.0,146.24590640406564,-30.612244897959158,SPOT_INDEX,False,True,212140.0,212140.0,0.0
2023-08-24,supramax,2023,10611.0,10403.0,-208.0,8.058902962821387,-30.612244897959158,SPOT_INDEX,False,False,212220.0,212220.0,0.0
2023-08-25,supramax,2023,10403.0,10475.0,72.0,-76.39780372063522,-30.612244897959158,WAIT,True,False,208060.0,212000.0,-3940.0
2023-08-28,supramax,2023,10475.0,10448.0,-27.0,71.15039319618727,-30.612244897959158,SPOT_INDEX,False,False,209500.0,209500.0,0.0
2023-08-29,supramax,2023,10448.0,10593.0,145.0,-45.16970312354224,-30.612244897959158,WAIT,True,False,208960.0,214360.0,-5400.0
2023-08-30,supramax,2023,10593.0,10871.0,278.0,122.88700994313143,-30.612244897959158,SPOT_INDEX,False,True,211860.0,211860.0,0.0
2023-08-31,supramax,2023,10871.0,11030.0,159.0,127.7487354659247,-30.612244897959158,SPOT_INDEX,False,True,217420.0,217420.0,0.0
2023-09-01,supramax,2023,11030.0,11275.0,245.0,101.11483385853275,-30.612244897959158,SPOT_INDEX,False,True,220600.0,220600.0,0.0
2023-09-04,supramax,2023,11275.0,11536.0,261.0,108.96832355337752,-30.612244897959158,SPOT_INDEX,False,True,225500.0,225500.0,0.0
2023-09-05,supramax,2023,11536.0,11523.0,-13.0,104.07981449758601,-30.612244897959158,SPOT_INDEX,False,False,230720.0,230720.0,0.0
2023-09-06,supramax,2023,11523.0,11821.0,298.0,-40.31239267527295,-30.612244897959158,WAIT,True,False,230460.0,238920.0,-8460.0
2023-09-07,supramax,2023,11821.0,12030.0,209.0,117.5782709195589,-30.612244897959158,SPOT_INDEX,False,True,236420.0,236420.0,0.0
2023-09-08,supramax,2023,12030.0,12248.0,218.0,121.30178550115961,-30.612244897959158,SPOT_INDEX,False,True,240600.0,240600.0,0.0
2023-09-11,supramax,2023,12248.0,12270.0,22.0,120.19356904546343,-30.612244897959158,SPOT_INDEX,False,True,244960.0,244960.0,0.0
2023-09-12,supramax,2023,12270.0,12628.0,358.0,35.8181290312579,-30.612244897959158,SPOT_INDEX,False,True,245400.0,245400.0,0.0
2023-09-13,supramax,2023,12628.0,13114.0,486.0,159.26969769134837,-30.612244897959158,SPOT_INDEX,False,True,252560.0,252560.0,0.0
2023-09-14,supramax,2023,13114.0,13586.0,472.0,212.40953487209077,-30.612244897959158,SPOT_INDEX,False,True,262280.0,262280.0,0.0
2023-09-15,supramax,2023,13586.0,13744.0,158.0,334.5708574787453,-30.612244897959158,SPOT_INDEX,False,True,271720.0,271720.0,0.0
2023-09-18,supramax,2023,13744.0,14357.0,613.0,124.74353881007075,-30.612244897959158,SPOT_INDEX,False,True,274880.0,274880.0,0.0
2023-09-19,supramax,2023,14357.0,15066.0,709.0,321.32170061394237,-30.612244897959158,SPOT_INDEX,False,True,287140.0,287140.0,0.0
2023-09-20,supramax,2023,15066.0,15452.0,386.0,307.01161684991075,-30.612244897959158,SPOT_INDEX,False,True,301320.0,301320.0,0.0
2023-09-21,supramax,2023,15452.0,15562.0,110.0,317.9547441972973,-30.612244897959158,SPOT_INDEX,False,True,309040.0,309040.0,0.0
2023-09-22,supramax,2023,15562.0,15495.0,-67.0,75.52729052039919,-30.612244897959158,SPOT_INDEX,False,False,311240.0,311240.0,0.0
2023-09-25,supramax,2023,15495.0,15449.0,-46.0,-13.211606476549425,-30.612244897959158,SPOT_INDEX,False,True,309900.0,309900.0,0.0
2023-09-26,supramax,2023,15449.0,15206.0,-243.0,-14.58584519792136,-30.612244897959158,SPOT_INDEX,False,True,308980.0,308980.0,0.0
2023-09-27,supramax,2023,15206.0,13955.0,-1251.0,-152.81900047938103,-30.612244897959158,WAIT,True,True,304120.0,281600.0,22520.0
2023-10-04,supramax,2023,13955.0,13630.0,-325.0,-476.1002975692237,-30.612244897959158,WAIT,True,True,279100.0,275100.0,4000.0
2023-10-05,supramax,2023,13630.0,13535.0,-95.0,-248.64602688373026,-30.612244897959158,WAIT,True,True,272600.0,273200.0,-600.0
2023-10-06,supramax,2023,13535.0,14055.0,520.0,-46.12255119838292,-30.612244897959158,WAIT,True,False,270700.0,283600.0,-12900.0
2023-10-10,supramax,2023,14055.0,14318.0,263.0,262.25833261943495,-30.612244897959158,SPOT_INDEX,False,True,281100.0,281100.0,0.0
2023-10-11,supramax,2023,14318.0,14338.0,20.0,107.85374719029012,-30.612244897959158,SPOT_INDEX,False,True,286360.0,286360.0,0.0
2023-10-12,supramax,2023,14338.0,14220.0,-118.0,-8.72828282577381,-30.612244897959158,SPOT_INDEX,False,True,286760.0,286760.0,0.0
2023-10-13,supramax,2023,14220.0,14357.0,137.0,-80.4364585063097,-30.612244897959158,WAIT,True,False,284400.0,289640.0,-5240.0
2023-10-16,supramax,2023,14357.0,14359.0,2.0,107.16604816311124,-30.612244897959158,SPOT_INDEX,False,True,287140.0,287140.0,0.0
2023-10-17,supramax,2023,14359.0,14357.0,-2.0,14.751869826578442,-30.612244897959158,SPOT_INDEX,False,False,287180.0,287180.0,0.0
2023-10-18,supramax,2023,14357.0,14602.0,245.0,-2.390860885375586,-30.612244897959158,SPOT_INDEX,False,False,287140.0,287140.0,0.0
2023-10-19,supramax,2023,14602.0,14767.0,165.0,103.9517044156932,-30.612244897959158,SPOT_INDEX,False,True,292040.0,292040.0,0.0
2023-10-20,supramax,2023,14767.0,15069.0,302.0,90.63539811002069,-30.612244897959158,SPOT_INDEX,False,True,295340.0,295340.0,0.0
2023-10-23,supramax,2023,15069.0,15088.0,19.0,117.9468862876258,-30.612244897959158,SPOT_INDEX,False,True,301380.0,301380.0,0.0
2023-10-24,supramax,2023,15088.0,15021.0,-67.0,7.473949679833165,-30.612244897959158,SPOT_INDEX,False,False,301760.0,301760.0,0.0
2023-10-25,supramax,2023,15021.0,14613.0,-408.0,-51.083205643844884,-30.612244897959158,WAIT,True,True,300420.0,294760.0,5660.0
2023-10-26,supramax,2023,14613.0,14363.0,-250.0,-230.52074149100122,-30.612244897959158,WAIT,True,True,292260.0,289760.0,2500.0
2023-10-27,supramax,2023,14363.0,14063.0,-300.0,-196.3007740107101,-30.612244897959158,WAIT,True,True,287260.0,283760.0,3500.0
2023-10-30,supramax,2023,14063.0,13557.0,-506.0,-273.53218102391423,-30.612244897959158,WAIT,True,True,281260.0,273640.0,7620.0
2023-10-31,supramax,2023,13557.0,13292.0,-265.0,-256.70177890130344,-30.612244897959158,WAIT,True,True,271140.0,268340.0,2800.0
2023-11-02,supramax,2023,13292.0,13189.0,-103.0,-352.8641718334279,-30.612244897959158,WAIT,True,True,265840.0,266280.0,-440.0
2023-11-03,supramax,2023,13189.0,13036.0,-153.0,-89.89557700655979,-30.612244897959158,WAIT,True,True,263780.0,263220.0,560.0
2023-11-06,supramax,2023,13036.0,12942.0,-94.0,-83.32592914529641,-30.612244897959158,WAIT,True,True,260720.0,261340.0,-620.0
2023-11-07,supramax,2023,12942.0,12967.0,25.0,-61.844539123052016,-30.612244897959158,WAIT,True,False,258840.0,261840.0,-3000.0
2023-11-08,supramax,2023,12967.0,13076.0,109.0,-0.2662353897206746,-30.612244897959158,SPOT_INDEX,False,False,259340.0,259340.0,0.0
2023-11-09,supramax,2023,13076.0,13373.0,297.0,76.37117121660123,-30.612244897959158,SPOT_INDEX,False,True,261520.0,261520.0,0.0
2023-11-10,supramax,2023,13373.0,13426.0,53.0,114.32019484608844,-30.612244897959158,SPOT_INDEX,False,True,267460.0,267460.0,0.0
2023-11-13,supramax,2023,13426.0,13521.0,95.0,61.1760974465278,-30.612244897959158,SPOT_INDEX,False,True,268520.0,268520.0,0.0
2023-11-14,supramax,2023,13521.0,13486.0,-35.0,82.48125560782593,-30.612244897959158,SPOT_INDEX,False,False,270420.0,270420.0,0.0
2023-11-15,supramax,2023,13486.0,13550.0,64.0,-47.23191471840524,-30.612244897959158,WAIT,True,False,269720.0,273500.0,-3780.0
2023-11-16,supramax,2023,13550.0,13824.0,274.0,66.27192917392833,-30.612244897959158,SPOT_INDEX,False,True,271000.0,271000.0,0.0
2023-11-17,supramax,2023,13824.0,13989.0,165.0,135.72982241900328,-30.612244897959158,SPOT_INDEX,False,True,276480.0,276480.0,0.0
2023-11-20,supramax,2023,13989.0,14491.0,502.0,125.94723463740188,-30.612244897959158,SPOT_INDEX,False,True,279780.0,279780.0,0.0
2023-11-21,supramax,2023,14491.0,14835.0,344.0,235.1917945400686,-30.612244897959158,SPOT_INDEX,False,True,289820.0,289820.0,0.0
2023-11-22,supramax,2023,14835.0,15225.0,390.0,172.19933775148837,-30.612244897959158,SPOT_INDEX,False,True,296700.0,296700.0,0.0
2023-11-23,supramax,2023,15225.0,15581.0,356.0,219.3841857571978,-30.612244897959158,SPOT_INDEX,False,True,304500.0,304500.0,0.0
2023-11-24,supramax,2023,15581.0,15838.0,257.0,227.61490470291616,-30.612244897959158,SPOT_INDEX,False,True,311620.0,311620.0,0.0
2023-11-27,supramax,2023,15838.0,16206.0,368.0,134.09019295883795,-30.612244897959158,SPOT_INDEX,False,True,316760.0,316760.0,0.0
2023-11-28,supramax,2023,16206.0,16710.0,504.0,243.70626475900926,-30.612244897959158,SPOT_INDEX,False,True,324120.0,324120.0,0.0
2023-11-29,supramax,2023,16710.0,17744.0,1034.0,324.20948505955556,-30.612244897959158,SPOT_INDEX,False,True,334200.0,334200.0,0.0
2023-11-30,supramax,2023,17744.0,18453.0,709.0,429.08328663050486,-30.612244897959158,SPOT_INDEX,False,True,354880.0,354880.0,0.0
2023-12-01,supramax,2023,18453.0,19080.0,627.0,438.2274746809295,-30.612244897959158,SPOT_INDEX,False,True,369060.0,369060.0,0.0
2023-12-04,supramax,2023,19080.0,19660.0,580.0,475.02172847468364,-30.612244897959158,SPOT_INDEX,False,True,381600.0,381600.0,0.0
2023-12-05,supramax,2023,19660.0,19759.0,99.0,477.31132431325153,-30.612244897959158,SPOT_INDEX,False,True,393200.0,393200.0,0.0
2023-12-06,supramax,2023,19759.0,19527.0,-232.0,131.50690633174108,-30.612244897959158,SPOT_INDEX,False,False,395180.0,395180.0,0.0
2023-12-07,supramax,2023,19527.0,19417.0,-110.0,-188.30493469895893,-30.612244897959158,WAIT,True,True,390540.0,390840.0,-300.0
2023-12-08,supramax,2023,19417.0,19267.0,-150.0,-45.41490153302314,-30.612244897959158,WAIT,True,True,388340.0,387840.0,500.0
2023-12-11,supramax,2023,19267.0,18797.0,-470.0,-54.1631352300633,-30.612244897959158,WAIT,True,True,385340.0,378440.0,6900.0
2023-12-12,supramax,2023,18797.0,18528.0,-269.0,-239.09968353373716,-30.612244897959158,WAIT,True,True,375940.0,373060.0,2880.0
2023-12-13,supramax,2023,18528.0,18174.0,-354.0,-211.74758826959086,-30.612244897959158,WAIT,True,True,370560.0,365980.0,4580.0
2023-12-14,supramax,2023,18174.0,17977.0,-197.0,-290.17740285532363,-30.612244897959158,WAIT,True,True,363480.0,362040.0,1440.0
2023-12-15,supramax,2023,17977.0,17925.0,-52.0,-68.33038608738887,-30.612244897959158,WAIT,True,True,359540.0,361000.0,-1460.0
2023-12-18,supramax,2023,17925.0,17673.0,-252.0,-48.87169821834759,-30.612244897959158,WAIT,True,True,358500.0,355960.0,2540.0
2023-12-19,supramax,2023,17673.0,17610.0,-63.0,-176.12517497255922,-30.612244897959158,WAIT,True,True,353460.0,354700.0,-1240.0
2023-12-20,supramax,2023,17610.0,17371.0,-239.0,-65.72892566973047,-30.612244897959158,WAIT,True,True,352200.0,349920.0,2280.0
2023-12-21,supramax,2023,17371.0,17121.0,-250.0,-192.23337129652813,-30.612244897959158,WAIT,True,True,347420.0,344920.0,2500.0
2023-12-22,supramax,2023,17121.0,16859.0,-262.0,-217.08021227617127,-30.612244897959158,WAIT,True,True,342420.0,339680.0,2740.0
2023-01-03,handy,2023,8474.0,8382.0,-92.0,-395.6446560450849,-25.0,WAIT,True,True,169480.0,170140.0,-660.0
2023-01-04,handy,2023,8382.0,8169.0,-213.0,-117.34544620298584,-25.0,WAIT,True,True,167640.0,165880.0,1760.0
2023-01-05,handy,2023,8169.0,8156.0,-13.0,-115.50792354218946,-25.0,WAIT,True,True,163380.0,165620.0,-2240.0
2023-01-06,handy,2023,8156.0,8046.0,-110.0,-46.503970116119646,-25.0,WAIT,True,True,163120.0,163420.0,-300.0
2023-01-09,handy,2023,8046.0,7967.0,-79.0,-54.85278011087108,-25.0,WAIT,True,True,160920.0,161840.0,-920.0
2023-01-10,handy,2023,7967.0,7815.0,-152.0,-116.6502877530993,-25.0,WAIT,True,True,159340.0,158800.0,540.0
2023-01-11,handy,2023,7815.0,7511.0,-304.0,-76.96357560206997,-25.0,WAIT,True,True,156300.0,152720.0,3580.0
2023-01-12,handy,2023,7511.0,7322.0,-189.0,-139.40599381971654,-25.0,WAIT,True,True,150220.0,148940.0,1280.0
2023-01-13,handy,2023,7322.0,7186.0,-136.0,-110.06056591262185,-25.0,WAIT,True,True,146440.0,146220.0,220.0
2023-01-16,handy,2023,7186.0,7183.0,-3.0,-101.03339675045973,-25.0,WAIT,True,True,143720.0,146160.0,-2440.0
2023-01-17,handy,2023,7183.0,7158.0,-25.0,-27.750287544383163,-25.0,WAIT,True,True,143660.0,145660.0,-2000.0
2023-01-18,handy,2023,7158.0,7221.0,63.0,-12.456630775683712,-25.0,SPOT_INDEX,False,False,143160.0,143160.0,0.0
2023-01-19,handy,2023,7221.0,7227.0,6.0,27.540548928182716,-25.0,SPOT_INDEX,False,True,144420.0,144420.0,0.0
2023-01-20,handy,2023,7227.0,7201.0,-26.0,-13.539448708522166,-25.0,SPOT_INDEX,False,True,144540.0,144540.0,0.0
2023-01-25,handy,2023,7201.0,6994.0,-207.0,-35.64046945618307,-25.0,WAIT,True,True,144020.0,142380.0,1640.0
2023-01-26,handy,2023,6994.0,7248.0,254.0,23.986048765723478,-25.0,SPOT_INDEX,False,True,139880.0,139880.0,0.0
2023-01-27,handy,2023,7248.0,7392.0,144.0,36.60623155268029,-25.0,SPOT_INDEX,False,True,144960.0,144960.0,0.0
2023-01-30,handy,2023,7392.0,7429.0,37.0,65.00323518227712,-25.0,SPOT_INDEX,False,True,147840.0,147840.0,0.0
2023-01-31,handy,2023,7429.0,7443.0,14.0,51.68839420315242,-25.0,SPOT_INDEX,False,True,148580.0,148580.0,0.0
2023-02-01,handy,2023,7443.0,7494.0,51.0,43.114454318062315,-25.0,SPOT_INDEX,False,True,148860.0,148860.0,0.0
2023-02-02,handy,2023,7494.0,7448.0,-46.0,51.62954215548699,-25.0,SPOT_INDEX,False,False,149880.0,149880.0,0.0
2023-02-03,handy,2023,7448.0,7407.0,-41.0,-125.15158613490321,-25.0,WAIT,True,True,148960.0,150640.0,-1680.0
2023-02-06,handy,2023,7407.0,7380.0,-27.0,-120.04403104246978,-25.0,WAIT,True,True,148140.0,150100.0,-1960.0
2023-02-07,handy,2023,7380.0,7202.0,-178.0,-66.28706570082177,-25.0,WAIT,True,True,147600.0,146540.0,1060.0
2023-02-08,handy,2023,7202.0,7074.0,-128.0,-62.3865527559843,-25.0,WAIT,True,True,144040.0,143980.0,60.0
2023-02-09,handy,2023,7074.0,7053.0,-21.0,-51.8888600362944,-25.0,WAIT,True,True,141480.0,143560.0,-2080.0
2023-02-10,handy,2023,7053.0,6973.0,-80.0,-98.91588526849024,-25.0,WAIT,True,True,141060.0,141960.0,-900.0
2023-02-13,handy,2023,6973.0,6954.0,-19.0,-36.19255121252995,-25.0,WAIT,True,True,139460.0,141580.0,-2120.0
2023-02-14,handy,2023,6954.0,7042.0,88.0,-33.40466528230086,-25.0,WAIT,True,False,139080.0,143340.0,-4260.0
2023-02-15,handy,2023,7042.0,7133.0,91.0,31.865218497940187,-25.0,SPOT_INDEX,False,True,140840.0,140840.0,0.0
2023-02-16,handy,2023,7133.0,7269.0,136.0,61.603446342308054,-25.0,SPOT_INDEX,False,True,142660.0,142660.0,0.0
2023-02-17,handy,2023,7269.0,7461.0,192.0,117.35989877906985,-25.0,SPOT_INDEX,False,True,145380.0,145380.0,0.0
2023-02-20,handy,2023,7461.0,7751.0,290.0,80.12775654634137,-25.0,SPOT_INDEX,False,True,149220.0,149220.0,0.0
2023-02-21,handy,2023,7751.0,8082.0,331.0,248.39099110057498,-25.0,SPOT_INDEX,False,True,155020.0,155020.0,0.0
2023-02-22,handy,2023,8082.0,8373.0,291.0,268.5910365202982,-25.0,SPOT_INDEX,False,True,161640.0,161640.0,0.0
2023-02-23,handy,2023,8373.0,8709.0,336.0,325.40656531729934,-25.0,SPOT_INDEX,False,True,167460.0,167460.0,0.0
2023-02-24,handy,2023,8709.0,9136.0,427.0,401.75673014262816,-25.0,SPOT_INDEX,False,True,174180.0,174180.0,0.0
2023-02-27,handy,2023,9136.0,9455.0,319.0,414.438606703136,-25.0,SPOT_INDEX,False,True,182720.0,182720.0,0.0
2023-02-28,handy,2023,9455.0,10004.0,549.0,523.9809795474322,-25.0,SPOT_INDEX,False,True,189100.0,189100.0,0.0
2023-03-02,handy,2023,10004.0,10201.0,197.0,747.4958544408153,-25.0,SPOT_INDEX,False,True,200080.0,200080.0,0.0
2023-03-03,handy,2023,10201.0,9973.0,-228.0,256.62477199065415,-25.0,SPOT_INDEX,False,False,204020.0,204020.0,0.0
2023-03-06,handy,2023,9973.0,9737.0,-236.0,-127.62197384539427,-25.0,WAIT,True,True,199460.0,197240.0,2220.0
2023-03-07,handy,2023,9737.0,9790.0,53.0,-46.347344692923095,-25.0,WAIT,True,False,194740.0,198300.0,-3560.0
2023-03-08,handy,2023,9790.0,9991.0,201.0,20.374074165319293,-25.0,SPOT_INDEX,False,True,195800.0,195800.0,0.0
2023-03-09,handy,2023,9991.0,10237.0,246.0,212.7343786472233,-25.0,SPOT_INDEX,False,True,199820.0,199820.0,0.0
2023-03-10,handy,2023,10237.0,10541.0,304.0,243.75342216761862,-25.0,SPOT_INDEX,False,True,204740.0,204740.0,0.0
2023-03-13,handy,2023,10541.0,10739.0,198.0,191.8631131072,-25.0,SPOT_INDEX,False,True,210820.0,210820.0,0.0
2023-03-14,handy,2023,10739.0,11165.0,426.0,116.77652504990256,-25.0,SPOT_INDEX,False,True,214780.0,214780.0,0.0
2023-03-15,handy,2023,11165.0,11144.0,-21.0,207.12518302861622,-25.0,SPOT_INDEX,False,False,223300.0,223300.0,0.0
2023-03-16,handy,2023,11144.0,11074.0,-70.0,12.393370244726052,-25.0,SPOT_INDEX,False,False,222880.0,222880.0,0.0
2023-03-17,handy,2023,11074.0,10953.0,-121.0,-45.37521413882666,-25.0,WAIT,True,True,221480.0,221560.0,-80.0
2023-03-20,handy,2023,10953.0,10955.0,2.0,-60.06765206942087,-25.0,WAIT,True,False,219060.0,221600.0,-2540.0
2023-03-21,handy,2023,10955.0,10939.0,-16.0,-10.328795806050938,-25.0,SPOT_INDEX,False,True,219100.0,219100.0,0.0
2023-03-22,handy,2023,10939.0,11068.0,129.0,34.49302982107073,-25.0,SPOT_INDEX,False,True,218780.0,218780.0,0.0
2023-03-23,handy,2023,11068.0,11086.0,18.0,63.049125905179324,-25.0,SPOT_INDEX,False,True,221360.0,221360.0,0.0
2023-03-24,handy,2023,11086.0,10937.0,-149.0,48.87696392767961,-25.0,SPOT_INDEX,False,False,221720.0,221720.0,0.0
2023-03-27,handy,2023,10937.0,10764.0,-173.0,24.560255400661276,-25.0,SPOT_INDEX,False,False,218740.0,218740.0,0.0
2023-03-28,handy,2023,10764.0,10588.0,-176.0,-111.01293400021413,-25.0,WAIT,True,True,215280.0,214260.0,1020.0
2023-03-29,handy,2023,10588.0,10218.0,-370.0,-114.27394472502245,-25.0,WAIT,True,True,211760.0,206860.0,4900.0
2023-03-30,handy,2023,10218.0,10004.0,-214.0,-121.69524694531763,-25.0,WAIT,True,True,204360.0,202580.0,1780.0
2023-03-31,handy,2023,10004.0,9886.0,-118.0,-113.67210655797719,-25.0,WAIT,True,True,200080.0,200220.0,-140.0
2023-04-03,handy,2023,9886.0,9770.0,-116.0,-111.682106774715,-25.0,WAIT,True,True,197720.0,197900.0,-180.0
2023-04-04,handy,2023,9770.0,9546.0,-224.0,-40.996879016303616,-25.0,WAIT,True,True,195400.0,193420.0,1980.0
2023-04-05,handy,2023,9546.0,9488.0,-58.0,-61.84501030964734,-25.0,WAIT,True,True,190920.0,192260.0,-1340.0
2023-04-06,handy,2023,9488.0,9134.0,-354.0,-31.83504370985484,-25.0,WAIT,True,True,189760.0,185180.0,4580.0
2023-04-07,handy,2023,9134.0,9039.0,-95.0,-136.81348932608728,-25.0,WAIT,True,True,182680.0,183280.0,-600.0
2023-04-10,handy,2023,9039.0,8908.0,-131.0,-67.89938162780642,-25.0,WAIT,True,True,180780.0,180660.0,120.0
2023-04-11,handy,2023,8908.0,8768.0,-140.0,-123.40615822618079,-25.0,WAIT,True,True,178160.0,177860.0,300.0
2023-04-12,handy,2023,8768.0,8562.0,-206.0,-88.62058920657941,-25.0,WAIT,True,True,175360.0,173740.0,1620.0
2023-04-13,handy,2023,8562.0,8475.0,-87.0,-66.49465507659278,-25.0,WAIT,True,True,171240.0,172000.0,-760.0
2023-04-14,handy,2023,8475.0,8442.0,-33.0,-43.02663130145636,-25.0,WAIT,True,True,169500.0,171340.0,-1840.0
2023-04-17,handy,2023,8442.0,8453.0,11.0,-82.24836322097171,-25.0,WAIT,True,False,168840.0,171560.0,-2720.0
2023-04-18,handy,2023,8453.0,8772.0,319.0,35.58367226807024,-25.0,SPOT_INDEX,False,True,169060.0,169060.0,0.0
2023-04-19,handy,2023,8772.0,9104.0,332.0,243.33540577683064,-25.0,SPOT_INDEX,False,True,175440.0,175440.0,0.0
2023-04-20,handy,2023,9104.0,9348.0,244.0,222.35083577811838,-25.0,SPOT_INDEX,False,True,182080.0,182080.0,0.0
2023-04-21,handy,2023,9348.0,9616.0,268.0,150.26851570859372,-25.0,SPOT_INDEX,False,True,186960.0,186960.0,0.0
2023-04-24,handy,2023,9616.0,9649.0,33.0,157.04239669383847,-25.0,SPOT_INDEX,False,True,192320.0,192320.0,0.0
2023-04-25,handy,2023,9649.0,9550.0,-99.0,47.03133764741256,-25.0,SPOT_INDEX,False,False,192980.0,192980.0,0.0
2023-04-26,handy,2023,9550.0,9376.0,-174.0,-45.83829217330472,-25.0,WAIT,True,True,191000.0,190020.0,980.0
2023-04-27,handy,2023,9376.0,9244.0,-132.0,-96.40121041977284,-25.0,WAIT,True,True,187520.0,187380.0,140.0
2023-04-28,handy,2023,9244.0,9127.0,-117.0,-51.332425622492686,-25.0,WAIT,True,True,184880.0,185040.0,-160.0
2023-05-02,handy,2023,9127.0,9195.0,68.0,-59.48791254253676,-25.0,WAIT,True,False,182540.0,186400.0,-3860.0
2023-05-03,handy,2023,9195.0,9077.0,-118.0,-16.48098076940847,-25.0,SPOT_INDEX,False,True,183900.0,183900.0,0.0
2023-05-04,handy,2023,9077.0,8994.0,-83.0,-48.014168881035395,-25.0,WAIT,True,True,181540.0,182380.0,-840.0
2023-05-08,handy,2023,8994.0,9099.0,105.0,-45.85014672073054,-25.0,WAIT,True,False,179880.0,184480.0,-4600.0
2023-05-09,handy,2023,9099.0,9183.0,84.0,43.197837695344724,-25.0,SPOT_INDEX,False,True,181980.0,181980.0,0.0
2023-05-10,handy,2023,9183.0,9285.0,102.0,60.04427138590887,-25.0,SPOT_INDEX,False,True,183660.0,183660.0,0.0
2023-05-11,handy,2023,9285.0,9270.0,-15.0,7.699475198294916,-25.0,SPOT_INDEX,False,False,185700.0,185700.0,0.0
2023-05-12,handy,2023,9270.0,9253.0,-17.0,-32.91401944975659,-25.0,WAIT,True,True,185400.0,187560.0,-2160.0
2023-05-15,handy,2023,9253.0,9218.0,-35.0,-10.600783999446925,-25.0,SPOT_INDEX,False,True,185060.0,185060.0,0.0
2023-05-16,handy,2023,9218.0,9133.0,-85.0,-35.59160976216332,-25.0,WAIT,True,True,184360.0,185160.0,-800.0
2023-05-17,handy,2023,9133.0,9108.0,-25.0,-5.656586258637758,-25.0,SPOT_INDEX,False,True,182660.0,182660.0,0.0
2023-05-18,handy,2023,9108.0,9026.0,-82.0,-3.0916287606728394,-25.0,SPOT_INDEX,False,True,182160.0,182160.0,0.0
2023-05-19,handy,2023,9026.0,8933.0,-93.0,-17.841707095268593,-25.0,SPOT_INDEX,False,True,180520.0,180520.0,0.0
2023-05-22,handy,2023,8933.0,8895.0,-38.0,-37.05373834482783,-25.0,WAIT,True,True,178660.0,180400.0,-1740.0
2023-05-23,handy,2023,8895.0,8825.0,-70.0,-34.05776869265908,-25.0,WAIT,True,True,177900.0,179000.0,-1100.0
2023-05-24,handy,2023,8825.0,8557.0,-268.0,-44.927997669279605,-25.0,WAIT,True,True,176500.0,173640.0,2860.0
2023-05-25,handy,2023,8557.0,8408.0,-149.0,-123.38998067332336,-25.0,WAIT,True,True,171140.0,170660.0,480.0
2023-05-26,handy,2023,8408.0,8270.0,-138.0,-112.48148812154005,-25.0,WAIT,True,True,168160.0,167900.0,260.0
2023-05-30,handy,2023,8270.0,8121.0,-149.0,-139.26338666036656,-25.0,WAIT,True,True,165400.0,164920.0,480.0
2023-05-31,handy,2023,8121.0,8018.0,-103.0,-108.29793229483,-25.0,WAIT,True,True,162420.0,162860.0,-440.0
2023-06-01,handy,2023,8018.0,7891.0,-127.0,-110.46740387190944,-25.0,WAIT,True,True,160360.0,160320.0,40.0
2023-06-02,handy,2023,7891.0,7883.0,-8.0,-59.32756897431577,-25.0,WAIT,True,True,157820.0,160160.0,-2340.0
2023-06-05,handy,2023,7883.0,7561.0,-322.0,-139.73536745701404,-25.0,WAIT,True,True,157660.0,153720.0,3940.0
2023-06-07,handy,2023,7561.0,7425.0,-136.0,-132.57314076952082,-25.0,WAIT,True,True,151220.0,151000.0,220.0
2023-06-08,handy,2023,7425.0,7349.0,-76.0,-77.32700702798087,-25.0,WAIT,True,True,148500.0,149480.0,-980.0
2023-06-09,handy,2023,7349.0,7345.0,-4.0,-46.76882250265202,-25.0,WAIT,True,True,146980.0,149400.0,-2420.0
2023-06-12,handy,2023,7345.0,7335.0,-10.0,-28.129096298464766,-25.0,WAIT,True,True,146900.0,149200.0,-2300.0
2023-06-13,handy,2023,7335.0,7294.0,-41.0,25.19169355104068,-25.0,SPOT_INDEX,False,False,146700.0,146700.0,0.0
2023-06-14,handy,2023,7294.0,7388.0,94.0,36.58748413038103,-25.0,SPOT_INDEX,False,True,145880.0,145880.0,0.0
2023-06-15,handy,2023,7388.0,7406.0,18.0,71.25038913092594,-25.0,SPOT_INDEX,False,True,147760.0,147760.0,0.0
2023-06-16,handy,2023,7406.0,7365.0,-41.0,-10.5417359632452,-25.0,SPOT_INDEX,False,True,148120.0,148120.0,0.0
2023-06-19,handy,2023,7365.0,7404.0,39.0,-31.922388646612408,-25.0,WAIT,True,False,147300.0,150580.0,-3280.0
2023-06-20,handy,2023,7404.0,7397.0,-7.0,-8.740639792977777,-25.0,SPOT_INDEX,False,True,148080.0,148080.0,0.0
2023-06-21,handy,2023,7397.0,7499.0,102.0,-66.36912527261411,-25.0,WAIT,True,False,147940.0,152480.0,-4540.0
2023-06-22,handy,2023,7499.0,7438.0,-61.0,-2.9667804656508605,-25.0,SPOT_INDEX,False,True,149980.0,149980.0,0.0
2023-06-23,handy,2023,7438.0,7381.0,-57.0,-49.15782807698348,-25.0,WAIT,True,True,148760.0,150120.0,-1360.0
2023-06-26,handy,2023,7381.0,7382.0,1.0,-33.065413438296545,-25.0,WAIT,True,False,147620.0,150140.0,-2520.0
2023-06-27,handy,2023,7382.0,7282.0,-100.0,-14.983014440854092,-25.0,SPOT_INDEX,False,True,147640.0,147640.0,0.0
2023-06-28,handy,2023,7282.0,7230.0,-52.0,-38.453333694857385,-25.0,WAIT,True,True,145640.0,147100.0,-1460.0
2023-06-29,handy,2023,7230.0,7160.0,-70.0,-0.8562055798617543,-25.0,SPOT_INDEX,False,True,144600.0,144600.0,0.0
2023-06-30,handy,2023,7160.0,7216.0,56.0,-23.65649857521726,-25.0,SPOT_INDEX,False,False,143200.0,143200.0,0.0
2023-07-03,handy,2023,7216.0,7210.0,-6.0,0.20766555338310266,-25.0,SPOT_INDEX,False,False,144320.0,144320.0,0.0
2023-07-04,handy,2023,7210.0,7086.0,-124.0,-40.374777675184006,-25.0,WAIT,True,True,144200.0,144220.0,-20.0
2023-07-05,handy,2023,7086.0,6900.0,-186.0,-50.72607336699321,-25.0,WAIT,True,True,141720.0,140500.0,1220.0
2023-07-06,handy,2023,6900.0,6867.0,-33.0,-53.785057148661735,-25.0,WAIT,True,True,138000.0,139840.0,-1840.0
2023-07-07,handy,2023,6867.0,6745.0,-122.0,-33.44958388905368,-25.0,WAIT,True,True,137340.0,137400.0,-60.0
2023-07-10,handy,2023,6745.0,6732.0,-13.0,-3.498212275669883,-25.0,SPOT_INDEX,False,True,134900.0,134900.0,0.0
2023-07-11,handy,2023,6732.0,6715.0,-17.0,-32.15942757746141,-25.0,WAIT,True,True,134640.0,136800.0,-2160.0
2023-07-12,handy,2023,6715.0,6748.0,33.0,14.63679459044572,-25.0,SPOT_INDEX,False,True,134300.0,134300.0,0.0
2023-07-13,handy,2023,6748.0,6804.0,56.0,52.646706512855836,-25.0,SPOT_INDEX,False,True,134960.0,134960.0,0.0
2023-07-14,handy,2023,6804.0,6799.0,-5.0,53.01147304345715,-25.0,SPOT_INDEX,False,False,136080.0,136080.0,0.0
2023-07-17,handy,2023,6799.0,6771.0,-28.0,-28.366234909283484,-25.0,WAIT,True,True,135980.0,137920.0,-1940.0
2023-07-18,handy,2023,6771.0,6858.0,87.0,21.720133616445526,-25.0,SPOT_INDEX,False,True,135420.0,135420.0,0.0
2023-07-19,handy,2023,6858.0,6880.0,22.0,60.04427138590887,-25.0,SPOT_INDEX,False,True,137160.0,137160.0,0.0
2023-07-20,handy,2023,6880.0,6903.0,23.0,47.848885822812925,-25.0,SPOT_INDEX,False,True,137600.0,137600.0,0.0
2023-07-21,handy,2023,6903.0,6954.0,51.0,45.01240140013289,-25.0,SPOT_INDEX,False,True,138060.0,138060.0,0.0
2023-07-24,handy,2023,6954.0,6966.0,12.0,-8.962027837092766,-25.0,SPOT_INDEX,False,False,139080.0,139080.0,0.0
2023-07-25,handy,2023,6966.0,6976.0,10.0,-13.724623654620652,-25.0,SPOT_INDEX,False,False,139320.0,139320.0,0.0
2023-07-26,handy,2023,6976.0,6998.0,22.0,-22.500645027609536,-25.0,SPOT_INDEX,False,False,139520.0,139520.0,0.0
2023-07-27,handy,2023,6998.0,6830.0,-168.0,-31.237105002846846,-25.0,WAIT,True,True,139960.0,139100.0,860.0
2023-07-28,handy,2023,6830.0,6789.0,-41.0,-116.39552051896618,-25.0,WAIT,True,True,136600.0,138280.0,-1680.0
2023-07-31,handy,2023,6789.0,6813.0,24.0,-56.68261747412109,-25.0,WAIT,True,False,135780.0,138760.0,-2980.0
2023-08-01,handy,2023,6813.0,6802.0,-11.0,-20.399131232990264,-25.0,SPOT_INDEX,False,True,136260.0,136260.0,0.0
2023-08-02,handy,2023,6802.0,6730.0,-72.0,-31.187357033439266,-25.0,WAIT,True,True,136040.0,137100.0,-1060.0
2023-08-03,handy,2023,6730.0,6681.0,-49.0,-40.58506435698557,-25.0,WAIT,True,True,134600.0,136120.0,-1520.0
2023-08-04,handy,2023,6681.0,6672.0,-9.0,-23.65649857521726,-25.0,SPOT_INDEX,False,True,133620.0,133620.0,0.0
2023-08-07,handy,2023,6672.0,6580.0,-92.0,-31.187357033439266,-25.0,WAIT,True,True,133440.0,134100.0,-660.0
2023-08-08,handy,2023,6580.0,6565.0,-15.0,-132.5424406682934,-25.0,WAIT,True,True,131600.0,133800.0,-2200.0
2023-08-09,handy,2023,6565.0,6732.0,167.0,8.318071158420615,-25.0,SPOT_INDEX,False,True,131300.0,131300.0,0.0
2023-08-10,handy,2023,6732.0,6879.0,147.0,76.5567828916521,-25.0,SPOT_INDEX,False,True,134640.0,134640.0,0.0
2023-08-11,handy,2023,6879.0,7001.0,122.0,67.23222269400942,-25.0,SPOT_INDEX,False,True,137580.0,137580.0,0.0
2023-08-14,handy,2023,7001.0,7281.0,280.0,64.47290664551203,-25.0,SPOT_INDEX,False,True,140020.0,140020.0,0.0
2023-08-16,handy,2023,7281.0,7628.0,347.0,209.07037567731874,-25.0,SPOT_INDEX,False,True,145620.0,145620.0,0.0
2023-08-17,handy,2023,7628.0,7837.0,209.0,264.15119529435,-25.0,SPOT_INDEX,False,True,152560.0,152560.0,0.0
2023-08-18,handy,2023,7837.0,7899.0,62.0,167.38693662008848,-25.0,SPOT_INDEX,False,True,156740.0,156740.0,0.0
2023-08-21,handy,2023,7899.0,7920.0,21.0,64.68847851051875,-25.0,SPOT_INDEX,False,True,157980.0,157980.0,0.0
2023-08-22,handy,2023,7920.0,8105.0,185.0,51.02852355900892,-25.0,SPOT_INDEX,False,True,158400.0,158400.0,0.0
2023-08-23,handy,2023,8105.0,8079.0,-26.0,96.91850077187954,-25.0,SPOT_INDEX,False,False,162100.0,162100.0,0.0
2023-08-24,handy,2023,8079.0,8024.0,-55.0,-5.832055572442411,-25.0,SPOT_INDEX,False,True,161580.0,161580.0,0.0
2023-08-25,handy,2023,8024.0,8101.0,77.0,-69.53830500758076,-25.0,WAIT,True,False,160480.0,164520.0,-4040.0
2023-08-28,handy,2023,8101.0,8035.0,-66.0,58.46779887315958,-25.0,SPOT_INDEX,False,False,162020.0,162020.0,0.0
2023-08-29,handy,2023,8035.0,8150.0,115.0,-34.139696895473996,-25.0,WAIT,True,False,160700.0,165500.0,-4800.0
2023-08-30,handy,2023,8150.0,8361.0,211.0,64.47290664551203,-25.0,SPOT_INDEX,False,True,163000.0,163000.0,0.0
2023-08-31,handy,2023,8361.0,8425.0,64.0,91.09584596211185,-25.0,SPOT_INDEX,False,True,167220.0,167220.0,0.0
2023-09-01,handy,2023,8425.0,8510.0,85.0,53.995333242454144,-25.0,SPOT_INDEX,False,True,168500.0,168500.0,0.0
2023-09-04,handy,2023,8510.0,8564.0,54.0,60.75598340273508,-25.0,SPOT_INDEX,False,True,170200.0,170200.0,0.0
2023-09-05,handy,2023,8564.0,8560.0,-4.0,56.34055710941536,-25.0,SPOT_INDEX,False,False,171280.0,171280.0,0.0
2023-09-06,handy,2023,8560.0,8731.0,171.0,-27.5534858336145,-25.0,WAIT,True,False,171200.0,177120.0,-5920.0
2023-09-07,handy,2023,8731.0,8880.0,149.0,74.86522508322747,-25.0,SPOT_INDEX,False,True,174620.0,174620.0,0.0
2023-09-08,handy,2023,8880.0,8978.0,98.0,70.75314022068585,-25.0,SPOT_INDEX,False,True,177600.0,177600.0,0.0
2023-09-11,handy,2023,8978.0,9024.0,46.0,64.2416468680856,-25.0,SPOT_INDEX,False,True,179560.0,179560.0,0.0
2023-09-12,handy,2023,9024.0,9110.0,86.0,26.68778606543925,-25.0,SPOT_INDEX,False,True,180480.0,180480.0,0.0
2023-09-13,handy,2023,9110.0,9237.0,127.0,146.39530466652997,-25.0,SPOT_INDEX,False,True,182200.0,182200.0,0.0
2023-09-14,handy,2023,9237.0,9659.0,422.0,103.72503054549117,-25.0,SPOT_INDEX,False,True,184740.0,184740.0,0.0
2023-09-15,handy,2023,9659.0,9829.0,170.0,262.63423527249853,-25.0,SPOT_INDEX,False,True,193180.0,193180.0,0.0
2023-09-18,handy,2023,9829.0,10105.0,276.0,78.17933657232787,-25.0,SPOT_INDEX,False,True,196580.0,196580.0,0.0
2023-09-19,handy,2023,10105.0,10370.0,265.0,247.21385851362564,-25.0,SPOT_INDEX,False,True,202100.0,202100.0,0.0
2023-09-20,handy,2023,10370.0,10684.0,314.0,249.83511789026866,-25.0,SPOT_INDEX,False,True,207400.0,207400.0,0.0
2023-09-21,handy,2023,10684.0,10614.0,-70.0,254.79584673449372,-25.0,SPOT_INDEX,False,False,213680.0,213680.0,0.0
2023-09-22,handy,2023,10614.0,10647.0,33.0,43.56533284794107,-25.0,SPOT_INDEX,False,True,212280.0,212280.0,0.0
2023-09-25,handy,2023,10647.0,10676.0,29.0,-4.246689442669315,-25.0,SPOT_INDEX,False,False,212940.0,212940.0,0.0
2023-09-26,handy,2023,10676.0,10706.0,30.0,-6.345855325601446,-25.0,SPOT_INDEX,False,False,213520.0,213520.0,0.0
2023-09-27,handy,2023,10706.0,10282.0,-424.0,-50.612267323638555,-25.0,WAIT,True,True,214120.0,208140.0,5980.0
2023-10-04,handy,2023,10282.0,10048.0,-234.0,-378.68360784331657,-25.0,WAIT,True,True,205640.0,203460.0,2180.0
2023-10-05,handy,2023,10048.0,10072.0,24.0,-129.72825291835298,-25.0,WAIT,True,False,200960.0,203940.0,-2980.0
2023-10-06,handy,2023,10072.0,10461.0,389.0,-18.024480961866026,-25.0,SPOT_INDEX,False,False,201440.0,201440.0,0.0
2023-10-10,handy,2023,10461.0,10344.0,-117.0,206.49130138015937,-25.0,SPOT_INDEX,False,False,209220.0,209220.0,0.0
2023-10-11,handy,2023,10344.0,10228.0,-116.0,30.85015406102965,-25.0,SPOT_INDEX,False,False,206880.0,206880.0,0.0
2023-10-12,handy,2023,10228.0,10112.0,-116.0,-7.560919438027864,-25.0,SPOT_INDEX,False,True,204560.0,204560.0,0.0
2023-10-13,handy,2023,10112.0,10201.0,89.0,-47.376172483134006,-25.0,WAIT,True,False,202240.0,206520.0,-4280.0
2023-10-16,handy,2023,10201.0,10221.0,20.0,60.04427138590887,-25.0,SPOT_INDEX,False,True,204020.0,204020.0,0.0
2023-10-17,handy,2023,10221.0,10140.0,-81.0,10.0476628060776,-25.0,SPOT_INDEX,False,False,204420.0,204420.0,0.0
2023-10-18,handy,2023,10140.0,10226.0,86.0,-11.898172011036543,-25.0,SPOT_INDEX,False,False,202800.0,202800.0,0.0
2023-10-19,handy,2023,10226.0,10187.0,-39.0,60.04427138590887,-25.0,SPOT_INDEX,False,False,204520.0,204520.0,0.0
2023-10-20,handy,2023,10187.0,10222.0,35.0,27.846320719832644,-25.0,SPOT_INDEX,False,True,203740.0,203740.0,0.0
2023-10-23,handy,2023,10222.0,10189.0,-33.0,55.71584117239555,-25.0,SPOT_INDEX,False,False,204440.0,204440.0,0.0
2023-10-24,handy,2023,10189.0,10102.0,-87.0,-3.0918267372102495,-25.0,SPOT_INDEX,False,True,203780.0,203780.0,0.0
2023-10-25,handy,2023,10102.0,9813.0,-289.0,-38.0691744487719,-25.0,WAIT,True,True,202040.0,198760.0,3280.0
2023-10-26,handy,2023,9813.0,9605.0,-208.0,-138.77054478102323,-25.0,WAIT,True,True,196260.0,194600.0,1660.0
2023-10-27,handy,2023,9605.0,9407.0,-198.0,-116.15457343690638,-25.0,WAIT,True,True,192100.0,190640.0,1460.0
2023-10-30,handy,2023,9407.0,9313.0,-94.0,-125.19866051674293,-25.0,WAIT,True,True,188140.0,188760.0,-620.0
2023-10-31,handy,2023,9313.0,8860.0,-453.0,-141.19680382307567,-25.0,WAIT,True,True,186260.0,179700.0,6560.0
2023-11-02,handy,2023,8860.0,8737.0,-123.0,-326.94492704814587,-25.0,WAIT,True,True,177200.0,177240.0,-40.0
2023-11-03,handy,2023,8737.0,8624.0,-113.0,-50.1202346289024,-25.0,WAIT,True,True,174740.0,174980.0,-240.0
2023-11-06,handy,2023,8624.0,8585.0,-39.0,-55.41985937493969,-25.0,WAIT,True,True,172480.0,174200.0,-1720.0
2023-11-07,handy,2023,8585.0,8501.0,-84.0,-42.03807428006607,-25.0,WAIT,True,True,171700.0,172520.0,-820.0
2023-11-08,handy,2023,8501.0,8418.0,-83.0,-1.7147404705872626,-25.0,SPOT_INDEX,False,True,170020.0,170020.0,0.0
2023-11-09,handy,2023,8418.0,8297.0,-121.0,31.757577948736788,-25.0,SPOT_INDEX,False,False,168360.0,168360.0,0.0
2023-11-10,handy,2023,8297.0,8276.0,-21.0,43.522416925164215,-25.0,SPOT_INDEX,False,False,165940.0,165940.0,0.0
2023-11-13,handy,2023,8276.0,8296.0,20.0,28.46223594634081,-25.0,SPOT_INDEX,False,True,165520.0,165520.0,0.0
2023-11-14,handy,2023,8296.0,8111.0,-185.0,49.30114935830856,-25.0,SPOT_INDEX,False,False,165920.0,165920.0,0.0
2023-11-15,handy,2023,8111.0,8021.0,-90.0,-40.08963007224317,-25.0,WAIT,True,True,162220.0,162920.0,-700.0
2023-11-16,handy,2023,8021.0,8128.0,107.0,24.41595523035685,-25.0,SPOT_INDEX,False,True,160420.0,160420.0,0.0
2023-11-17,handy,2023,8128.0,8205.0,77.0,67.54854114428836,-25.0,SPOT_INDEX,False,True,162560.0,162560.0,0.0
2023-11-20,handy,2023,8205.0,8359.0,154.0,63.313318254688774,-25.0,SPOT_INDEX,False,True,164100.0,164100.0,0.0
2023-11-21,handy,2023,8359.0,8548.0,189.0,130.45737591374248,-25.0,SPOT_INDEX,False,True,167180.0,167180.0,0.0
2023-11-22,handy,2023,8548.0,8658.0,110.0,92.9518318383065,-25.0,SPOT_INDEX,False,True,170960.0,170960.0,0.0
2023-11-23,handy,2023,8658.0,8907.0,249.0,120.1761624280425,-25.0,SPOT_INDEX,False,True,173160.0,173160.0,0.0
2023-11-24,handy,2023,8907.0,9004.0,97.0,173.7999515926139,-25.0,SPOT_INDEX,False,True,178140.0,178140.0,0.0
2023-11-27,handy,2023,9004.0,9230.0,226.0,68.0080343096176,-25.0,SPOT_INDEX,False,True,180080.0,180080.0,0.0
2023-11-28,handy,2023,9230.0,9376.0,146.0,133.10064478363975,-25.0,SPOT_INDEX,False,True,184600.0,184600.0,0.0
2023-11-29,handy,2023,9376.0,9633.0,257.0,151.19211108739688,-25.0,SPOT_INDEX,False,True,187520.0,187520.0,0.0
2023-11-30,handy,2023,9633.0,9899.0,266.0,293.1425838398953,-25.0,SPOT_INDEX,False,True,192660.0,192660.0,0.0
2023-12-01,handy,2023,9899.0,10227.0,328.0,354.0031731952071,-25.0,SPOT_INDEX,False,True,197980.0,197980.0,0.0
2023-12-04,handy,2023,10227.0,10554.0,327.0,423.86246648136284,-25.0,SPOT_INDEX,False,True,204540.0,204540.0,0.0
2023-12-05,handy,2023,10554.0,10633.0,79.0,387.5131476890562,-25.0,SPOT_INDEX,False,True,211080.0,211080.0,0.0
2023-12-06,handy,2023,10633.0,10580.0,-53.0,171.37359726704236,-25.0,SPOT_INDEX,False,False,212660.0,212660.0,0.0
2023-12-07,handy,2023,10580.0,10576.0,-4.0,-99.91506329044552,-25.0,WAIT,True,True,211600.0,214020.0,-2420.0
2023-12-08,handy,2023,10576.0,10510.0,-66.0,-44.97933278915887,-25.0,WAIT,True,True,211520.0,212700.0,-1180.0
2023-12-11,handy,2023,10510.0,10567.0,57.0,-56.09711950050788,-25.0,WAIT,True,False,210200.0,213840.0,-3640.0
2023-12-12,handy,2023,10567.0,10630.0,63.0,-99.48221575823494,-25.0,WAIT,True,False,211340.0,215100.0,-3760.0
2023-12-13,handy,2023,10630.0,10494.0,-136.0,-91.81379764624599,-25.0,WAIT,True,True,212600.0,212380.0,220.0
2023-12-14,handy,2023,10494.0,10515.0,21.0,-124.50882348701244,-25.0,WAIT,True,False,209880.0,212800.0,-2920.0
2023-12-15,handy,2023,10515.0,10580.0,65.0,-41.04301950697501,-25.0,WAIT,True,False,210300.0,214100.0,-3800.0
2023-12-18,handy,2023,10580.0,10586.0,6.0,-13.374463244585193,-25.0,SPOT_INDEX,False,False,211600.0,211600.0,0.0
2023-12-19,handy,2023,10586.0,10497.0,-89.0,-101.9744798392921,-25.0,WAIT,True,True,211720.0,212440.0,-720.0
2023-12-20,handy,2023,10497.0,10494.0,-3.0,-41.10250647827723,-25.0,WAIT,True,True,209940.0,212380.0,-2440.0
2023-12-21,handy,2023,10494.0,10503.0,9.0,-101.36616771828331,-25.0,WAIT,True,False,209880.0,212560.0,-2680.0
2023-12-22,handy,2023,10503.0,10277.0,-226.0,-101.58433770393717,-25.0,WAIT,True,True,210060.0,208040.0,2020.0
2023-01-03,cape,2023,15511.0,13863.0,-1648.0,-1551.5101037622267,-114.79591836734693,WAIT,True,True,310220.0,279760.0,30460.0
2023-01-04,cape,2023,13863.0,13009.0,-854.0,-1347.8932712203584,-114.79591836734693,WAIT,True,True,277260.0,262680.0,14580.0
2023-01-05,cape,2023,13009.0,12525.0,-484.0,-341.24796302582814,-114.79591836734693,WAIT,True,True,260180.0,253000.0,7180.0
2023-01-06,cape,2023,12525.0,12730.0,205.0,-149.74953120913452,-114.79591836734693,WAIT,True,False,250500.0,257100.0,-6600.0
2023-01-09,cape,2023,12730.0,13401.0,671.0,158.91726952238847,-114.79591836734693,SPOT_INDEX,False,True,254600.0,254600.0,0.0
2023-01-10,cape,2023,13401.0,12329.0,-1072.0,512.1563098683141,-114.79591836734693,SPOT_INDEX,False,False,268020.0,268020.0,0.0
2023-01-11,cape,2023,12329.0,12057.0,-272.0,-709.3558690302161,-114.79591836734693,WAIT,True,True,246580.0,243640.0,2940.0
2023-01-12,cape,2023,12057.0,11941.0,-116.0,-249.5673988090801,-114.79591836734693,WAIT,True,True,241140.0,241320.0,-180.0
2023-01-13,cape,2023,11941.0,12075.0,134.0,-146.23826214580293,-114.79591836734693,WAIT,True,False,238820.0,244000.0,-5180.0
2023-01-16,cape,2023,12075.0,12493.0,418.0,159.93667873562387,-114.79591836734693,SPOT_INDEX,False,True,241500.0,241500.0,0.0
2023-01-17,cape,2023,12493.0,11853.0,-640.0,366.90766160526147,-114.79591836734693,SPOT_INDEX,False,False,249860.0,249860.0,0.0
2023-01-18,cape,2023,11853.0,10487.0,-1366.0,-377.71425482037404,-114.79591836734693,WAIT,True,True,237060.0,212240.0,24820.0
2023-01-19,cape,2023,10487.0,8987.0,-1500.0,-909.4505739975259,-114.79591836734693,WAIT,True,True,209740.0,182240.0,27500.0
2023-01-20,cape,2023,8987.0,7258.0,-1729.0,-807.8235776009428,-114.79591836734693,WAIT,True,True,179740.0,147660.0,32080.0
2023-01-25,cape,2023,7258.0,6609.0,-649.0,-848.9503228719244,-114.79591836734693,WAIT,True,True,145160.0,134680.0,10480.0
2023-01-26,cape,2023,6609.0,6309.0,-300.0,-352.78129760704155,-114.79591836734693,WAIT,True,True,132180.0,128680.0,3500.0
2023-01-27,cape,2023,6309.0,6412.0,103.0,-248.1724047795326,-114.79591836734693,WAIT,True,False,126180.0,130740.0,-4560.0
2023-01-30,cape,2023,6412.0,6126.0,-286.0,167.2401774111171,-114.79591836734693,SPOT_INDEX,False,False,128240.0,128240.0,0.0
2023-01-31,cape,2023,6126.0,6085.0,-41.0,-236.88447877368853,-114.79591836734693,WAIT,True,True,122520.0,124200.0,-1680.0
2023-02-01,cape,2023,6085.0,5824.0,-261.0,-14.349190422887354,-114.79591836734693,SPOT_INDEX,False,True,121700.0,121700.0,0.0
2023-02-02,cape,2023,5824.0,5634.0,-190.0,-200.60386744604236,-114.79591836734693,WAIT,True,True,116480.0,115180.0,1300.0
2023-02-03,cape,2023,5634.0,5723.0,89.0,-256.6195303187475,-114.79591836734693,WAIT,True,False,112680.0,116960.0,-4280.0
2023-02-06,cape,2023,5723.0,5534.0,-189.0,-37.879449713722295,-114.79591836734693,SPOT_INDEX,False,True,114460.0,114460.0,0.0
2023-02-07,cape,2023,5534.0,5647.0,113.0,-214.48779412567563,-114.79591836734693,WAIT,True,False,110680.0,115440.0,-4760.0
2023-02-08,cape,2023,5647.0,5808.0,161.0,177.6252132042372,-114.79591836734693,SPOT_INDEX,False,True,112940.0,112940.0,0.0
2023-02-09,cape,2023,5808.0,5734.0,-74.0,170.4362729722569,-114.79591836734693,SPOT_INDEX,False,False,116160.0,116160.0,0.0
2023-02-10,cape,2023,5734.0,6133.0,399.0,-152.59732213814584,-114.79591836734693,WAIT,True,False,114680.0,125160.0,-10480.0
2023-02-13,cape,2023,6133.0,6348.0,215.0,349.6174851453826,-114.79591836734693,SPOT_INDEX,False,True,122660.0,122660.0,0.0
2023-02-14,cape,2023,6348.0,5394.0,-954.0,218.06280942530688,-114.79591836734693,SPOT_INDEX,False,False,126960.0,126960.0,0.0
2023-02-15,cape,2023,5394.0,4760.0,-634.0,-349.46280305455514,-114.79591836734693,WAIT,True,True,107880.0,97700.0,10180.0
2023-02-16,cape,2023,4760.0,4467.0,-293.0,-297.03630774980934,-114.79591836734693,WAIT,True,True,95200.0,91840.0,3360.0
2023-02-17,cape,2023,4467.0,4389.0,-78.0,-255.8280342026773,-114.79591836734693,WAIT,True,True,89340.0,90280.0,-940.0
2023-02-20,cape,2023,4389.0,4615.0,226.0,-121.11058671060528,-114.79591836734693,WAIT,True,False,87780.0,94800.0,-7020.0
2023-02-21,cape,2023,4615.0,4926.0,311.0,345.9159333837316,-114.79591836734693,SPOT_INDEX,False,True,92300.0,92300.0,0.0
2023-02-22,cape,2023,4926.0,5483.0,557.0,392.09873219524985,-114.79591836734693,SPOT_INDEX,False,True,98520.0,98520.0,0.0
2023-02-23,cape,2023,5483.0,7240.0,1757.0,619.7622990117812,-114.79591836734693,SPOT_INDEX,False,True,109660.0,109660.0,0.0
2023-02-24,cape,2023,7240.0,7672.0,432.0,853.9180470938849,-114.79591836734693,SPOT_INDEX,False,True,144800.0,144800.0,0.0
2023-02-27,cape,2023,7672.0,8293.0,621.0,551.3584929253188,-114.79591836734693,SPOT_INDEX,False,True,153440.0,153440.0,0.0
2023-02-28,cape,2023,8293.0,10415.0,2122.0,685.4253840860614,-114.79591836734693,SPOT_INDEX,False,True,165860.0,165860.0,0.0
2023-03-02,cape,2023,10415.0,11621.0,1206.0,911.7759948069813,-114.79591836734693,SPOT_INDEX,False,True,208300.0,208300.0,0.0
2023-03-03,cape,2023,11621.0,12809.0,1188.0,787.9134012876738,-114.79591836734693,SPOT_INDEX,False,True,232420.0,232420.0,0.0
2023-03-06,cape,2023,12809.0,13188.0,379.0,647.9163424548506,-114.79591836734693,SPOT_INDEX,False,True,256180.0,256180.0,0.0
2023-03-07,cape,2023,13188.0,14494.0,1306.0,905.1628969156852,-114.79591836734693,SPOT_INDEX,False,True,263760.0,263760.0,0.0
2023-03-08,cape,2023,14494.0,15055.0,561.0,921.2306352426853,-114.79591836734693,SPOT_INDEX,False,True,289880.0,289880.0,0.0
2023-03-09,cape,2023,15055.0,15709.0,654.0,959.8929196608813,-114.79591836734693,SPOT_INDEX,False,True,301100.0,301100.0,0.0
2023-03-10,cape,2023,15709.0,16211.0,502.0,879.0376489533751,-114.79591836734693,SPOT_INDEX,False,True,314180.0,314180.0,0.0
2023-03-13,cape,2023,16211.0,17629.0,1418.0,712.2446361614334,-114.79591836734693,SPOT_INDEX,False,True,324220.0,324220.0,0.0
2023-03-14,cape,2023,17629.0,20154.0,2525.0,861.5153304767877,-114.79591836734693,SPOT_INDEX,False,True,352580.0,352580.0,0.0
2023-03-15,cape,2023,20154.0,19498.0,-656.0,960.5102325316101,-114.79591836734693,SPOT_INDEX,False,False,403080.0,403080.0,0.0
2023-03-16,cape,2023,19498.0,18443.0,-1055.0,-377.2212113150168,-114.79591836734693,WAIT,True,True,389960.0,371360.0,18600.0
2023-03-17,cape,2023,18443.0,18464.0,21.0,-749.4755364467412,-114.79591836734693,WAIT,True,False,368860.0,371780.0,-2920.0
2023-03-20,cape,2023,18464.0,18702.0,238.0,-6.638143526184466,-114.79591836734693,SPOT_INDEX,False,False,369280.0,369280.0,0.0
2023-03-21,cape,2023,18702.0,17557.0,-1145.0,266.2014186640403,-114.79591836734693,SPOT_INDEX,False,False,374040.0,374040.0,0.0
2023-03-22,cape,2023,17557.0,17519.0,-38.0,-808.6439390447325,-114.79591836734693,WAIT,True,True,351140.0,352880.0,-1740.0
2023-03-23,cape,2023,17519.0,18479.0,960.0,17.408754868614352,-114.79591836734693,SPOT_INDEX,False,True,350380.0,350380.0,0.0
2023-03-24,cape,2023,18479.0,17755.0,-724.0,605.178169006442,-114.79591836734693,SPOT_INDEX,False,False,369580.0,369580.0,0.0
2023-03-27,cape,2023,17755.0,16523.0,-1232.0,-367.02602290170233,-114.79591836734693,WAIT,True,True,355100.0,332960.0,22140.0
2023-03-28,cape,2023,16523.0,15808.0,-715.0,-735.4937602123692,-114.79591836734693,WAIT,True,True,330460.0,318660.0,11800.0
2023-03-29,cape,2023,15808.0,16041.0,233.0,-385.46483293155745,-114.79591836734693,WAIT,True,False,316160.0,323320.0,-7160.0
2023-03-30,cape,2023,16041.0,16071.0,30.0,90.08934435308451,-114.79591836734693,SPOT_INDEX,False,True,320820.0,320820.0,0.0
2023-03-31,cape,2023,16071.0,16564.0,493.0,-93.83605223489513,-114.79591836734693,SPOT_INDEX,False,False,321420.0,321420.0,0.0
2023-04-03,cape,2023,16564.0,17508.0,944.0,470.0505845573339,-114.79591836734693,SPOT_INDEX,False,True,331280.0,331280.0,0.0
2023-04-04,cape,2023,17508.0,18699.0,1191.0,590.9847517708839,-114.79591836734693,SPOT_INDEX,False,True,350160.0,350160.0,0.0
2023-04-05,cape,2023,18699.0,19053.0,354.0,747.3923991724638,-114.79591836734693,SPOT_INDEX,False,True,373980.0,373980.0,0.0
2023-04-06,cape,2023,19053.0,18700.0,-353.0,296.5753002750567,-114.79591836734693,SPOT_INDEX,False,False,381060.0,381060.0,0.0
2023-04-07,cape,2023,18700.0,18910.0,210.0,-357.41644708943807,-114.79591836734693,WAIT,True,False,374000.0,380700.0,-6700.0
2023-04-10,cape,2023,18910.0,18331.0,-579.0,183.26847238394168,-114.79591836734693,SPOT_INDEX,False,False,378200.0,378200.0,0.0
2023-04-11,cape,2023,18331.0,17541.0,-790.0,-340.9545019807969,-114.79591836734693,WAIT,True,True,366620.0,353320.0,13300.0
2023-04-12,cape,2023,17541.0,17613.0,72.0,-354.001600270329,-114.79591836734693,WAIT,True,False,350820.0,354760.0,-3940.0
2023-04-13,cape,2023,17613.0,17348.0,-265.0,49.4488351834158,-114.79591836734693,SPOT_INDEX,False,False,352260.0,352260.0,0.0
2023-04-14,cape,2023,17348.0,17304.0,-44.0,-226.80517536280914,-114.79591836734693,WAIT,True,True,346960.0,348580.0,-1620.0
2023-04-17,cape,2023,17304.0,16858.0,-446.0,22.498894544415045,-114.79591836734693,SPOT_INDEX,False,False,346080.0,346080.0,0.0
2023-04-18,cape,2023,16858.0,16208.0,-650.0,-319.19055299661636,-114.79591836734693,WAIT,True,True,337160.0,326660.0,10500.0
2023-04-19,cape,2023,16208.0,16009.0,-199.0,-279.32820364944524,-114.79591836734693,WAIT,True,True,324160.0,322680.0,1480.0
2023-04-20,cape,2023,16009.0,17719.0,1710.0,-173.701708726342,-114.79591836734693,WAIT,True,False,320180.0,356880.0,-36700.0
2023-04-21,cape,2023,17719.0,18378.0,659.0,836.3351347936278,-114.79591836734693,SPOT_INDEX,False,True,354380.0,354380.0,0.0
2023-04-24,cape,2023,18378.0,18124.0,-254.0,621.982101385951,-114.79591836734693,SPOT_INDEX,False,False,367560.0,367560.0,0.0
2023-04-25,cape,2023,18124.0,18226.0,102.0,-212.63274608534394,-114.79591836734693,WAIT,True,False,362480.0,367020.0,-4540.0
2023-04-26,cape,2023,18226.0,19623.0,1397.0,99.90984197284473,-114.79591836734693,SPOT_INDEX,False,True,364520.0,364520.0,0.0
2023-04-27,cape,2023,19623.0,21101.0,1478.0,779.9291498149992,-114.79591836734693,SPOT_INDEX,False,True,392460.0,392460.0,0.0
2023-04-28,cape,2023,21101.0,21263.0,162.0,746.3224382780951,-114.79591836734693,SPOT_INDEX,False,True,422020.0,422020.0,0.0
2023-05-02,cape,2023,21263.0,20509.0,-754.0,130.47876876565013,-114.79591836734693,SPOT_INDEX,False,False,425260.0,425260.0,0.0
2023-05-03,cape,2023,20509.0,20446.0,-63.0,-367.7330396272336,-114.79591836734693,WAIT,True,True,410180.0,411420.0,-1240.0
2023-05-04,cape,2023,20446.0,21615.0,1169.0,-76.6332502344614,-114.79591836734693,SPOT_INDEX,False,False,408920.0,408920.0,0.0
2023-05-08,cape,2023,21615.0,21904.0,289.0,565.8783417224199,-114.79591836734693,SPOT_INDEX,False,True,432300.0,432300.0,0.0
2023-05-09,cape,2023,21904.0,23092.0,1188.0,234.67794398104027,-114.79591836734693,SPOT_INDEX,False,True,438080.0,438080.0,0.0
2023-05-10,cape,2023,23092.0,23321.0,229.0,684.2670552229938,-114.79591836734693,SPOT_INDEX,False,True,461840.0,461840.0,0.0
2023-05-11,cape,2023,23321.0,22278.0,-1043.0,234.72965049961414,-114.79591836734693,SPOT_INDEX,False,False,466420.0,466420.0,0.0
2023-05-12,cape,2023,22278.0,21502.0,-776.0,-614.9079839213703,-114.79591836734693,WAIT,True,True,445560.0,432540.0,13020.0
2023-05-15,cape,2023,21502.0,21122.0,-380.0,-361.73015779942546,-114.79591836734693,WAIT,True,True,430040.0,424940.0,5100.0
2023-05-16,cape,2023,21122.0,20449.0,-673.0,-114.96459921415013,-114.79591836734693,WAIT,True,True,422440.0,411480.0,10960.0
2023-05-17,cape,2023,20449.0,20194.0,-255.0,-340.6532296421267,-114.79591836734693,WAIT,True,True,408980.0,406380.0,2600.0
2023-05-18,cape,2023,20194.0,19992.0,-202.0,-241.99703842319167,-114.79591836734693,WAIT,True,True,403880.0,402340.0,1540.0
2023-05-19,cape,2023,19992.0,19374.0,-618.0,-234.9003383220713,-114.79591836734693,WAIT,True,True,399840.0,389980.0,9860.0
2023-05-22,cape,2023,19374.0,19043.0,-331.0,-347.0263592726997,-114.79591836734693,WAIT,True,True,387480.0,383360.0,4120.0
2023-05-23,cape,2023,19043.0,18919.0,-124.0,-302.81575031420084,-114.79591836734693,WAIT,True,True,380860.0,380880.0,-20.0
2023-05-24,cape,2023,18919.0,17997.0,-922.0,-122.60367303121602,-114.79591836734693,WAIT,True,True,378380.0,362440.0,15940.0
2023-05-25,cape,2023,17997.0,17033.0,-964.0,-369.8184069557931,-114.79591836734693,WAIT,True,True,359940.0,343160.0,16780.0
2023-05-26,cape,2023,17033.0,15620.0,-1413.0,-383.36218284989786,-114.79591836734693,WAIT,True,True,340660.0,314900.0,25760.0
2023-05-30,cape,2023,15620.0,14073.0,-1547.0,-843.091319110097,-114.79591836734693,WAIT,True,True,312400.0,283960.0,28440.0
2023-05-31,cape,2023,14073.0,12839.0,-1234.0,-826.3770451826215,-114.79591836734693,WAIT,True,True,281460.0,259280.0,22180.0
2023-06-01,cape,2023,12839.0,12613.0,-226.0,-639.7753916425132,-114.79591836734693,WAIT,True,True,256780.0,254760.0,2020.0
2023-06-02,cape,2023,12613.0,13054.0,441.0,-224.81256782463103,-114.79591836734693,WAIT,True,False,252260.0,263580.0,-11320.0
2023-06-05,cape,2023,13054.0,15815.0,2761.0,439.97815526511675,-114.79591836734693,SPOT_INDEX,False,True,261080.0,261080.0,0.0
2023-06-07,cape,2023,15815.0,16144.0,329.0,1002.5815226843031,-114.79591836734693,SPOT_INDEX,False,True,316300.0,316300.0,0.0
2023-06-08,cape,2023,16144.0,16516.0,372.0,275.73971681337093,-114.79591836734693,SPOT_INDEX,False,True,322880.0,322880.0,0.0
2023-06-09,cape,2023,16516.0,16139.0,-377.0,326.75936502937276,-114.79591836734693,SPOT_INDEX,False,False,330320.0,330320.0,0.0
2023-06-12,cape,2023,16139.0,16405.0,266.0,-289.6869601184511,-114.79591836734693,WAIT,True,False,322780.0,330600.0,-7820.0
2023-06-13,cape,2023,16405.0,16290.0,-115.0,249.41473919073877,-114.79591836734693,SPOT_INDEX,False,False,328100.0,328100.0,0.0
2023-06-14,cape,2023,16290.0,16579.0,289.0,-62.64106341812818,-114.79591836734693,SPOT_INDEX,False,False,325800.0,325800.0,0.0
2023-06-15,cape,2023,16579.0,16402.0,-177.0,253.34555465434494,-114.79591836734693,SPOT_INDEX,False,False,331580.0,331580.0,0.0
2023-06-16,cape,2023,16402.0,15564.0,-838.0,-141.9328258946444,-114.79591836734693,WAIT,True,True,328040.0,313780.0,14260.0
2023-06-19,cape,2023,15564.0,15306.0,-258.0,-352.3274561288898,-114.79591836734693,WAIT,True,True,311280.0,308620.0,2660.0
2023-06-20,cape,2023,15306.0,15742.0,436.0,-222.59927554627538,-114.79591836734693,WAIT,True,False,306120.0,317340.0,-11220.0
2023-06-21,cape,2023,15742.0,17105.0,1363.0,418.1584322599041,-114.79591836734693,SPOT_INDEX,False,True,314840.0,314840.0,0.0
2023-06-22,cape,2023,17105.0,18822.0,1717.0,699.3085670955021,-114.79591836734693,SPOT_INDEX,False,True,342100.0,342100.0,0.0
2023-06-23,cape,2023,18822.0,19650.0,828.0,727.8453108708142,-114.79591836734693,SPOT_INDEX,False,True,376440.0,376440.0,0.0
2023-06-26,cape,2023,19650.0,19464.0,-186.0,529.4287041690807,-114.79591836734693,SPOT_INDEX,False,False,393000.0,393000.0,0.0
2023-06-27,cape,2023,19464.0,17876.0,-1588.0,-47.25115294479744,-114.79591836734693,SPOT_INDEX,False,True,389280.0,389280.0,0.0
2023-06-28,cape,2023,17876.0,17623.0,-253.0,-876.4709998284181,-114.79591836734693,WAIT,True,True,357520.0,354960.0,2560.0
2023-06-29,cape,2023,17623.0,17336.0,-287.0,-231.00412501053776,-114.79591836734693,WAIT,True,True,352460.0,349220.0,3240.0
2023-06-30,cape,2023,17336.0,16727.0,-609.0,-302.2050613269956,-114.79591836734693,WAIT,True,True,346720.0,337040.0,9680.0
2023-07-03,cape,2023,16727.0,16026.0,-701.0,-337.6236576021641,-114.79591836734693,WAIT,True,True,334540.0,323020.0,11520.0
2023-07-04,cape,2023,16026.0,15669.0,-357.0,-346.793121481526,-114.79591836734693,WAIT,True,True,320520.0,315880.0,4640.0
2023-07-05,cape,2023,15669.0,15051.0,-618.0,-317.3485065293581,-114.79591836734693,WAIT,True,True,313380.0,303520.0,9860.0
2023-07-06,cape,2023,15051.0,15209.0,158.0,-348.2343954409672,-114.79591836734693,WAIT,True,False,301020.0,306680.0,-5660.0
2023-07-07,cape,2023,15209.0,15361.0,152.0,172.99133439569061,-114.79591836734693,SPOT_INDEX,False,True,304180.0,304180.0,0.0
2023-07-10,cape,2023,15361.0,15635.0,274.0,174.05869978030597,-114.79591836734693,SPOT_INDEX,False,True,307220.0,307220.0,0.0
2023-07-11,cape,2023,15635.0,15599.0,-36.0,249.01640543968523,-114.79591836734693,SPOT_INDEX,False,False,312700.0,312700.0,0.0
2023-07-12,cape,2023,15599.0,16057.0,458.0,29.422469310883,-114.79591836734693,SPOT_INDEX,False,True,311980.0,311980.0,0.0
2023-07-13,cape,2023,16057.0,16219.0,162.0,521.4070658468058,-114.79591836734693,SPOT_INDEX,False,True,321140.0,321140.0,0.0
2023-07-14,cape,2023,16219.0,15873.0,-346.0,189.78230770017655,-114.79591836734693,SPOT_INDEX,False,False,324380.0,324380.0,0.0
2023-07-17,cape,2023,15873.0,15303.0,-570.0,-301.99888202047254,-114.79591836734693,WAIT,True,True,317460.0,308560.0,8900.0
2023-07-18,cape,2023,15303.0,14860.0,-443.0,-334.5597817250377,-114.79591836734693,WAIT,True,True,306060.0,299700.0,6360.0
2023-07-19,cape,2023,14860.0,14161.0,-699.0,-308.34978978854906,-114.79591836734693,WAIT,True,True,297200.0,285720.0,11480.0
2023-07-20,cape,2023,14161.0,14288.0,127.0,-346.44130445347,-114.79591836734693,WAIT,True,False,283220.0,288260.0,-5040.0
2023-07-21,cape,2023,14288.0,14485.0,197.0,176.13750922315492,-114.79591836734693,SPOT_INDEX,False,True,285760.0,285760.0,0.0
2023-07-24,cape,2023,14485.0,14216.0,-269.0,181.91645437094186,-114.79591836734693,SPOT_INDEX,False,False,289700.0,289700.0,0.0
2023-07-25,cape,2023,14216.0,14488.0,272.0,-233.62138384300667,-114.79591836734693,WAIT,True,False,284320.0,292260.0,-7940.0
2023-07-26,cape,2023,14488.0,16056.0,1568.0,246.76887824144535,-114.79591836734693,SPOT_INDEX,False,True,289760.0,289760.0,0.0
2023-07-27,cape,2023,16056.0,15919.0,-137.0,790.3327972432095,-114.79591836734693,SPOT_INDEX,False,False,321120.0,321120.0,0.0
2023-07-28,cape,2023,15919.0,16601.0,682.0,-201.57754009008383,-114.79591836734693,WAIT,True,False,318380.0,334520.0,-16140.0
2023-07-31,cape,2023,16601.0,17309.0,708.0,519.5963444717192,-114.79591836734693,SPOT_INDEX,False,True,332020.0,332020.0,0.0
2023-08-01,cape,2023,17309.0,17501.0,192.0,519.8805169072133,-114.79591836734693,SPOT_INDEX,False,True,346180.0,346180.0,0.0
2023-08-02,cape,2023,17501.0,17096.0,-405.0,221.95042562141398,-114.79591836734693,SPOT_INDEX,False,False,350020.0,350020.0,0.0
2023-08-03,cape,2023,17096.0,17318.0,222.0,-286.1644375357782,-114.79591836734693,WAIT,True,False,341920.0,348860.0,-6940.0
2023-08-04,cape,2023,17318.0,17403.0,85.0,218.90180232158863,-114.79591836734693,SPOT_INDEX,False,True,346360.0,346360.0,0.0
2023-08-07,cape,2023,17403.0,17393.0,-10.0,118.70028102799903,-114.79591836734693,SPOT_INDEX,False,False,348060.0,348060.0,0.0
2023-08-08,cape,2023,17393.0,16638.0,-755.0,41.94151763769527,-114.79591836734693,SPOT_INDEX,False,False,347860.0,347860.0,0.0
2023-08-09,cape,2023,16638.0,16495.0,-143.0,-335.67347051083493,-114.79591836734693,WAIT,True,True,332760.0,332400.0,360.0
2023-08-10,cape,2023,16495.0,15651.0,-844.0,-90.13369586462845,-114.79591836734693,SPOT_INDEX,False,True,329900.0,329900.0,0.0
2023-08-11,cape,2023,15651.0,14959.0,-692.0,-337.10915270378655,-114.79591836734693,WAIT,True,True,313020.0,301680.0,11340.0
2023-08-14,cape,2023,14959.0,15684.0,725.0,-309.83706857753015,-114.79591836734693,WAIT,True,False,299180.0,316180.0,-17000.0
2023-08-16,cape,2023,15684.0,16793.0,1109.0,701.8590565930832,-114.79591836734693,SPOT_INDEX,False,True,313680.0,313680.0,0.0
2023-08-17,cape,2023,16793.0,15709.0,-1084.0,804.1754481280213,-114.79591836734693,SPOT_INDEX,False,False,335860.0,335860.0,0.0
2023-08-18,cape,2023,15709.0,15178.0,-531.0,-1457.1516405573304,-114.79591836734693,WAIT,True,True,314180.0,306060.0,8120.0
2023-08-21,cape,2023,15178.0,14731.0,-447.0,-329.45344412176274,-114.79591836734693,WAIT,True,True,303560.0,297120.0,6440.0
2023-08-22,cape,2023,14731.0,14242.0,-489.0,-328.5866305717443,-114.79591836734693,WAIT,True,True,294620.0,287340.0,7280.0
2023-08-23,cape,2023,14242.0,13426.0,-816.0,-281.51858217963576,-114.79591836734693,WAIT,True,True,284840.0,271020.0,13820.0
2023-08-24,cape,2023,13426.0,12414.0,-1012.0,-360.16919303718385,-114.79591836734693,WAIT,True,True,268520.0,250780.0,17740.0
2023-08-25,cape,2023,12414.0,12033.0,-381.0,-372.43522157973973,-114.79591836734693,WAIT,True,True,248280.0,243160.0,5120.0
2023-08-28,cape,2023,12033.0,12418.0,385.0,-286.30805266875427,-114.79591836734693,WAIT,True,False,240660.0,250860.0,-10200.0
2023-08-29,cape,2023,12418.0,12275.0,-143.0,319.48469245570084,-114.79591836734693,SPOT_INDEX,False,False,248360.0,248360.0,0.0
2023-08-30,cape,2023,12275.0,11759.0,-516.0,-135.4146094321977,-114.79591836734693,WAIT,True,True,245500.0,237680.0,7820.0
2023-08-31,cape,2023,11759.0,11863.0,104.0,-272.14196530440074,-114.79591836734693,WAIT,True,False,235180.0,239760.0,-4580.0
2023-09-01,cape,2023,11863.0,11750.0,-113.0,143.9623340931932,-114.79591836734693,SPOT_INDEX,False,False,237260.0,237260.0,0.0
2023-09-04,cape,2023,11750.0,11994.0,244.0,-102.1248090664874,-114.79591836734693,SPOT_INDEX,False,False,235000.0,235000.0,0.0
2023-09-05,cape,2023,11994.0,11792.0,-202.0,254.73955318024426,-114.79591836734693,SPOT_INDEX,False,False,239880.0,239880.0,0.0
2023-09-06,cape,2023,11792.0,11870.0,78.0,-180.46716169112696,-114.79591836734693,WAIT,True,False,235840.0,239900.0,-4060.0
2023-09-07,cape,2023,11870.0,13318.0,1448.0,111.32785079218725,-114.79591836734693,SPOT_INDEX,False,True,237400.0,237400.0,0.0
2023-09-08,cape,2023,13318.0,14036.0,718.0,785.7280919386857,-114.79591836734693,SPOT_INDEX,False,True,266360.0,266360.0,0.0
2023-09-11,cape,2023,14036.0,14310.0,274.0,585.1567491983081,-114.79591836734693,SPOT_INDEX,False,True,280720.0,280720.0,0.0
2023-09-12,cape,2023,14310.0,14232.0,-78.0,279.1002281898282,-114.79591836734693,SPOT_INDEX,False,False,286200.0,286200.0,0.0
2023-09-13,cape,2023,14232.0,14951.0,719.0,-19.47270394970536,-114.79591836734693,SPOT_INDEX,False,False,284640.0,284640.0,0.0
2023-09-14,cape,2023,14951.0,15706.0,755.0,623.8244558615937,-114.79591836734693,SPOT_INDEX,False,True,299020.0,299020.0,0.0
2023-09-15,cape,2023,15706.0,16583.0,877.0,698.4857684835979,-114.79591836734693,SPOT_INDEX,False,True,314120.0,314120.0,0.0
2023-09-18,cape,2023,16583.0,18540.0,1957.0,666.987069884804,-114.79591836734693,SPOT_INDEX,False,True,331660.0,331660.0,0.0
2023-09-19,cape,2023,18540.0,19344.0,804.0,841.7138540855925,-114.79591836734693,SPOT_INDEX,False,True,370800.0,370800.0,0.0
2023-09-20,cape,2023,19344.0,19582.0,238.0,647.5717054707773,-114.79591836734693,SPOT_INDEX,False,True,386880.0,386880.0,0.0
2023-09-21,cape,2023,19582.0,18808.0,-774.0,282.3848060609052,-114.79591836734693,SPOT_INDEX,False,False,391640.0,391640.0,0.0
2023-09-22,cape,2023,18808.0,20071.0,1263.0,-353.98128765793837,-114.79591836734693,WAIT,True,False,376160.0,403920.0,-27760.0
2023-09-25,cape,2023,20071.0,21386.0,1315.0,706.895586069846,-114.79591836734693,SPOT_INDEX,False,True,401420.0,401420.0,0.0
2023-09-26,cape,2023,21386.0,22872.0,1486.0,699.6883591315325,-114.79591836734693,SPOT_INDEX,False,True,427720.0,427720.0,0.0
2023-09-27,cape,2023,22872.0,25046.0,2174.0,699.6883591315325,-114.79591836734693,SPOT_INDEX,False,True,457440.0,457440.0,0.0
2023-10-04,cape,2023,25046.0,24608.0,-438.0,845.8530825830599,-114.79591836734693,SPOT_INDEX,False,False,500920.0,500920.0,0.0
2023-10-05,cape,2023,24608.0,26153.0,1545.0,-400.8637309640997,-114.79591836734693,WAIT,True,False,492160.0,525560.0,-33400.0
2023-10-06,cape,2023,26153.0,29447.0,3294.0,756.1546520849935,-114.79591836734693,SPOT_INDEX,False,True,523060.0,523060.0,0.0
2023-10-10,cape,2023,29447.0,28983.0,-464.0,827.7093970213489,-114.79591836734693,SPOT_INDEX,False,False,588940.0,588940.0,0.0
2023-10-11,cape,2023,28983.0,27391.0,-1592.0,-223.77648083921684,-114.79591836734693,WAIT,True,True,579660.0,550320.0,29340.0
2023-10-12,cape,2023,27391.0,27183.0,-208.0,-1360.1802508495248,-114.79591836734693,WAIT,True,True,547820.0,546160.0,1660.0
2023-10-13,cape,2023,27183.0,27374.0,191.0,-332.0335551571681,-114.79591836734693,WAIT,True,False,543660.0,549980.0,-6320.0
2023-10-16,cape,2023,27374.0,28048.0,674.0,25.684560650554232,-114.79591836734693,SPOT_INDEX,False,True,547480.0,547480.0,0.0
2023-10-17,cape,2023,28048.0,29773.0,1725.0,404.6405835374575,-114.79591836734693,SPOT_INDEX,False,True,560960.0,560960.0,0.0
2023-10-18,cape,2023,29773.0,29970.0,197.0,749.2008273946818,-114.79591836734693,SPOT_INDEX,False,True,595460.0,595460.0,0.0
2023-10-19,cape,2023,29970.0,29061.0,-909.0,-21.17166042421305,-114.79591836734693,SPOT_INDEX,False,True,599400.0,599400.0,0.0
2023-10-20,cape,2023,29061.0,28562.0,-499.0,-596.2703824399963,-114.79591836734693,WAIT,True,True,581220.0,573740.0,7480.0
2023-10-23,cape,2023,28562.0,27899.0,-663.0,-610.8878136057031,-114.79591836734693,WAIT,True,True,571240.0,560480.0,10760.0
2023-10-24,cape,2023,27899.0,26150.0,-1749.0,-646.3556710212074,-114.79591836734693,WAIT,True,True,557980.0,525500.0,32480.0
2023-10-25,cape,2023,26150.0,23125.0,-3025.0,-1479.103422354439,-114.79591836734693,WAIT,True,True,523000.0,465000.0,58000.0
2023-10-26,cape,2023,23125.0,20831.0,-2294.0,-1278.2957369905494,-114.79591836734693,WAIT,True,True,462500.0,419120.0,43380.0
2023-10-27,cape,2023,20831.0,17934.0,-2897.0,-1079.7766262400305,-114.79591836734693,WAIT,True,True,416620.0,361180.0,55440.0
2023-10-30,cape,2023,17934.0,17419.0,-515.0,-1057.7789789696146,-114.79591836734693,WAIT,True,True,358680.0,350880.0,7800.0
2023-10-31,cape,2023,17419.0,16132.0,-1287.0,-314.5762584349663,-114.79591836734693,WAIT,True,True,348380.0,325140.0,23240.0
2023-11-02,cape,2023,16132.0,16266.0,134.0,-818.378843012429,-114.79591836734693,WAIT,True,False,322640.0,327820.0,-5180.0
2023-11-03,cape,2023,16266.0,18397.0,2131.0,-19.154059929264893,-114.79591836734693,SPOT_INDEX,False,False,325320.0,325320.0,0.0
2023-11-06,cape,2023,18397.0,20253.0,1856.0,1153.4307920017193,-114.79591836734693,SPOT_INDEX,False,True,367940.0,367940.0,0.0
2023-11-07,cape,2023,20253.0,20069.0,-184.0,1129.4424906112079,-114.79591836734693,SPOT_INDEX,False,False,405060.0,405060.0,0.0
2023-11-08,cape,2023,20069.0,19898.0,-171.0,-126.80341032079386,-114.79591836734693,WAIT,True,True,401380.0,400460.0,920.0
2023-11-09,cape,2023,19898.0,21803.0,1905.0,33.63354521583219,-114.79591836734693,SPOT_INDEX,False,True,397960.0,397960.0,0.0
2023-11-10,cape,2023,21803.0,22301.0,498.0,1060.7263956908578,-114.79591836734693,SPOT_INDEX,False,True,436060.0,436060.0,0.0
2023-11-13,cape,2023,22301.0,22300.0,-1.0,673.4419810599953,-114.79591836734693,SPOT_INDEX,False,False,446020.0,446020.0,0.0
2023-11-14,cape,2023,22300.0,22594.0,294.0,60.869399420832096,-114.79591836734693,SPOT_INDEX,False,True,446000.0,446000.0,0.0
2023-11-15,cape,2023,22594.0,23088.0,494.0,403.48891023094023,-114.79591836734693,SPOT_INDEX,False,True,451880.0,451880.0,0.0
2023-11-16,cape,2023,23088.0,23210.0,122.0,562.48117609366,-114.79591836734693,SPOT_INDEX,False,True,461760.0,461760.0,0.0
2023-11-17,cape,2023,23210.0,23151.0,-59.0,266.75913960897304,-114.79591836734693,SPOT_INDEX,False,False,464200.0,464200.0,0.0
2023-11-20,cape,2023,23151.0,22425.0,-726.0,-47.53093140022711,-114.79591836734693,SPOT_INDEX,False,True,463020.0,463020.0,0.0
2023-11-21,cape,2023,22425.0,21037.0,-1388.0,-512.0261678620827,-114.79591836734693,WAIT,True,True,448500.0,423240.0,25260.0
2023-11-22,cape,2023,21037.0,20619.0,-418.0,-986.4355740056351,-114.79591836734693,WAIT,True,True,420740.0,414880.0,5860.0
2023-11-23,cape,2023,20619.0,23589.0,2970.0,-359.19077486221147,-114.79591836734693,WAIT,True,False,412380.0,474280.0,-61900.0
2023-11-24,cape,2023,23589.0,29406.0,5817.0,901.8505842342098,-114.79591836734693,SPOT_INDEX,False,True,471780.0,471780.0,0.0
2023-11-27,cape,2023,29406.0,31907.0,2501.0,894.2433688140165,-114.79591836734693,SPOT_INDEX,False,True,588120.0,588120.0,0.0
2023-11-28,cape,2023,31907.0,35550.0,3643.0,954.9402033491264,-114.79591836734693,SPOT_INDEX,False,True,638140.0,638140.0,0.0
2023-11-29,cape,2023,35550.0,41294.0,5744.0,879.1919447341743,-114.79591836734693,SPOT_INDEX,False,True,711000.0,711000.0,0.0
2023-11-30,cape,2023,41294.0,45506.0,4212.0,676.0229168201092,-114.79591836734693,SPOT_INDEX,False,True,825880.0,825880.0,0.0
2023-12-01,cape,2023,45506.0,49175.0,3669.0,1023.6685961564821,-114.79591836734693,SPOT_INDEX,False,True,910120.0,910120.0,0.0
2023-12-04,cape,2023,49175.0,48550.0,-625.0,972.5752098902605,-114.79591836734693,SPOT_INDEX,False,False,983500.0,983500.0,0.0
2023-12-05,cape,2023,48550.0,44419.0,-4131.0,-437.5123564673719,-114.79591836734693,WAIT,True,True,971000.0,890880.0,80120.0
2023-12-06,cape,2023,44419.0,37512.0,-6907.0,-1907.9067717623,-114.79591836734693,WAIT,True,True,888380.0,752740.0,135640.0
2023-12-07,cape,2023,37512.0,33606.0,-3906.0,-2105.53147339506,-114.79591836734693,WAIT,True,True,750240.0,674620.0,75620.0
2023-12-08,cape,2023,33606.0,35281.0,1675.0,-2145.3198489524743,-114.79591836734693,WAIT,True,False,672120.0,708120.0,-36000.0
2023-12-11,cape,2023,35281.0,38813.0,3532.0,797.5288584134935,-114.79591836734693,SPOT_INDEX,False,True,705620.0,705620.0,0.0
2023-12-12,cape,2023,38813.0,38269.0,-544.0,773.3193986474175,-114.79591836734693,SPOT_INDEX,False,False,776260.0,776260.0,0.0
2023-12-13,cape,2023,38269.0,37106.0,-1163.0,-793.0535952822396,-114.79591836734693,WAIT,True,True,765380.0,744620.0,20760.0
2023-12-14,cape,2023,37106.0,36500.0,-606.0,-1681.0602208406488,-114.79591836734693,WAIT,True,True,742120.0,732500.0,9620.0
2023-12-15,cape,2023,36500.0,36147.0,-353.0,-882.1816147082602,-114.79591836734693,WAIT,True,True,730000.0,725440.0,4560.0
2023-12-18,cape,2023,36147.0,34506.0,-1641.0,-896.36065752036,-114.79591836734693,WAIT,True,True,722940.0,692620.0,30320.0
2023-12-19,cape,2023,34506.0,32084.0,-2422.0,-1603.4355250843464,-114.79591836734693,WAIT,True,True,690120.0,644180.0,45940.0
2023-12-20,cape,2023,32084.0,29141.0,-2943.0,-1579.0725730473193,-114.79591836734693,WAIT,True,True,641680.0,585320.0,56360.0
2023-12-21,cape,2023,29141.0,27780.0,-1361.0,-1444.5539772655052,-114.79591836734693,WAIT,True,True,582820.0,558100.0,24720.0
2023-12-22,cape,2023,27780.0,30806.0,3026.0,-1375.2904317968203,-114.79591836734693,WAIT,True,False,555600.0,618620.0,-63020.0
2024-01-02,panamax,2024,16974.0,16491.0,-483.0,-196.899597714912,-114.79591836734693,WAIT,True,True,339480.0,332320.0,7160.0
2024-01-03,panamax,2024,16491.0,16190.0,-301.0,-359.7679443396891,-114.79591836734693,WAIT,True,True,329820.0,326300.0,3520.0
2024-01-04,panamax,2024,16190.0,15757.0,-433.0,-245.02386230792698,-114.79591836734693,WAIT,True,True,323800.0,317640.0,6160.0
2024-01-05,panamax,2024,15757.0,15577.0,-180.0,-276.21225829910134,-114.79591836734693,WAIT,True,True,315140.0,314040.0,1100.0
2024-01-08,panamax,2024,15577.0,15206.0,-371.0,-225.81290251903408,-114.79591836734693,WAIT,True,True,311540.0,306620.0,4920.0
2024-01-09,panamax,2024,15206.0,14791.0,-415.0,-274.84810400029806,-114.79591836734693,WAIT,True,True,304120.0,298320.0,5800.0
2024-01-10,panamax,2024,14791.0,13930.0,-861.0,-336.62530950955596,-114.79591836734693,WAIT,True,True,295820.0,281100.0,14720.0
2024-01-11,panamax,2024,13930.0,13530.0,-400.0,-469.99978026708163,-114.79591836734693,WAIT,True,True,278600.0,273100.0,5500.0
2024-01-12,panamax,2024,13530.0,13271.0,-259.0,-264.1533268615702,-114.79591836734693,WAIT,True,True,270600.0,267920.0,2680.0
2024-01-15,panamax,2024,13271.0,12743.0,-528.0,-261.5939681570008,-114.79591836734693,WAIT,True,True,265420.0,257360.0,8060.0
2024-01-16,panamax,2024,12743.0,12894.0,151.0,-305.0462966607262,-114.79591836734693,WAIT,True,False,254860.0,260380.0,-5520.0
2024-01-17,panamax,2024,12894.0,13149.0,255.0,825.1010243169819,-114.79591836734693,SPOT_INDEX,False,True,257880.0,257880.0,0.0
2024-01-18,panamax,2024,13149.0,13790.0,641.0,678.1175465198727,-114.79591836734693,SPOT_INDEX,False,True,262980.0,262980.0,0.0
2024-01-19,panamax,2024,13790.0,14237.0,447.0,498.07151671481023,-114.79591836734693,SPOT_INDEX,False,True,275800.0,275800.0,0.0
2024-01-22,panamax,2024,14237.0,14245.0,8.0,328.9874688520094,-114.79591836734693,SPOT_INDEX,False,True,284740.0,284740.0,0.0
2024-01-23,panamax,2024,14245.0,14414.0,169.0,-8.025298914385711,-114.79591836734693,SPOT_INDEX,False,False,284900.0,284900.0,0.0
2024-01-24,panamax,2024,14414.0,15081.0,667.0,192.38277126166238,-114.79591836734693,SPOT_INDEX,False,True,288280.0,288280.0,0.0
2024-01-25,panamax,2024,15081.0,15333.0,252.0,533.2972793481194,-114.79591836734693,SPOT_INDEX,False,True,301620.0,301620.0,0.0
2024-01-26,panamax,2024,15333.0,15417.0,84.0,274.2968876396715,-114.79591836734693,SPOT_INDEX,False,True,306660.0,306660.0,0.0
2024-01-29,panamax,2024,15417.0,15401.0,-16.0,99.06454826354451,-114.79591836734693,SPOT_INDEX,False,False,308340.0,308340.0,0.0
2024-01-30,panamax,2024,15401.0,15001.0,-400.0,-16.089963546558216,-114.79591836734693,SPOT_INDEX,False,True,308020.0,308020.0,0.0
2024-01-31,panamax,2024,15001.0,14660.0,-341.0,-232.88688498486226,-114.79591836734693,WAIT,True,True,300020.0,295700.0,4320.0
2024-02-01,panamax,2024,14660.0,14362.0,-298.0,-215.38464786145335,-114.79591836734693,WAIT,True,True,293200.0,289740.0,3460.0
2024-02-02,panamax,2024,14362.0,14193.0,-169.0,-193.38064086749463,-114.79591836734693,WAIT,True,True,287240.0,286360.0,880.0
2024-02-05,panamax,2024,14193.0,14284.0,91.0,-187.33948851290333,-114.79591836734693,WAIT,True,False,283860.0,288180.0,-4320.0
2024-02-06,panamax,2024,14284.0,14598.0,314.0,95.41662084588245,-114.79591836734693,SPOT_INDEX,False,True,285680.0,285680.0,0.0
2024-02-07,panamax,2024,14598.0,14624.0,26.0,195.8847519723446,-114.79591836734693,SPOT_INDEX,False,True,291960.0,291960.0,0.0
2024-02-08,panamax,2024,14624.0,14457.0,-167.0,51.381721237850186,-114.79591836734693,SPOT_INDEX,False,False,292480.0,292480.0,0.0
2024-02-13,panamax,2024,14457.0,14459.0,2.0,-175.84251724464008,-114.79591836734693,WAIT,True,False,289140.0,291680.0,-2540.0
2024-02-14,panamax,2024,14459.0,14787.0,328.0,-3.106787573393416,-114.79591836734693,SPOT_INDEX,False,False,289180.0,289180.0,0.0
2024-02-15,panamax,2024,14787.0,15179.0,392.0,203.5560895370225,-114.79591836734693,SPOT_INDEX,False,True,295740.0,295740.0,0.0
2024-02-16,panamax,2024,15179.0,15549.0,370.0,258.24030335493813,-114.79591836734693,SPOT_INDEX,False,True,303580.0,303580.0,0.0
2024-02-19,panamax,2024,15549.0,16653.0,1104.0,221.26058239182595,-114.79591836734693,SPOT_INDEX,False,True,310980.0,310980.0,0.0
2024-02-20,panamax,2024,16653.0,17225.0,572.0,558.8559889822315,-114.79591836734693,SPOT_INDEX,False,True,333060.0,333060.0,0.0
2024-02-21,panamax,2024,17225.0,17252.0,27.0,398.947765903258,-114.79591836734693,SPOT_INDEX,False,True,344500.0,344500.0,0.0
2024-02-22,panamax,2024,17252.0,17125.0,-127.0,47.92892760161901,-114.79591836734693,SPOT_INDEX,False,False,345040.0,345040.0,0.0
2024-02-23,panamax,2024,17125.0,16950.0,-175.0,-108.58918251858272,-114.79591836734693,SPOT_INDEX,False,True,342500.0,342500.0,0.0
2024-02-26,panamax,2024,16950.0,16809.0,-141.0,-174.4829990429074,-114.79591836734693,WAIT,True,True,339000.0,338680.0,320.0
2024-02-27,panamax,2024,16809.0,16773.0,-36.0,-120.75514498884597,-114.79591836734693,WAIT,True,True,336180.0,337960.0,-1780.0
2024-02-28,panamax,2024,16773.0,17214.0,441.0,0.11661881365234905,-114.79591836734693,SPOT_INDEX,False,True,335460.0,335460.0,0.0
2024-02-29,panamax,2024,17214.0,18042.0,828.0,288.24556047440024,-114.79591836734693,SPOT_INDEX,False,True,344280.0,344280.0,0.0
2024-03-04,panamax,2024,18042.0,18986.0,944.0,481.04504601232117,-114.79591836734693,SPOT_INDEX,False,True,360840.0,360840.0,0.0
2024-03-05,panamax,2024,18986.0,18972.0,-14.0,519.3922069274089,-114.79591836734693,SPOT_INDEX,False,False,379720.0,379720.0,0.0
2024-03-06,panamax,2024,18972.0,19116.0,144.0,1.3736967168795926,-114.79591836734693,SPOT_INDEX,False,True,379440.0,379440.0,0.0
2024-03-07,panamax,2024,19116.0,18849.0,-267.0,182.64994774332428,-114.79591836734693,SPOT_INDEX,False,False,382320.0,382320.0,0.0
2024-03-08,panamax,2024,18849.0,19018.0,169.0,-178.0458915313479,-114.79591836734693,WAIT,True,False,376980.0,382860.0,-5880.0
2024-03-11,panamax,2024,19018.0,19089.0,71.0,191.16266555776568,-114.79591836734693,SPOT_INDEX,False,True,380360.0,380360.0,0.0
2024-03-12,panamax,2024,19089.0,19147.0,58.0,99.2859846155934,-114.79591836734693,SPOT_INDEX,False,True,381780.0,381780.0,0.0
2024-03-13,panamax,2024,19147.0,19729.0,582.0,87.23377583983073,-114.79591836734693,SPOT_INDEX,False,True,382940.0,382940.0,0.0
2024-03-14,panamax,2024,19729.0,20184.0,455.0,467.5543863021308,-114.79591836734693,SPOT_INDEX,False,True,394580.0,394580.0,0.0
2024-03-15,panamax,2024,20184.0,20691.0,507.0,441.7012562504325,-114.79591836734693,SPOT_INDEX,False,True,403680.0,403680.0,0.0
2024-03-18,panamax,2024,20691.0,21135.0,444.0,459.7325138266245,-114.79591836734693,SPOT_INDEX,False,True,413820.0,413820.0,0.0
2024-03-19,panamax,2024,21135.0,21166.0,31.0,316.39064629738294,-114.79591836734693,SPOT_INDEX,False,True,422700.0,422700.0,0.0
2024-03-20,panamax,2024,21166.0,20581.0,-585.0,55.67741750051173,-114.79591836734693,SPOT_INDEX,False,False,423320.0,423320.0,0.0
2024-03-21,panamax,2024,20581.0,20183.0,-398.0,-300.213862539523,-114.79591836734693,WAIT,True,True,411620.0,406160.0,5460.0
2024-03-22,panamax,2024,20183.0,19903.0,-280.0,-232.30200161329049,-114.79591836734693,WAIT,True,True,403660.0,400560.0,3100.0
2024-03-25,panamax,2024,19903.0,19496.0,-407.0,-244.21907029162784,-114.79591836734693,WAIT,True,True,398060.0,392420.0,5640.0
2024-03-26,panamax,2024,19496.0,18871.0,-625.0,-330.3693043463918,-114.79591836734693,WAIT,True,True,389920.0,379920.0,10000.0
2024-03-27,panamax,2024,18871.0,18161.0,-710.0,-361.2616762133475,-114.79591836734693,WAIT,True,True,377420.0,365720.0,11700.0
2024-03-28,panamax,2024,18161.0,17314.0,-847.0,-494.84930181886506,-114.79591836734693,WAIT,True,True,363220.0,348780.0,14440.0
2024-03-29,panamax,2024,17314.0,17220.0,-94.0,-509.1433801488936,-114.79591836734693,WAIT,True,True,346280.0,346900.0,-620.0
2024-04-01,panamax,2024,17220.0,16872.0,-348.0,-142.5006333506398,-114.79591836734693,WAIT,True,True,344400.0,339940.0,4460.0
2024-04-02,panamax,2024,16872.0,16589.0,-283.0,-220.0099626661039,-114.79591836734693,WAIT,True,True,337440.0,334280.0,3160.0
2024-04-03,panamax,2024,16589.0,16441.0,-148.0,-247.45909068062483,-114.79591836734693,WAIT,True,True,331780.0,331320.0,460.0
2024-04-04,panamax,2024,16441.0,16101.0,-340.0,-187.71535098548236,-114.79591836734693,WAIT,True,True,328820.0,324520.0,4300.0
2024-04-05,panamax,2024,16101.0,15848.0,-253.0,-294.5482573981484,-114.79591836734693,WAIT,True,True,322020.0,319460.0,2560.0
2024-04-08,panamax,2024,15848.0,15143.0,-705.0,-221.2541192548611,-114.79591836734693,WAIT,True,True,316960.0,305360.0,11600.0
2024-04-09,panamax,2024,15143.0,14822.0,-321.0,-343.84654787629756,-114.79591836734693,WAIT,True,True,302860.0,298940.0,3920.0
2024-04-11,panamax,2024,14822.0,14974.0,152.0,-206.43167811534033,-114.79591836734693,WAIT,True,False,296440.0,301980.0,-5540.0
2024-04-12,panamax,2024,14974.0,15242.0,268.0,201.9523337543431,-114.79591836734693,SPOT_INDEX,False,True,299480.0,299480.0,0.0
2024-04-15,panamax,2024,15242.0,15493.0,251.0,254.87720012230392,-114.79591836734693,SPOT_INDEX,False,True,304840.0,304840.0,0.0
2024-04-16,panamax,2024,15493.0,15460.0,-33.0,288.90768001133915,-114.79591836734693,SPOT_INDEX,False,False,309860.0,309860.0,0.0
2024-04-17,panamax,2024,15460.0,16462.0,1002.0,-21.763990256146645,-114.79591836734693,SPOT_INDEX,False,False,309200.0,309200.0,0.0
2024-04-18,panamax,2024,16462.0,16921.0,459.0,621.2749672535472,-114.79591836734693,SPOT_INDEX,False,True,329240.0,329240.0,0.0
2024-04-19,panamax,2024,16921.0,17113.0,192.0,477.4526725125799,-114.79591836734693,SPOT_INDEX,False,True,338420.0,338420.0,0.0
2024-04-22,panamax,2024,17113.0,16977.0,-136.0,188.16480788561017,-114.79591836734693,SPOT_INDEX,False,False,342260.0,342260.0,0.0
2024-04-23,panamax,2024,16977.0,17406.0,429.0,-180.43452618681073,-114.79591836734693,WAIT,True,False,339540.0,350620.0,-11080.0
2024-04-24,panamax,2024,17406.0,17206.0,-200.0,289.83242756284415,-114.79591836734693,SPOT_INDEX,False,False,348120.0,348120.0,0.0
2024-04-25,panamax,2024,17206.0,17164.0,-42.0,-226.39734025633936,-114.79591836734693,WAIT,True,True,344120.0,345780.0,-1660.0
2024-04-26,panamax,2024,17164.0,17123.0,-41.0,-21.673654761570738,-114.79591836734693,SPOT_INDEX,False,True,343280.0,343280.0,0.0
2024-04-29,panamax,2024,17123.0,17017.0,-106.0,-17.752203110584468,-114.79591836734693,SPOT_INDEX,False,True,342460.0,342460.0,0.0
2024-04-30,panamax,2024,17017.0,17013.0,-4.0,-150.01464165267163,-114.79591836734693,WAIT,True,True,340340.0,342760.0,-2420.0
2024-05-02,panamax,2024,17013.0,17246.0,233.0,-9.861805242594132,-114.79591836734693,SPOT_INDEX,False,False,340260.0,340260.0,0.0
2024-05-03,panamax,2024,17246.0,18493.0,1247.0,227.2683829480974,-114.79591836734693,SPOT_INDEX,False,True,344920.0,344920.0,0.0
2024-05-07,panamax,2024,18493.0,19346.0,853.0,792.7009079393215,-114.79591836734693,SPOT_INDEX,False,True,369860.0,369860.0,0.0
2024-05-08,panamax,2024,19346.0,19738.0,392.0,604.4599167415297,-114.79591836734693,SPOT_INDEX,False,True,386920.0,386920.0,0.0
2024-05-09,panamax,2024,19738.0,19676.0,-62.0,318.9104215339562,-114.79591836734693,SPOT_INDEX,False,False,394760.0,394760.0,0.0
2024-05-10,panamax,2024,19676.0,19846.0,170.0,-46.04491856989753,-114.79591836734693,SPOT_INDEX,False,False,393520.0,393520.0,0.0
2024-05-13,panamax,2024,19846.0,19734.0,-112.0,186.06667504109572,-114.79591836734693,SPOT_INDEX,False,False,396920.0,396920.0,0.0
2024-05-14,panamax,2024,19734.0,18839.0,-895.0,-182.23765185336055,-114.79591836734693,WAIT,True,True,394680.0,379280.0,15400.0
2024-05-16,panamax,2024,18839.0,18643.0,-196.0,-473.66493873875976,-114.79591836734693,WAIT,True,True,376780.0,375360.0,1420.0
2024-05-17,panamax,2024,18643.0,18460.0,-183.0,-229.46381638901684,-114.79591836734693,WAIT,True,True,372860.0,371700.0,1160.0
2024-05-20,panamax,2024,18460.0,18510.0,50.0,-194.65178202070953,-114.79591836734693,WAIT,True,False,369200.0,372700.0,-3500.0
2024-05-21,panamax,2024,18510.0,18527.0,17.0,73.24782197819567,-114.79591836734693,SPOT_INDEX,False,True,370200.0,370200.0,0.0
2024-05-22,panamax,2024,18527.0,18583.0,56.0,-3.0545503035612955,-114.79591836734693,SPOT_INDEX,False,False,370540.0,370540.0,0.0
2024-05-23,panamax,2024,18583.0,18489.0,-94.0,92.37892283566754,-114.79591836734693,SPOT_INDEX,False,False,371660.0,371660.0,0.0
2024-05-24,panamax,2024,18489.0,18498.0,9.0,-138.8653595672211,-114.79591836734693,WAIT,True,False,369780.0,372460.0,-2680.0
2024-05-27,panamax,2024,18498.0,18498.0,0.0,-6.200921919881041,-114.79591836734693,SPOT_INDEX,False,False,369960.0,369960.0,0.0
2024-05-28,panamax,2024,18498.0,18096.0,-402.0,-11.257252639772883,-114.79591836734693,SPOT_INDEX,False,True,369960.0,369960.0,0.0
2024-05-29,panamax,2024,18096.0,17667.0,-429.0,-257.07180437902457,-114.79591836734693,WAIT,True,True,361920.0,355840.0,6080.0
2024-05-30,panamax,2024,17667.0,17463.0,-204.0,-268.36153369517467,-114.79591836734693,WAIT,True,True,353340.0,351760.0,1580.0
2024-05-31,panamax,2024,17463.0,17315.0,-148.0,-188.5866501088668,-114.79591836734693,WAIT,True,True,349260.0,348800.0,460.0
2024-06-03,panamax,2024,17315.0,17078.0,-237.0,-150.69125867110043,-114.79591836734693,WAIT,True,True,346300.0,344060.0,2240.0
2024-06-04,panamax,2024,17078.0,16957.0,-121.0,-195.3284917906466,-114.79591836734693,WAIT,True,True,341560.0,341640.0,-80.0
2024-06-05,panamax,2024,16957.0,17079.0,122.0,-154.3038235659808,-114.79591836734693,WAIT,True,False,339140.0,344080.0,-4940.0
2024-06-07,panamax,2024,17079.0,17242.0,163.0,161.6471500914783,-114.79591836734693,SPOT_INDEX,False,True,341580.0,341580.0,0.0
2024-06-10,panamax,2024,17242.0,17081.0,-161.0,186.16733059865936,-114.79591836734693,SPOT_INDEX,False,False,344840.0,344840.0,0.0
2024-06-11,panamax,2024,17081.0,17270.0,189.0,-175.50939998954073,-114.79591836734693,WAIT,True,False,341620.0,347900.0,-6280.0
2024-06-12,panamax,2024,17270.0,17496.0,226.0,177.0791163742893,-114.79591836734693,SPOT_INDEX,False,True,345400.0,345400.0,0.0
2024-06-13,panamax,2024,17496.0,17684.0,188.0,248.19235533003723,-114.79591836734693,SPOT_INDEX,False,True,349920.0,349920.0,0.0
2024-06-14,panamax,2024,17684.0,17962.0,278.0,184.97509215582173,-114.79591836734693,SPOT_INDEX,False,True,353680.0,353680.0,0.0
2024-06-17,panamax,2024,17962.0,17986.0,24.0,238.15300647967558,-114.79591836734693,SPOT_INDEX,False,True,359240.0,359240.0,0.0
2024-06-18,panamax,2024,17986.0,17918.0,-68.0,45.17933672901895,-114.79591836734693,SPOT_INDEX,False,False,359720.0,359720.0,0.0
2024-06-19,panamax,2024,17918.0,17579.0,-339.0,-70.81719859948798,-114.79591836734693,SPOT_INDEX,False,True,358360.0,358360.0,0.0
2024-06-20,panamax,2024,17579.0,17422.0,-157.0,-212.78405146240584,-114.79591836734693,WAIT,True,True,351580.0,350940.0,640.0
2024-06-21,panamax,2024,17422.0,17106.0,-316.0,-152.77390606638485,-114.79591836734693,WAIT,True,True,348440.0,344620.0,3820.0
2024-06-24,panamax,2024,17106.0,16759.0,-347.0,-196.4475487446137,-114.79591836734693,WAIT,True,True,342120.0,337680.0,4440.0
2024-06-25,panamax,2024,16759.0,15959.0,-800.0,-225.43569910723755,-114.79591836734693,WAIT,True,True,335180.0,321680.0,13500.0
2024-06-26,panamax,2024,15959.0,15649.0,-310.0,-311.9016981740373,-114.79591836734693,WAIT,True,True,319180.0,315480.0,3700.0
2024-06-27,panamax,2024,15649.0,15504.0,-145.0,-195.25319411379974,-114.79591836734693,WAIT,True,True,312980.0,312580.0,400.0
2024-06-28,panamax,2024,15504.0,15353.0,-151.0,-143.98152174657938,-114.79591836734693,WAIT,True,True,310080.0,309560.0,520.0
2024-07-01,panamax,2024,15353.0,15365.0,12.0,-157.02076849080976,-114.79591836734693,WAIT,True,False,307060.0,309800.0,-2740.0
2024-07-02,panamax,2024,15365.0,15052.0,-313.0,2.1080688306446578,-114.79591836734693,SPOT_INDEX,False,False,307300.0,307300.0,0.0
2024-07-03,panamax,2024,15052.0,14890.0,-162.0,-235.03837786311263,-114.79591836734693,WAIT,True,True,301040.0,300300.0,740.0
2024-07-04,panamax,2024,14890.0,14747.0,-143.0,-216.93727958462088,-114.79591836734693,WAIT,True,True,297800.0,297440.0,360.0
2024-07-05,panamax,2024,14747.0,14594.0,-153.0,-166.16133474618334,-114.79591836734693,WAIT,True,True,294940.0,294380.0,560.0
2024-07-08,panamax,2024,14594.0,14436.0,-158.0,-179.34078939144555,-114.79591836734693,WAIT,True,True,291880.0,291220.0,660.0
2024-07-09,panamax,2024,14436.0,14441.0,5.0,-197.29737427882122,-114.79591836734693,WAIT,True,False,288720.0,291320.0,-2600.0
2024-07-10,panamax,2024,14441.0,14689.0,248.0,-9.99994803719273,-114.79591836734693,SPOT_INDEX,False,False,288820.0,288820.0,0.0
2024-07-11,panamax,2024,14689.0,14968.0,279.0,262.1372014816784,-114.79591836734693,SPOT_INDEX,False,True,293780.0,293780.0,0.0
2024-07-12,panamax,2024,14968.0,15041.0,73.0,256.21480558958643,-114.79591836734693,SPOT_INDEX,False,True,299360.0,299360.0,0.0
2024-07-15,panamax,2024,15041.0,15624.0,583.0,110.02959203720125,-114.79591836734693,SPOT_INDEX,False,True,300820.0,300820.0,0.0
2024-07-16,panamax,2024,15624.0,15666.0,42.0,482.93756987642683,-114.79591836734693,SPOT_INDEX,False,True,312480.0,312480.0,0.0
2024-07-17,panamax,2024,15666.0,15436.0,-230.0,74.04405356795972,-114.79591836734693,SPOT_INDEX,False,False,313320.0,313320.0,0.0
2024-07-18,panamax,2024,15436.0,15396.0,-40.0,-213.049465240729,-114.79591836734693,WAIT,True,True,308720.0,310420.0,-1700.0
2024-07-19,panamax,2024,15396.0,15391.0,-5.0,-22.29596435846317,-114.79591836734693,SPOT_INDEX,False,True,307920.0,307920.0,0.0
2024-07-22,panamax,2024,15391.0,15393.0,2.0,-11.42208365728627,-114.79591836734693,SPOT_INDEX,False,False,307820.0,307820.0,0.0
2024-07-23,panamax,2024,15393.0,16177.0,784.0,-8.811402299636827,-114.79591836734693,SPOT_INDEX,False,False,307860.0,307860.0,0.0
2024-07-24,panamax,2024,16177.0,16177.0,0.0,542.0444962432293,-114.79591836734693,SPOT_INDEX,False,False,323540.0,323540.0,0.0
2024-07-25,panamax,2024,16177.0,16496.0,319.0,-8.811402299636827,-114.79591836734693,SPOT_INDEX,False,False,323540.0,323540.0,0.0
2024-07-26,panamax,2024,16496.0,16474.0,-22.0,245.52584289423808,-114.79591836734693,SPOT_INDEX,False,False,329920.0,329920.0,0.0
2024-07-29,panamax,2024,16474.0,16452.0,-22.0,-18.700443926314005,-114.79591836734693,SPOT_INDEX,False,True,329480.0,329480.0,0.0
2024-07-30,panamax,2024,16452.0,16264.0,-188.0,-18.700443926314005,-114.79591836734693,SPOT_INDEX,False,True,329040.0,329040.0,0.0
2024-07-31,panamax,2024,16264.0,16024.0,-240.0,-217.3030402180614,-114.79591836734693,WAIT,True,True,325280.0,322980.0,2300.0
2024-08-01,panamax,2024,16024.0,15834.0,-190.0,-215.5477206537356,-114.79591836734693,WAIT,True,True,320480.0,319180.0,1300.0
2024-08-02,panamax,2024,15834.0,15788.0,-46.0,-213.01805302728334,-114.79591836734693,WAIT,True,True,316680.0,318260.0,-1580.0
2024-08-05,panamax,2024,15788.0,15672.0,-116.0,-37.32322007309783,-114.79591836734693,SPOT_INDEX,False,True,315760.0,315760.0,0.0
2024-08-06,panamax,2024,15672.0,15553.0,-119.0,-142.95981683441624,-114.79591836734693,WAIT,True,True,313440.0,313560.0,-120.0
2024-08-07,panamax,2024,15553.0,15271.0,-282.0,-146.27939209766302,-114.79591836734693,WAIT,True,True,311060.0,307920.0,3140.0
2024-08-08,panamax,2024,15271.0,15138.0,-133.0,-193.47303496533263,-114.79591836734693,WAIT,True,True,305420.0,305260.0,160.0
2024-08-09,panamax,2024,15138.0,15035.0,-103.0,-170.16782613190426,-114.79591836734693,WAIT,True,True,302760.0,303200.0,-440.0
2024-08-12,panamax,2024,15035.0,14729.0,-306.0,-127.85192266319953,-114.79591836734693,WAIT,True,True,300700.0,297080.0,3620.0
2024-08-13,panamax,2024,14729.0,14682.0,-47.0,-200.16934710313623,-114.79591836734693,WAIT,True,True,294580.0,296140.0,-1560.0
2024-08-14,panamax,2024,14682.0,14783.0,101.0,-35.87360328210764,-114.79591836734693,SPOT_INDEX,False,False,293640.0,293640.0,0.0
2024-08-16,panamax,2024,14783.0,14832.0,49.0,128.95481001321696,-114.79591836734693,SPOT_INDEX,False,True,295660.0,295660.0,0.0
2024-08-19,panamax,2024,14832.0,14743.0,-89.0,98.50253408284595,-114.79591836734693,SPOT_INDEX,False,False,296640.0,296640.0,0.0
2024-08-20,panamax,2024,14743.0,14604.0,-139.0,-105.10937024418925,-114.79591836734693,SPOT_INDEX,False,True,294860.0,294860.0,0.0
2024-08-21,panamax,2024,14604.0,14434.0,-170.0,-143.23069920989641,-114.79591836734693,WAIT,True,True,292080.0,291180.0,900.0
2024-08-22,panamax,2024,14434.0,14249.0,-185.0,-181.58454008585068,-114.79591836734693,WAIT,True,True,288680.0,287480.0,1200.0
2024-08-23,panamax,2024,14249.0,14116.0,-133.0,-187.37864609034895,-114.79591836734693,WAIT,True,True,284980.0,284820.0,160.0
2024-08-26,panamax,2024,14116.0,14014.0,-102.0,-169.640614415425,-114.79591836734693,WAIT,True,True,282320.0,282780.0,-460.0
2024-08-27,panamax,2024,14014.0,13786.0,-228.0,-137.82007330383428,-114.79591836734693,WAIT,True,True,280280.0,278220.0,2060.0
2024-08-28,panamax,2024,13786.0,13552.0,-234.0,-195.3822944792928,-114.79591836734693,WAIT,True,True,275720.0,273540.0,2180.0
2024-08-29,panamax,2024,13552.0,13241.0,-311.0,-200.65559412172786,-114.79591836734693,WAIT,True,True,271040.0,267320.0,3720.0
2024-08-30,panamax,2024,13241.0,13141.0,-100.0,-194.0565941390979,-114.79591836734693,WAIT,True,True,264820.0,265320.0,-500.0
2024-09-02,panamax,2024,13141.0,13129.0,-12.0,-128.9935255249307,-114.79591836734693,WAIT,True,True,262820.0,265080.0,-2260.0
2024-09-03,panamax,2024,13129.0,13131.0,2.0,-7.5861818254455144,-114.79591836734693,SPOT_INDEX,False,False,262580.0,262580.0,0.0
2024-09-04,panamax,2024,13131.0,13219.0,88.0,-8.025298914385711,-114.79591836734693,SPOT_INDEX,False,False,262620.0,262620.0,0.0
2024-09-05,panamax,2024,13219.0,13302.0,83.0,104.02364294841577,-114.79591836734693,SPOT_INDEX,False,True,264380.0,264380.0,0.0
2024-09-06,panamax,2024,13302.0,13361.0,59.0,102.96777963007493,-114.79591836734693,SPOT_INDEX,False,True,266040.0,266040.0,0.0
2024-09-09,panamax,2024,13361.0,13490.0,129.0,105.31898073919255,-114.79591836734693,SPOT_INDEX,False,True,267220.0,267220.0,0.0
2024-09-10,panamax,2024,13490.0,13613.0,123.0,168.31446937099633,-114.79591836734693,SPOT_INDEX,False,True,269800.0,269800.0,0.0
2024-09-11,panamax,2024,13613.0,13816.0,203.0,153.43129500529432,-114.79591836734693,SPOT_INDEX,False,True,272260.0,272260.0,0.0
2024-09-12,panamax,2024,13816.0,13915.0,99.0,214.84916496395041,-114.79591836734693,SPOT_INDEX,False,True,276320.0,276320.0,0.0
2024-09-13,panamax,2024,13915.0,14321.0,406.0,126.99442323540725,-114.79591836734693,SPOT_INDEX,False,True,278300.0,278300.0,0.0
2024-09-19,panamax,2024,14321.0,14452.0,131.0,312.98824301173727,-114.79591836734693,SPOT_INDEX,False,True,286420.0,286420.0,0.0
2024-09-20,panamax,2024,14452.0,14596.0,144.0,177.4977537836702,-114.79591836734693,SPOT_INDEX,False,True,289040.0,289040.0,0.0
2024-09-23,panamax,2024,14596.0,14848.0,252.0,183.79615527813948,-114.79591836734693,SPOT_INDEX,False,True,291920.0,291920.0,0.0
2024-09-24,panamax,2024,14848.0,14932.0,84.0,261.5455437647059,-114.79591836734693,SPOT_INDEX,False,True,296960.0,296960.0,0.0
2024-09-25,panamax,2024,14932.0,14874.0,-58.0,110.60844178323433,-114.79591836734693,SPOT_INDEX,False,False,298640.0,298640.0,0.0
2024-09-26,panamax,2024,14874.0,14742.0,-132.0,-40.51788416163571,-114.79591836734693,SPOT_INDEX,False,True,297480.0,297480.0,0.0
2024-09-27,panamax,2024,14742.0,14540.0,-202.0,-145.3035618179116,-114.79591836734693,WAIT,True,True,294840.0,293300.0,1540.0
2024-09-30,panamax,2024,14540.0,14264.0,-276.0,-217.77059123142132,-114.79591836734693,WAIT,True,True,290800.0,287780.0,3020.0
2024-10-02,panamax,2024,14264.0,14187.0,-77.0,-255.92359380164453,-114.79591836734693,WAIT,True,True,285280.0,286240.0,-960.0
2024-10-04,panamax,2024,14187.0,14401.0,214.0,-92.03339430237911,-114.79591836734693,SPOT_INDEX,False,False,283740.0,283740.0,0.0
2024-10-07,panamax,2024,14401.0,14555.0,154.0,227.51491057973905,-114.79591836734693,SPOT_INDEX,False,True,288020.0,288020.0,0.0
2024-10-08,panamax,2024,14555.0,14488.0,-67.0,179.9679059617951,-114.79591836734693,SPOT_INDEX,False,False,291100.0,291100.0,0.0
2024-10-10,panamax,2024,14488.0,14329.0,-159.0,-71.68483773036449,-114.79591836734693,SPOT_INDEX,False,True,289760.0,289760.0,0.0
2024-10-11,panamax,2024,14329.0,14202.0,-127.0,-169.1355342363942,-114.79591836734693,WAIT,True,True,286580.0,286540.0,40.0
2024-10-14,panamax,2024,14202.0,14014.0,-188.0,-150.47308212978137,-114.79591836734693,WAIT,True,True,284040.0,282780.0,1260.0
2024-10-15,panamax,2024,14014.0,13734.0,-280.0,-218.36936002031737,-114.79591836734693,WAIT,True,True,280280.0,277180.0,3100.0
2024-10-16,panamax,2024,13734.0,13165.0,-569.0,-243.31256603684903,-114.79591836734693,WAIT,True,True,274680.0,265800.0,8880.0
2024-10-17,panamax,2024,13165.0,12798.0,-367.0,-325.07433267059565,-114.79591836734693,WAIT,True,True,263300.0,258460.0,4840.0
2024-10-18,panamax,2024,12798.0,12751.0,-47.0,-278.54277012675396,-114.79591836734693,WAIT,True,True,255960.0,257520.0,-1560.0
2024-10-21,panamax,2024,12751.0,12733.0,-18.0,-31.18284135755271,-114.79591836734693,SPOT_INDEX,False,True,255020.0,255020.0,0.0
2024-10-22,panamax,2024,12733.0,12800.0,67.0,-22.552928117822592,-114.79591836734693,SPOT_INDEX,False,False,254660.0,254660.0,0.0
2024-10-23,panamax,2024,12800.0,12752.0,-48.0,103.7544433834614,-114.79591836734693,SPOT_INDEX,False,False,256000.0,256000.0,0.0
2024-10-24,panamax,2024,12752.0,12684.0,-68.0,-50.961862943628645,-114.79591836734693,SPOT_INDEX,False,True,255040.0,255040.0,0.0
2024-10-25,panamax,2024,12684.0,12581.0,-103.0,-66.93364427204575,-114.79591836734693,SPOT_INDEX,False,True,253680.0,253680.0,0.0
2024-10-28,panamax,2024,12581.0,12476.0,-105.0,-136.36269175070632,-114.79591836734693,WAIT,True,True,251620.0,252020.0,-400.0
2024-10-30,panamax,2024,12476.0,12295.0,-181.0,-213.94064644208333,-114.79591836734693,WAIT,True,True,249520.0,248400.0,1120.0
2024-10-31,panamax,2024,12295.0,12264.0,-31.0,-223.13441379649245,-114.79591836734693,WAIT,True,True,245900.0,247780.0,-1880.0
2024-11-01,panamax,2024,12264.0,12173.0,-91.0,-18.700443926314005,-114.79591836734693,SPOT_INDEX,False,True,245280.0,245280.0,0.0
2024-11-04,panamax,2024,12173.0,12133.0,-40.0,-139.3168963278325,-114.79591836734693,WAIT,True,True,243460.0,245160.0,-1700.0
2024-11-05,panamax,2024,12133.0,12094.0,-39.0,-19.875904305061628,-114.79591836734693,SPOT_INDEX,False,True,242660.0,242660.0,0.0
2024-11-06,panamax,2024,12094.0,12008.0,-86.0,-18.715040716296045,-114.79591836734693,SPOT_INDEX,False,True,241880.0,241880.0,0.0
2024-11-07,panamax,2024,12008.0,12008.0,0.0,-84.00608676196853,-114.79591836734693,SPOT_INDEX,False,False,240160.0,240160.0,0.0
2024-11-08,panamax,2024,12008.0,11927.0,-81.0,-2.3206841881423053,-114.79591836734693,SPOT_INDEX,False,True,240160.0,240160.0,0.0
2024-11-11,panamax,2024,11927.0,12147.0,220.0,-96.99455779941424,-114.79591836734693,SPOT_INDEX,False,False,238540.0,238540.0,0.0
2024-11-12,panamax,2024,12147.0,12235.0,88.0,199.9286160269755,-114.79591836734693,SPOT_INDEX,False,True,242940.0,242940.0,0.0
2024-11-13,panamax,2024,12235.0,12068.0,-167.0,94.44484866180855,-114.79591836734693,SPOT_INDEX,False,False,244700.0,244700.0,0.0
2024-11-14,panamax,2024,12068.0,12047.0,-21.0,-209.13904682789808,-114.79591836734693,WAIT,True,True,241360.0,243440.0,-2080.0
2024-11-15,panamax,2024,12047.0,11918.0,-129.0,-0.6673154532993908,-114.79591836734693,SPOT_INDEX,False,True,240940.0,240940.0,0.0
2024-11-18,panamax,2024,11918.0,11856.0,-62.0,-136.92960328724917,-114.79591836734693,WAIT,True,True,238360.0,239620.0,-1260.0
2024-11-19,panamax,2024,11856.0,11790.0,-66.0,-55.862056205742185,-114.79591836734693,SPOT_INDEX,False,True,237120.0,237120.0,0.0
2024-11-20,panamax,2024,11790.0,11358.0,-432.0,-66.263651279045,-114.79591836734693,SPOT_INDEX,False,True,235800.0,235800.0,0.0
2024-11-21,panamax,2024,11358.0,11096.0,-262.0,-238.17229207980637,-114.79591836734693,WAIT,True,True,227160.0,224420.0,2740.0
2024-11-22,panamax,2024,11096.0,11034.0,-62.0,-236.45314622489505,-114.79591836734693,WAIT,True,True,221920.0,223180.0,-1260.0
2024-11-25,panamax,2024,11034.0,10876.0,-158.0,-36.58584605017366,-114.79591836734693,SPOT_INDEX,False,True,220680.0,220680.0,0.0
2024-11-26,panamax,2024,10876.0,10731.0,-145.0,-152.51372399387583,-114.79591836734693,WAIT,True,True,217520.0,217120.0,400.0
2024-11-27,panamax,2024,10731.0,10427.0,-304.0,-192.63157458079522,-114.79591836734693,WAIT,True,True,214620.0,211040.0,3580.0
2024-11-28,panamax,2024,10427.0,10363.0,-64.0,-242.6251541108659,-114.79591836734693,WAIT,True,True,208540.0,209760.0,-1220.0
2024-11-29,panamax,2024,10363.0,10340.0,-23.0,-61.022512422785724,-114.79591836734693,SPOT_INDEX,False,True,207260.0,207260.0,0.0
2024-12-02,panamax,2024,10340.0,10046.0,-294.0,-17.334118671211957,-114.79591836734693,SPOT_INDEX,False,True,206800.0,206800.0,0.0
2024-12-03,panamax,2024,10046.0,9933.0,-113.0,-247.81102514247883,-114.79591836734693,WAIT,True,True,200920.0,201160.0,-240.0
2024-12-04,panamax,2024,9933.0,9971.0,38.0,-180.5737692552688,-114.79591836734693,WAIT,True,False,198660.0,201920.0,-3260.0
2024-12-05,panamax,2024,9971.0,10063.0,92.0,96.3737410675034,-114.79591836734693,SPOT_INDEX,False,True,199420.0,199420.0,0.0
2024-12-06,panamax,2024,10063.0,10257.0,194.0,138.43508523964954,-114.79591836734693,SPOT_INDEX,False,True,201260.0,201260.0,0.0
2024-12-09,panamax,2024,10257.0,10251.0,-6.0,574.8248476615852,-114.79591836734693,SPOT_INDEX,False,False,205140.0,205140.0,0.0
2024-12-10,panamax,2024,10251.0,10191.0,-60.0,-19.66283610786569,-114.79591836734693,SPOT_INDEX,False,True,205020.0,205020.0,0.0
2024-12-11,panamax,2024,10191.0,10094.0,-97.0,-55.860671079964405,-114.79591836734693,SPOT_INDEX,False,True,203820.0,203820.0,0.0
2024-12-12,panamax,2024,10094.0,9998.0,-96.0,-168.536797829962,-114.79591836734693,WAIT,True,True,201880.0,202460.0,-580.0
2024-12-13,panamax,2024,9998.0,9631.0,-367.0,-116.38043641443352,-114.79591836734693,WAIT,True,True,199960.0,195120.0,4840.0
2024-12-16,panamax,2024,9631.0,9417.0,-214.0,-212.95542780034873,-114.79591836734693,WAIT,True,True,192620.0,190840.0,1780.0
2024-12-17,panamax,2024,9417.0,8854.0,-563.0,-205.74121457589183,-114.79591836734693,WAIT,True,True,188340.0,179580.0,8760.0
2024-12-18,panamax,2024,8854.0,8604.0,-250.0,-245.96669634774472,-114.79591836734693,WAIT,True,True,177080.0,174580.0,2500.0
2024-12-19,panamax,2024,8604.0,8250.0,-354.0,-234.41633880824537,-114.79591836734693,WAIT,True,True,172080.0,167500.0,4580.0
2024-12-20,panamax,2024,8250.0,8124.0,-126.0,-281.62503538699144,-114.79591836734693,WAIT,True,True,165000.0,164980.0,20.0
2024-12-23,panamax,2024,8124.0,8147.0,23.0,-140.6154215548362,-114.79591836734693,WAIT,True,False,162480.0,165440.0,-2960.0
2024-12-24,panamax,2024,8147.0,7593.0,-554.0,63.0142494990848,-114.79591836734693,SPOT_INDEX,False,False,162940.0,162940.0,0.0
2024-01-02,supramax,2024,16859.0,16488.0,-371.0,-218.02008846904317,-69.89795918367346,WAIT,True,True,337180.0,332260.0,4920.0
2024-01-03,supramax,2024,16488.0,16053.0,-435.0,-330.686822558864,-69.89795918367346,WAIT,True,True,329760.0,323560.0,6200.0
2024-01-04,supramax,2024,16053.0,15895.0,-158.0,-323.9826978985818,-69.89795918367346,WAIT,True,True,321060.0,320400.0,660.0
2024-01-05,supramax,2024,15895.0,15702.0,-193.0,-59.12905944092855,-69.89795918367346,SPOT_INDEX,False,True,317900.0,317900.0,0.0
2024-01-08,supramax,2024,15702.0,15533.0,-169.0,-155.86800434786466,-69.89795918367346,WAIT,True,True,314040.0,313160.0,880.0
2024-01-09,supramax,2024,15533.0,15241.0,-292.0,-112.10944674956545,-69.89795918367346,WAIT,True,True,310660.0,307320.0,3340.0
2024-01-10,supramax,2024,15241.0,14964.0,-277.0,-320.34879079225703,-69.89795918367346,WAIT,True,True,304820.0,301780.0,3040.0
2024-01-11,supramax,2024,14964.0,14780.0,-184.0,-324.9173983866193,-69.89795918367346,WAIT,True,True,299280.0,298100.0,1180.0
2024-01-12,supramax,2024,14780.0,14471.0,-309.0,-105.87376646192912,-69.89795918367346,WAIT,True,True,295600.0,291920.0,3680.0
2024-01-15,supramax,2024,14471.0,14325.0,-146.0,-355.5462415269995,-69.89795918367346,WAIT,True,True,289420.0,289000.0,420.0
2024-01-16,supramax,2024,14325.0,14259.0,-66.0,-101.33993363136622,-69.89795918367346,WAIT,True,True,286500.0,287680.0,-1180.0
2024-01-17,supramax,2024,14259.0,13970.0,-289.0,-68.88599527103015,-69.89795918367346,SPOT_INDEX,False,True,285180.0,285180.0,0.0
2024-01-18,supramax,2024,13970.0,13820.0,-150.0,-148.66226380212595,-69.89795918367346,WAIT,True,True,279400.0,278900.0,500.0
2024-01-19,supramax,2024,13820.0,13415.0,-405.0,-42.386748582927936,-69.89795918367346,SPOT_INDEX,False,True,276400.0,276400.0,0.0
2024-01-22,supramax,2024,13415.0,13251.0,-164.0,-145.03576496624518,-69.89795918367346,WAIT,True,True,268300.0,267520.0,780.0
2024-01-23,supramax,2024,13251.0,13243.0,-8.0,-69.43083614363528,-69.89795918367346,SPOT_INDEX,False,True,265020.0,265020.0,0.0
2024-01-24,supramax,2024,13243.0,13335.0,92.0,14.551109557307194,-69.89795918367346,SPOT_INDEX,False,True,264860.0,264860.0,0.0
2024-01-25,supramax,2024,13335.0,13398.0,63.0,83.11696329033416,-69.89795918367346,SPOT_INDEX,False,True,266700.0,266700.0,0.0
2024-01-26,supramax,2024,13398.0,13441.0,43.0,59.82575705444504,-69.89795918367346,SPOT_INDEX,False,True,267960.0,267960.0,0.0
2024-01-29,supramax,2024,13441.0,13424.0,-17.0,52.11963993402219,-69.89795918367346,SPOT_INDEX,False,False,268820.0,268820.0,0.0
2024-01-30,supramax,2024,13424.0,13371.0,-53.0,-50.54587887623713,-69.89795918367346,SPOT_INDEX,False,True,268480.0,268480.0,0.0
2024-01-31,supramax,2024,13371.0,13106.0,-265.0,-51.887072328736465,-69.89795918367346,SPOT_INDEX,False,True,267420.0,267420.0,0.0
2024-02-01,supramax,2024,13106.0,12932.0,-174.0,-137.81859271112475,-69.89795918367346,WAIT,True,True,262120.0,261140.0,980.0
2024-02-02,supramax,2024,12932.0,12893.0,-39.0,-85.99578411580437,-69.89795918367346,WAIT,True,True,258640.0,260360.0,-1720.0
2024-02-05,supramax,2024,12893.0,12948.0,55.0,-52.73322422119554,-69.89795918367346,SPOT_INDEX,False,False,257860.0,257860.0,0.0
2024-02-06,supramax,2024,12948.0,13030.0,82.0,55.79114415968318,-69.89795918367346,SPOT_INDEX,False,True,258960.0,258960.0,0.0
2024-02-07,supramax,2024,13030.0,13193.0,163.0,55.44712100882568,-69.89795918367346,SPOT_INDEX,False,True,260600.0,260600.0,0.0
2024-02-08,supramax,2024,13193.0,13893.0,700.0,116.47971830913784,-69.89795918367346,SPOT_INDEX,False,True,263860.0,263860.0,0.0
2024-02-13,supramax,2024,13893.0,13887.0,-6.0,258.16921880206223,-69.89795918367346,SPOT_INDEX,False,False,277860.0,277860.0,0.0
2024-02-14,supramax,2024,13887.0,13998.0,111.0,14.170849445596197,-69.89795918367346,SPOT_INDEX,False,True,277740.0,277740.0,0.0
2024-02-15,supramax,2024,13998.0,14099.0,101.0,88.08991951815534,-69.89795918367346,SPOT_INDEX,False,True,279960.0,279960.0,0.0
2024-02-16,supramax,2024,14099.0,14225.0,126.0,73.51619726088647,-69.89795918367346,SPOT_INDEX,False,True,281980.0,281980.0,0.0
2024-02-19,supramax,2024,14225.0,14407.0,182.0,141.0689382006563,-69.89795918367346,SPOT_INDEX,False,True,284500.0,284500.0,0.0
2024-02-20,supramax,2024,14407.0,14658.0,251.0,161.1521681011664,-69.89795918367346,SPOT_INDEX,False,True,288140.0,288140.0,0.0
2024-02-21,supramax,2024,14658.0,14772.0,114.0,136.42934994707514,-69.89795918367346,SPOT_INDEX,False,True,293160.0,293160.0,0.0
2024-02-22,supramax,2024,14772.0,14884.0,112.0,134.4341294454098,-69.89795918367346,SPOT_INDEX,False,True,295440.0,295440.0,0.0
2024-02-23,supramax,2024,14884.0,14996.0,112.0,86.87576301846542,-69.89795918367346,SPOT_INDEX,False,True,297680.0,297680.0,0.0
2024-02-26,supramax,2024,14996.0,15005.0,9.0,94.994098508043,-69.89795918367346,SPOT_INDEX,False,True,299920.0,299920.0,0.0
2024-02-27,supramax,2024,15005.0,15120.0,115.0,99.30568696706491,-69.89795918367346,SPOT_INDEX,False,True,300100.0,300100.0,0.0
2024-02-28,supramax,2024,15120.0,15512.0,392.0,143.5932767395698,-69.89795918367346,SPOT_INDEX,False,True,302400.0,302400.0,0.0
2024-02-29,supramax,2024,15512.0,15692.0,180.0,427.09002362015565,-69.89795918367346,SPOT_INDEX,False,True,310240.0,310240.0,0.0
2024-03-04,supramax,2024,15692.0,15811.0,119.0,172.29898482602468,-69.89795918367346,SPOT_INDEX,False,True,313840.0,313840.0,0.0
2024-03-05,supramax,2024,15811.0,15932.0,121.0,188.69407059829544,-69.89795918367346,SPOT_INDEX,False,True,316220.0,316220.0,0.0
2024-03-06,supramax,2024,15932.0,16000.0,68.0,183.73770517786087,-69.89795918367346,SPOT_INDEX,False,True,318640.0,318640.0,0.0
2024-03-07,supramax,2024,16000.0,15976.0,-24.0,71.80048421842832,-69.89795918367346,SPOT_INDEX,False,False,320000.0,320000.0,0.0
2024-03-08,supramax,2024,15976.0,15691.0,-285.0,-1.1570619008426672,-69.89795918367346,SPOT_INDEX,False,True,319520.0,319520.0,0.0
2024-03-11,supramax,2024,15691.0,15507.0,-184.0,-156.92038482382176,-69.89795918367346,WAIT,True,True,313820.0,312640.0,1180.0
2024-03-12,supramax,2024,15507.0,15363.0,-144.0,-109.2333304095182,-69.89795918367346,WAIT,True,True,310140.0,309760.0,380.0
2024-03-13,supramax,2024,15363.0,15339.0,-24.0,-75.88928192703649,-69.89795918367346,WAIT,True,True,307260.0,309280.0,-2020.0
2024-03-14,supramax,2024,15339.0,15460.0,121.0,-22.021261941494664,-69.89795918367346,SPOT_INDEX,False,False,306780.0,306780.0,0.0
2024-03-15,supramax,2024,15460.0,15557.0,97.0,98.67491000533478,-69.89795918367346,SPOT_INDEX,False,True,309200.0,309200.0,0.0
2024-03-18,supramax,2024,15557.0,15995.0,438.0,62.36540761267163,-69.89795918367346,SPOT_INDEX,False,True,311140.0,311140.0,0.0
2024-03-19,supramax,2024,15995.0,16339.0,344.0,256.5737908353747,-69.89795918367346,SPOT_INDEX,False,True,319900.0,319900.0,0.0
2024-03-20,supramax,2024,16339.0,16576.0,237.0,155.39855692938372,-69.89795918367346,SPOT_INDEX,False,True,326780.0,326780.0,0.0
2024-03-21,supramax,2024,16576.0,16792.0,216.0,119.15749174837062,-69.89795918367346,SPOT_INDEX,False,True,331520.0,331520.0,0.0
2024-03-22,supramax,2024,16792.0,16839.0,47.0,117.4235497842546,-69.89795918367346,SPOT_INDEX,False,True,335840.0,335840.0,0.0
2024-03-25,supramax,2024,16839.0,16712.0,-127.0,34.574491549429005,-69.89795918367346,SPOT_INDEX,False,False,336780.0,336780.0,0.0
2024-03-26,supramax,2024,16712.0,16373.0,-339.0,-127.73844178177355,-69.89795918367346,WAIT,True,True,334240.0,329960.0,4280.0
2024-03-27,supramax,2024,16373.0,16020.0,-353.0,-346.62637104072434,-69.89795918367346,WAIT,True,True,327460.0,322900.0,4560.0
2024-03-28,supramax,2024,16020.0,15608.0,-412.0,-368.8653505627861,-69.89795918367346,WAIT,True,True,320400.0,314660.0,5740.0
2024-03-29,supramax,2024,15608.0,15273.0,-335.0,-361.3230846396268,-69.89795918367346,WAIT,True,True,312160.0,307960.0,4200.0
2024-04-01,supramax,2024,15273.0,15109.0,-164.0,-285.3486875431265,-69.89795918367346,WAIT,True,True,305460.0,304680.0,780.0
2024-04-02,supramax,2024,15109.0,14992.0,-117.0,-94.35077568674119,-69.89795918367346,WAIT,True,True,302180.0,302340.0,-160.0
2024-04-03,supramax,2024,14992.0,14740.0,-252.0,-84.94533418226364,-69.89795918367346,WAIT,True,True,299840.0,297300.0,2540.0
2024-04-04,supramax,2024,14740.0,14518.0,-222.0,-222.07162195157264,-69.89795918367346,WAIT,True,True,294800.0,292860.0,1940.0
2024-04-05,supramax,2024,14518.0,14398.0,-120.0,-237.97276753299968,-69.89795918367346,WAIT,True,True,290360.0,290460.0,-100.0
2024-04-08,supramax,2024,14398.0,14301.0,-97.0,-85.95832636370774,-69.89795918367346,WAIT,True,True,287960.0,288520.0,-560.0
2024-04-09,supramax,2024,14301.0,14222.0,-79.0,-78.46656277947774,-69.89795918367346,WAIT,True,True,286020.0,286940.0,-920.0
2024-04-11,supramax,2024,14222.0,14279.0,57.0,-70.59887363570795,-69.89795918367346,WAIT,True,False,284440.0,288080.0,-3640.0
2024-04-12,supramax,2024,14279.0,14390.0,111.0,57.45720041323334,-69.89795918367346,SPOT_INDEX,False,True,285580.0,285580.0,0.0
2024-04-15,supramax,2024,14390.0,14605.0,215.0,81.33301309135167,-69.89795918367346,SPOT_INDEX,False,True,287800.0,287800.0,0.0
2024-04-16,supramax,2024,14605.0,14805.0,200.0,128.5568819078715,-69.89795918367346,SPOT_INDEX,False,True,292100.0,292100.0,0.0
2024-04-17,supramax,2024,14805.0,15207.0,402.0,119.22456519706571,-69.89795918367346,SPOT_INDEX,False,True,296100.0,296100.0,0.0
2024-04-18,supramax,2024,15207.0,15585.0,378.0,361.1016550444872,-69.89795918367346,SPOT_INDEX,False,True,304140.0,304140.0,0.0
2024-04-19,supramax,2024,15585.0,15835.0,250.0,258.04237738304454,-69.89795918367346,SPOT_INDEX,False,True,311700.0,311700.0,0.0
2024-04-22,supramax,2024,15835.0,16032.0,197.0,101.47250075982323,-69.89795918367346,SPOT_INDEX,False,True,316700.0,316700.0,0.0
2024-04-23,supramax,2024,16032.0,16459.0,427.0,125.15962924972928,-69.89795918367346,SPOT_INDEX,False,True,320640.0,320640.0,0.0
2024-04-24,supramax,2024,16459.0,16837.0,378.0,249.83454386357832,-69.89795918367346,SPOT_INDEX,False,True,329180.0,329180.0,0.0
2024-04-25,supramax,2024,16837.0,17239.0,402.0,297.5510142304011,-69.89795918367346,SPOT_INDEX,False,True,336740.0,336740.0,0.0
2024-04-26,supramax,2024,17239.0,17393.0,154.0,248.28370568753,-69.89795918367346,SPOT_INDEX,False,True,344780.0,344780.0,0.0
2024-04-29,supramax,2024,17393.0,17295.0,-98.0,21.042696183290612,-69.89795918367346,SPOT_INDEX,False,False,347860.0,347860.0,0.0
2024-04-30,supramax,2024,17295.0,16827.0,-468.0,-76.37630319300712,-69.89795918367346,WAIT,True,True,345900.0,339040.0,6860.0
2024-05-02,supramax,2024,16827.0,16617.0,-210.0,-254.32074029446576,-69.89795918367346,WAIT,True,True,336540.0,334840.0,1700.0
2024-05-03,supramax,2024,16617.0,16689.0,72.0,-108.60098234231522,-69.89795918367346,WAIT,True,False,332340.0,336280.0,-3940.0
2024-05-07,supramax,2024,16689.0,16847.0,158.0,106.2016344132307,-69.89795918367346,SPOT_INDEX,False,True,333780.0,333780.0,0.0
2024-05-08,supramax,2024,16847.0,17151.0,304.0,127.16067404417157,-69.89795918367346,SPOT_INDEX,False,True,336940.0,336940.0,0.0
2024-05-09,supramax,2024,17151.0,17334.0,183.0,139.3774876047951,-69.89795918367346,SPOT_INDEX,False,True,343020.0,343020.0,0.0
2024-05-10,supramax,2024,17334.0,17341.0,7.0,118.68009012816505,-69.89795918367346,SPOT_INDEX,False,True,346680.0,346680.0,0.0
2024-05-13,supramax,2024,17341.0,17161.0,-180.0,29.068437075519054,-69.89795918367346,SPOT_INDEX,False,False,346820.0,346820.0,0.0
2024-05-14,supramax,2024,17161.0,16729.0,-432.0,-33.400626665116235,-69.89795918367346,SPOT_INDEX,False,True,343220.0,343220.0,0.0
2024-05-16,supramax,2024,16729.0,16531.0,-198.0,-318.39831570743195,-69.89795918367346,WAIT,True,True,334580.0,333120.0,1460.0
2024-05-17,supramax,2024,16531.0,16363.0,-168.0,-169.3582176219299,-69.89795918367346,WAIT,True,True,330620.0,329760.0,860.0
2024-05-20,supramax,2024,16363.0,16335.0,-28.0,-48.67261672583851,-69.89795918367346,SPOT_INDEX,False,True,327260.0,327260.0,0.0
2024-05-21,supramax,2024,16335.0,16181.0,-154.0,-78.0181805255369,-69.89795918367346,WAIT,True,True,326700.0,326120.0,580.0
2024-05-22,supramax,2024,16181.0,16004.0,-177.0,-88.50679894527701,-69.89795918367346,WAIT,True,True,323620.0,322580.0,1040.0
2024-05-23,supramax,2024,16004.0,15656.0,-348.0,-87.5761303874513,-69.89795918367346,WAIT,True,True,320080.0,315620.0,4460.0
2024-05-24,supramax,2024,15656.0,15296.0,-360.0,-266.23111524098925,-69.89795918367346,WAIT,True,True,313120.0,308420.0,4700.0
2024-05-27,supramax,2024,15296.0,15007.0,-289.0,-223.10878070182625,-69.89795918367346,WAIT,True,True,305920.0,302640.0,3280.0
2024-05-28,supramax,2024,15007.0,14678.0,-329.0,-118.06503119083436,-69.89795918367346,WAIT,True,True,300140.0,296060.0,4080.0
2024-05-29,supramax,2024,14678.0,14607.0,-71.0,-241.0721614906656,-69.89795918367346,WAIT,True,True,293560.0,294640.0,-1080.0
2024-05-30,supramax,2024,14607.0,14623.0,16.0,-28.401892077997488,-69.89795918367346,SPOT_INDEX,False,False,292140.0,292140.0,0.0
2024-05-31,supramax,2024,14623.0,14570.0,-53.0,12.301109729115021,-69.89795918367346,SPOT_INDEX,False,False,292460.0,292460.0,0.0
2024-06-03,supramax,2024,14570.0,14558.0,-12.0,-53.14449480452831,-69.89795918367346,SPOT_INDEX,False,True,291400.0,291400.0,0.0
2024-06-04,supramax,2024,14558.0,14528.0,-30.0,-63.197612457188704,-69.89795918367346,SPOT_INDEX,False,True,291160.0,291160.0,0.0
2024-06-05,supramax,2024,14528.0,14622.0,94.0,-63.84805896370201,-69.89795918367346,SPOT_INDEX,False,False,290560.0,290560.0,0.0
2024-06-07,supramax,2024,14622.0,14498.0,-124.0,68.93487361777879,-69.89795918367346,SPOT_INDEX,False,False,292440.0,292440.0,0.0
2024-06-10,supramax,2024,14498.0,14598.0,100.0,-38.60327541330753,-69.89795918367346,SPOT_INDEX,False,False,289960.0,289960.0,0.0
2024-06-11,supramax,2024,14598.0,14845.0,247.0,61.788064660321005,-69.89795918367346,SPOT_INDEX,False,True,291960.0,291960.0,0.0
2024-06-12,supramax,2024,14845.0,15241.0,396.0,117.75448242262817,-69.89795918367346,SPOT_INDEX,False,True,296900.0,296900.0,0.0
2024-06-13,supramax,2024,15241.0,15569.0,328.0,238.7815359811475,-69.89795918367346,SPOT_INDEX,False,True,304820.0,304820.0,0.0
2024-06-14,supramax,2024,15569.0,15811.0,242.0,132.9704654057466,-69.89795918367346,SPOT_INDEX,False,True,311380.0,311380.0,0.0
2024-06-17,supramax,2024,15811.0,15885.0,74.0,113.89937982311805,-69.89795918367346,SPOT_INDEX,False,True,316220.0,316220.0,0.0
2024-06-18,supramax,2024,15885.0,15950.0,65.0,57.582847211671506,-69.89795918367346,SPOT_INDEX,False,True,317700.0,317700.0,0.0
2024-06-19,supramax,2024,15950.0,16053.0,103.0,45.20300954826367,-69.89795918367346,SPOT_INDEX,False,True,319000.0,319000.0,0.0
2024-06-20,supramax,2024,16053.0,16095.0,42.0,70.01770755356894,-69.89795918367346,SPOT_INDEX,False,True,321060.0,321060.0,0.0
2024-06-21,supramax,2024,16095.0,16096.0,1.0,34.17856760679476,-69.89795918367346,SPOT_INDEX,False,True,321900.0,321900.0,0.0
2024-06-24,supramax,2024,16096.0,16202.0,106.0,23.952631729659583,-69.89795918367346,SPOT_INDEX,False,True,321920.0,321920.0,0.0
2024-06-25,supramax,2024,16202.0,16299.0,97.0,75.67236261585714,-69.89795918367346,SPOT_INDEX,False,True,324040.0,324040.0,0.0
2024-06-26,supramax,2024,16299.0,16318.0,19.0,62.59200557600261,-69.89795918367346,SPOT_INDEX,False,True,325980.0,325980.0,0.0
2024-06-27,supramax,2024,16318.0,16372.0,54.0,11.782768675849205,-69.89795918367346,SPOT_INDEX,False,True,326360.0,326360.0,0.0
2024-06-28,supramax,2024,16372.0,16249.0,-123.0,56.57320855851919,-69.89795918367346,SPOT_INDEX,False,False,327440.0,327440.0,0.0
2024-07-01,supramax,2024,16249.0,15968.0,-281.0,-74.3472114657447,-69.89795918367346,WAIT,True,True,324980.0,321860.0,3120.0
2024-07-02,supramax,2024,15968.0,15782.0,-186.0,-164.65022076186776,-69.89795918367346,WAIT,True,True,319360.0,318140.0,1220.0
2024-07-03,supramax,2024,15782.0,15660.0,-122.0,-131.02033886797892,-69.89795918367346,WAIT,True,True,315640.0,315700.0,-60.0
2024-07-04,supramax,2024,15660.0,15743.0,83.0,-111.51881539425503,-69.89795918367346,WAIT,True,False,313200.0,317360.0,-4160.0
2024-07-05,supramax,2024,15743.0,15824.0,81.0,71.19113949710899,-69.89795918367346,SPOT_INDEX,False,True,314860.0,314860.0,0.0
2024-07-08,supramax,2024,15824.0,15859.0,35.0,34.740219994618066,-69.89795918367346,SPOT_INDEX,False,True,316480.0,316480.0,0.0
2024-07-09,supramax,2024,15859.0,16066.0,207.0,20.467869581489765,-69.89795918367346,SPOT_INDEX,False,True,317180.0,317180.0,0.0
2024-07-10,supramax,2024,16066.0,16321.0,255.0,100.52036436826624,-69.89795918367346,SPOT_INDEX,False,True,321320.0,321320.0,0.0
2024-07-11,supramax,2024,16321.0,16400.0,79.0,117.75448242262817,-69.89795918367346,SPOT_INDEX,False,True,326420.0,326420.0,0.0
2024-07-12,supramax,2024,16400.0,16544.0,144.0,60.229372556092265,-69.89795918367346,SPOT_INDEX,False,True,328000.0,328000.0,0.0
2024-07-15,supramax,2024,16544.0,16763.0,219.0,107.79796219236816,-69.89795918367346,SPOT_INDEX,False,True,330880.0,330880.0,0.0
2024-07-16,supramax,2024,16763.0,16688.0,-75.0,121.83905571566844,-69.89795918367346,SPOT_INDEX,False,False,335260.0,335260.0,0.0
2024-07-17,supramax,2024,16688.0,16630.0,-58.0,-58.34526292081525,-69.89795918367346,SPOT_INDEX,False,True,333760.0,333760.0,0.0
2024-07-18,supramax,2024,16630.0,16615.0,-15.0,-7.389172590449828,-69.89795918367346,SPOT_INDEX,False,True,332600.0,332600.0,0.0
2024-07-19,supramax,2024,16615.0,16499.0,-116.0,-339.47479405122175,-69.89795918367346,WAIT,True,True,332300.0,332480.0,-180.0
2024-07-22,supramax,2024,16499.0,16455.0,-44.0,-78.05207081350049,-69.89795918367346,WAIT,True,True,329980.0,331600.0,-1620.0
2024-07-23,supramax,2024,16455.0,16538.0,83.0,-45.5765139931308,-69.89795918367346,SPOT_INDEX,False,False,329100.0,329100.0,0.0
2024-07-24,supramax,2024,16538.0,16681.0,143.0,50.737068015789674,-69.89795918367346,SPOT_INDEX,False,True,330760.0,330760.0,0.0
2024-07-25,supramax,2024,16681.0,16682.0,1.0,107.20879731033145,-69.89795918367346,SPOT_INDEX,False,True,333620.0,333620.0,0.0
2024-07-26,supramax,2024,16682.0,16640.0,-42.0,7.673524023498846,-69.89795918367346,SPOT_INDEX,False,False,333640.0,333640.0,0.0
2024-07-29,supramax,2024,16640.0,16612.0,-28.0,-27.18422095624243,-69.89795918367346,SPOT_INDEX,False,True,332800.0,332800.0,0.0
2024-07-30,supramax,2024,16612.0,16446.0,-166.0,-48.036736128790245,-69.89795918367346,SPOT_INDEX,False,True,332240.0,332240.0,0.0
2024-07-31,supramax,2024,16446.0,16262.0,-184.0,-88.82026613347522,-69.89795918367346,WAIT,True,True,328920.0,327740.0,1180.0
2024-08-01,supramax,2024,16262.0,16158.0,-104.0,-78.45177017241161,-69.89795918367346,WAIT,True,True,325240.0,325660.0,-420.0
2024-08-02,supramax,2024,16158.0,16022.0,-136.0,-65.3489376783169,-69.89795918367346,SPOT_INDEX,False,True,323160.0,323160.0,0.0
2024-08-05,supramax,2024,16022.0,15990.0,-32.0,-75.51302599148762,-69.89795918367346,WAIT,True,True,320440.0,322300.0,-1860.0
2024-08-06,supramax,2024,15990.0,15833.0,-157.0,-50.30809949346991,-69.89795918367346,SPOT_INDEX,False,True,319800.0,319800.0,0.0
2024-08-07,supramax,2024,15833.0,15709.0,-124.0,-46.709464459488515,-69.89795918367346,SPOT_INDEX,False,True,316660.0,316660.0,0.0
2024-08-08,supramax,2024,15709.0,15651.0,-58.0,-78.5106421613191,-69.89795918367346,WAIT,True,True,314180.0,315520.0,-1340.0
2024-08-09,supramax,2024,15651.0,15592.0,-59.0,-32.88490825314754,-69.89795918367346,SPOT_INDEX,False,True,313020.0,313020.0,0.0
2024-08-12,supramax,2024,15592.0,15511.0,-81.0,-64.68356155307787,-69.89795918367346,SPOT_INDEX,False,True,311840.0,311840.0,0.0
2024-08-13,supramax,2024,15511.0,15554.0,43.0,-56.11450928454804,-69.89795918367346,SPOT_INDEX,False,False,310220.0,310220.0,0.0
2024-08-14,supramax,2024,15554.0,15644.0,90.0,49.058094359343116,-69.89795918367346,SPOT_INDEX,False,True,311080.0,311080.0,0.0
2024-08-16,supramax,2024,15644.0,15677.0,33.0,63.573074414523255,-69.89795918367346,SPOT_INDEX,False,True,312880.0,312880.0,0.0
2024-08-19,supramax,2024,15677.0,15759.0,82.0,46.30753193032384,-69.89795918367346,SPOT_INDEX,False,True,313540.0,313540.0,0.0
2024-08-20,supramax,2024,15759.0,15819.0,60.0,67.80304113273057,-69.89795918367346,SPOT_INDEX,False,True,315180.0,315180.0,0.0
2024-08-21,supramax,2024,15819.0,15833.0,14.0,61.338254558421006,-69.89795918367346,SPOT_INDEX,False,True,316380.0,316380.0,0.0
2024-08-22,supramax,2024,15833.0,15786.0,-47.0,18.072911255610624,-69.89795918367346,SPOT_INDEX,False,False,316660.0,316660.0,0.0
2024-08-23,supramax,2024,15786.0,15868.0,82.0,-50.08620879037889,-69.89795918367346,SPOT_INDEX,False,False,315720.0,315720.0,0.0
2024-08-26,supramax,2024,15868.0,15838.0,-30.0,-2.0162347611871443,-69.89795918367346,SPOT_INDEX,False,True,317360.0,317360.0,0.0
2024-08-27,supramax,2024,15838.0,15828.0,-10.0,-61.576695599022344,-69.89795918367346,SPOT_INDEX,False,True,316760.0,316760.0,0.0
2024-08-28,supramax,2024,15828.0,15811.0,-17.0,-17.948203136003077,-69.89795918367346,SPOT_INDEX,False,True,316560.0,316560.0,0.0
2024-08-29,supramax,2024,15811.0,15773.0,-38.0,-65.04094002513817,-69.89795918367346,SPOT_INDEX,False,True,316220.0,316220.0,0.0
2024-08-30,supramax,2024,15773.0,15692.0,-81.0,-52.073555622179896,-69.89795918367346,SPOT_INDEX,False,True,315460.0,315460.0,0.0
2024-09-02,supramax,2024,15692.0,15585.0,-107.0,-48.18506733027298,-69.89795918367346,SPOT_INDEX,False,True,313840.0,313840.0,0.0
2024-09-03,supramax,2024,15585.0,15504.0,-81.0,-63.95338443176833,-69.89795918367346,SPOT_INDEX,False,True,311700.0,311700.0,0.0
2024-09-04,supramax,2024,15504.0,15381.0,-123.0,-33.04002611764886,-69.89795918367346,SPOT_INDEX,False,True,310080.0,310080.0,0.0
2024-09-05,supramax,2024,15381.0,15297.0,-84.0,-79.90366471431867,-69.89795918367346,WAIT,True,True,307620.0,308440.0,-820.0
2024-09-06,supramax,2024,15297.0,15258.0,-39.0,-50.33871961317325,-69.89795918367346,SPOT_INDEX,False,True,305940.0,305940.0,0.0
2024-09-09,supramax,2024,15258.0,15257.0,-1.0,-60.29408807330553,-69.89795918367346,SPOT_INDEX,False,True,305160.0,305160.0,0.0
2024-09-10,supramax,2024,15257.0,15317.0,60.0,16.184413712147585,-69.89795918367346,SPOT_INDEX,False,True,305140.0,305140.0,0.0
2024-09-11,supramax,2024,15317.0,15449.0,132.0,47.203827404547035,-69.89795918367346,SPOT_INDEX,False,True,306340.0,306340.0,0.0
2024-09-12,supramax,2024,15449.0,15665.0,216.0,116.97329687063875,-69.89795918367346,SPOT_INDEX,False,True,308980.0,308980.0,0.0
2024-09-13,supramax,2024,15665.0,16152.0,487.0,127.66846335782571,-69.89795918367346,SPOT_INDEX,False,True,313300.0,313300.0,0.0
2024-09-19,supramax,2024,16152.0,16492.0,340.0,482.7133192620658,-69.89795918367346,SPOT_INDEX,False,True,323040.0,323040.0,0.0
2024-09-20,supramax,2024,16492.0,16704.0,212.0,233.50869165589586,-69.89795918367346,SPOT_INDEX,False,True,329840.0,329840.0,0.0
2024-09-23,supramax,2024,16704.0,16858.0,154.0,122.84708064111834,-69.89795918367346,SPOT_INDEX,False,True,334080.0,334080.0,0.0
2024-09-24,supramax,2024,16858.0,17063.0,205.0,109.70843624198841,-69.89795918367346,SPOT_INDEX,False,True,337160.0,337160.0,0.0
2024-09-25,supramax,2024,17063.0,17092.0,29.0,138.07331170530693,-69.89795918367346,SPOT_INDEX,False,True,341260.0,341260.0,0.0
2024-09-26,supramax,2024,17092.0,17065.0,-27.0,47.460117439552725,-69.89795918367346,SPOT_INDEX,False,False,341840.0,341840.0,0.0
2024-09-27,supramax,2024,17065.0,16894.0,-171.0,-27.18422095624243,-69.89795918367346,SPOT_INDEX,False,True,341300.0,341300.0,0.0
2024-09-30,supramax,2024,16894.0,16537.0,-357.0,-112.18607037002779,-69.89795918367346,WAIT,True,True,337880.0,333240.0,4640.0
2024-10-02,supramax,2024,16537.0,16162.0,-375.0,-261.72496695894023,-69.89795918367346,WAIT,True,True,330740.0,325740.0,5000.0
2024-10-04,supramax,2024,16162.0,16076.0,-86.0,-244.87178683360517,-69.89795918367346,WAIT,True,True,323240.0,324020.0,-780.0
2024-10-07,supramax,2024,16076.0,16161.0,85.0,-69.45554141916332,-69.89795918367346,SPOT_INDEX,False,False,321520.0,321520.0,0.0
2024-10-08,supramax,2024,16161.0,16236.0,75.0,62.803945523297536,-69.89795918367346,SPOT_INDEX,False,True,323220.0,323220.0,0.0
2024-10-10,supramax,2024,16236.0,16208.0,-28.0,30.319977945473852,-69.89795918367346,SPOT_INDEX,False,False,324720.0,324720.0,0.0
2024-10-11,supramax,2024,16208.0,16128.0,-80.0,-67.59436662199347,-69.89795918367346,SPOT_INDEX,False,True,324160.0,324160.0,0.0
2024-10-14,supramax,2024,16128.0,16019.0,-109.0,-51.18100722499487,-69.89795918367346,SPOT_INDEX,False,True,322560.0,322560.0,0.0
2024-10-15,supramax,2024,16019.0,15962.0,-57.0,-92.16514714208336,-69.89795918367346,WAIT,True,True,320380.0,321740.0,-1360.0
2024-10-16,supramax,2024,15962.0,15814.0,-148.0,-61.70377999897737,-69.89795918367346,SPOT_INDEX,False,True,319240.0,319240.0,0.0
2024-10-17,supramax,2024,15814.0,15646.0,-168.0,-122.6392952796474,-69.89795918367346,WAIT,True,True,316280.0,315420.0,860.0
2024-10-18,supramax,2024,15646.0,15547.0,-99.0,-108.05302186474015,-69.89795918367346,WAIT,True,True,312920.0,313440.0,-520.0
2024-10-21,supramax,2024,15547.0,15394.0,-153.0,-68.63341214398599,-69.89795918367346,SPOT_INDEX,False,True,310940.0,310940.0,0.0
2024-10-22,supramax,2024,15394.0,15377.0,-17.0,-91.46786829481171,-69.89795918367346,WAIT,True,True,307880.0,310040.0,-2160.0
2024-10-23,supramax,2024,15377.0,15329.0,-48.0,-51.52328969638192,-69.89795918367346,SPOT_INDEX,False,True,307540.0,307540.0,0.0
2024-10-24,supramax,2024,15329.0,15183.0,-146.0,-53.9529774268357,-69.89795918367346,SPOT_INDEX,False,True,306580.0,306580.0,0.0
2024-10-25,supramax,2024,15183.0,15056.0,-127.0,-85.87737896217067,-69.89795918367346,WAIT,True,True,303660.0,303620.0,40.0
2024-10-28,supramax,2024,15056.0,14536.0,-520.0,-77.33272442345404,-69.89795918367346,WAIT,True,True,301120.0,293220.0,7900.0
2024-10-30,supramax,2024,14536.0,14296.0,-240.0,-366.6080997429224,-69.89795918367346,WAIT,True,True,290720.0,288420.0,2300.0
2024-10-31,supramax,2024,14296.0,14129.0,-167.0,-227.46398168181244,-69.89795918367346,WAIT,True,True,285920.0,285080.0,840.0
2024-11-01,supramax,2024,14129.0,13886.0,-243.0,-69.92257225428796,-69.89795918367346,WAIT,True,True,282580.0,280220.0,2360.0
2024-11-04,supramax,2024,13886.0,13899.0,13.0,-225.8673571535532,-69.89795918367346,WAIT,True,False,277720.0,280480.0,-2760.0
2024-11-05,supramax,2024,13899.0,13753.0,-146.0,-0.7801846351817335,-69.89795918367346,SPOT_INDEX,False,True,277980.0,277980.0,0.0
2024-11-06,supramax,2024,13753.0,13637.0,-116.0,-73.33389918687452,-69.89795918367346,WAIT,True,True,275060.0,275240.0,-180.0
2024-11-07,supramax,2024,13637.0,13508.0,-129.0,-44.42823728559994,-69.89795918367346,SPOT_INDEX,False,True,272740.0,272740.0,0.0
2024-11-08,supramax,2024,13508.0,13240.0,-268.0,-43.0622757674776,-69.89795918367346,SPOT_INDEX,False,True,270160.0,270160.0,0.0
2024-11-11,supramax,2024,13240.0,13098.0,-142.0,-139.260782124048,-69.89795918367346,WAIT,True,True,264800.0,264460.0,340.0
2024-11-12,supramax,2024,13098.0,13142.0,44.0,-80.74590513747069,-69.89795918367346,WAIT,True,False,261960.0,265340.0,-3380.0
2024-11-13,supramax,2024,13142.0,12901.0,-241.0,4.948262930086266,-69.89795918367346,SPOT_INDEX,False,False,262840.0,262840.0,0.0
2024-11-14,supramax,2024,12901.0,12805.0,-96.0,-261.70714200072854,-69.89795918367346,WAIT,True,True,258020.0,258600.0,-580.0
2024-11-15,supramax,2024,12805.0,12801.0,-4.0,-78.29916051770137,-69.89795918367346,WAIT,True,True,256100.0,258520.0,-2420.0
2024-11-18,supramax,2024,12801.0,12702.0,-99.0,-17.13140353459702,-69.89795918367346,SPOT_INDEX,False,True,256020.0,256020.0,0.0
2024-11-19,supramax,2024,12702.0,12504.0,-198.0,-100.36668833275824,-69.89795918367346,WAIT,True,True,254040.0,252580.0,1460.0
2024-11-20,supramax,2024,12504.0,12444.0,-60.0,-158.6801032327474,-69.89795918367346,WAIT,True,True,250080.0,251380.0,-1300.0
2024-11-21,supramax,2024,12444.0,12368.0,-76.0,-53.032048373936284,-69.89795918367346,SPOT_INDEX,False,True,248880.0,248880.0,0.0
2024-11-22,supramax,2024,12368.0,12378.0,10.0,-73.65694252803257,-69.89795918367346,WAIT,True,False,247360.0,250060.0,-2700.0
2024-11-25,supramax,2024,12378.0,12421.0,43.0,18.2145850821287,-69.89795918367346,SPOT_INDEX,False,True,247560.0,247560.0,0.0
2024-11-26,supramax,2024,12421.0,12377.0,-44.0,35.18941897022114,-69.89795918367346,SPOT_INDEX,False,False,248420.0,248420.0,0.0
2024-11-27,supramax,2024,12377.0,12361.0,-16.0,-70.12347292229936,-69.89795918367346,WAIT,True,True,247540.0,249720.0,-2180.0
2024-11-28,supramax,2024,12361.0,12390.0,29.0,-34.27533390527215,-69.89795918367346,SPOT_INDEX,False,False,247220.0,247220.0,0.0
2024-11-29,supramax,2024,12390.0,12383.0,-7.0,-6.762988481778569,-69.89795918367346,SPOT_INDEX,False,True,247800.0,247800.0,0.0
2024-12-02,supramax,2024,12383.0,12390.0,7.0,-0.06989295841011753,-69.89795918367346,SPOT_INDEX,False,False,247660.0,247660.0,0.0
2024-12-03,supramax,2024,12390.0,12408.0,18.0,-4.6101944752244,-69.89795918367346,SPOT_INDEX,False,False,247800.0,247800.0,0.0
2024-12-04,supramax,2024,12408.0,12432.0,24.0,21.89579720063088,-69.89795918367346,SPOT_INDEX,False,True,248160.0,248160.0,0.0
2024-12-05,supramax,2024,12432.0,12313.0,-119.0,13.734986362146572,-69.89795918367346,SPOT_INDEX,False,False,248640.0,248640.0,0.0
2024-12-06,supramax,2024,12313.0,12231.0,-82.0,-78.12278924988522,-69.89795918367346,WAIT,True,True,246260.0,247120.0,-860.0
2024-12-09,supramax,2024,12231.0,12211.0,-20.0,-49.14984441120928,-69.89795918367346,SPOT_INDEX,False,True,244620.0,244620.0,0.0
2024-12-10,supramax,2024,12211.0,12168.0,-43.0,-47.21016234229036,-69.89795918367346,SPOT_INDEX,False,True,244220.0,244220.0,0.0
2024-12-11,supramax,2024,12168.0,12100.0,-68.0,-63.397064522378216,-69.89795918367346,SPOT_INDEX,False,True,243360.0,243360.0,0.0
2024-12-12,supramax,2024,12100.0,12165.0,65.0,-70.39750341642082,-69.89795918367346,WAIT,True,False,242000.0,245800.0,-3800.0
2024-12-13,supramax,2024,12165.0,12177.0,12.0,43.83146605895071,-69.89795918367346,SPOT_INDEX,False,True,243300.0,243300.0,0.0
2024-12-16,supramax,2024,12177.0,12020.0,-157.0,-18.308782032427004,-69.89795918367346,SPOT_INDEX,False,True,243540.0,243540.0,0.0
2024-12-17,supramax,2024,12020.0,12004.0,-16.0,-85.82891690224929,-69.89795918367346,WAIT,True,True,240400.0,242580.0,-2180.0
2024-12-18,supramax,2024,12004.0,12021.0,17.0,-74.66547699468312,-69.89795918367346,WAIT,True,False,240080.0,242920.0,-2840.0
2024-12-19,supramax,2024,12021.0,12005.0,-16.0,-10.95419576098539,-69.89795918367346,SPOT_INDEX,False,True,240420.0,240420.0,0.0
2024-12-20,supramax,2024,12005.0,11851.0,-154.0,-59.57508109928724,-69.89795918367346,SPOT_INDEX,False,True,240100.0,240100.0,0.0
2024-12-23,supramax,2024,11851.0,11640.0,-211.0,-70.07126193490485,-69.89795918367346,WAIT,True,True,237020.0,235300.0,1720.0
2024-12-24,supramax,2024,11640.0,11422.0,-218.0,-140.24576285212106,-69.89795918367346,WAIT,True,True,232800.0,230940.0,1860.0
2024-01-02,handy,2024,10277.0,10312.0,35.0,-190.23610283271185,-198.9795918367347,SPOT_INDEX,False,False,205540.0,205540.0,0.0
2024-01-03,handy,2024,10312.0,10129.0,-183.0,-157.19718005005564,-198.9795918367347,SPOT_INDEX,False,True,206240.0,206240.0,0.0
2024-01-04,handy,2024,10129.0,10289.0,160.0,-223.8418694684438,-198.9795918367347,WAIT,True,False,202580.0,208280.0,-5700.0
2024-01-05,handy,2024,10289.0,10169.0,-120.0,3.8070194353007194,-198.9795918367347,SPOT_INDEX,False,False,205780.0,205780.0,0.0
2024-01-08,handy,2024,10169.0,10102.0,-67.0,-90.48190117978461,-198.9795918367347,SPOT_INDEX,False,True,203380.0,203380.0,0.0
2024-01-09,handy,2024,10102.0,9938.0,-164.0,-90.17606552946881,-198.9795918367347,SPOT_INDEX,False,True,202040.0,202040.0,0.0
2024-01-10,handy,2024,9938.0,9902.0,-36.0,-211.00286934053244,-198.9795918367347,WAIT,True,True,198760.0,200540.0,-1780.0
2024-01-11,handy,2024,9902.0,9829.0,-73.0,-182.48167867276962,-198.9795918367347,SPOT_INDEX,False,True,198040.0,198040.0,0.0
2024-01-12,handy,2024,9829.0,9669.0,-160.0,-79.26716287907966,-198.9795918367347,SPOT_INDEX,False,True,196580.0,196580.0,0.0
2024-01-15,handy,2024,9669.0,9602.0,-67.0,-213.95768578840594,-198.9795918367347,WAIT,True,True,193380.0,194540.0,-1160.0
2024-01-16,handy,2024,9602.0,9561.0,-41.0,-57.309838932949326,-198.9795918367347,SPOT_INDEX,False,True,192040.0,192040.0,0.0
2024-01-17,handy,2024,9561.0,9542.0,-19.0,-40.92989286310268,-198.9795918367347,SPOT_INDEX,False,True,191220.0,191220.0,0.0
2024-01-18,handy,2024,9542.0,9569.0,27.0,-138.43867326205157,-198.9795918367347,SPOT_INDEX,False,False,190840.0,190840.0,0.0
2024-01-19,handy,2024,9569.0,9564.0,-5.0,-4.739204648441594,-198.9795918367347,SPOT_INDEX,False,True,191380.0,191380.0,0.0
2024-01-22,handy,2024,9564.0,9532.0,-32.0,-123.24954474897248,-198.9795918367347,SPOT_INDEX,False,True,191280.0,191280.0,0.0
2024-01-23,handy,2024,9532.0,9563.0,31.0,-53.46824820550337,-198.9795918367347,SPOT_INDEX,False,False,190640.0,190640.0,0.0
2024-01-24,handy,2024,9563.0,9693.0,130.0,16.52040471508825,-198.9795918367347,SPOT_INDEX,False,True,191260.0,191260.0,0.0
2024-01-25,handy,2024,9693.0,9723.0,30.0,63.2260515671726,-198.9795918367347,SPOT_INDEX,False,True,193860.0,193860.0,0.0
2024-01-26,handy,2024,9723.0,9742.0,19.0,47.515993133458814,-198.9795918367347,SPOT_INDEX,False,True,194460.0,194460.0,0.0
2024-01-29,handy,2024,9742.0,9708.0,-34.0,29.635600866649803,-198.9795918367347,SPOT_INDEX,False,False,194840.0,194840.0,0.0
2024-01-30,handy,2024,9708.0,9650.0,-58.0,-31.30742030554781,-198.9795918367347,SPOT_INDEX,False,True,194160.0,194160.0,0.0
2024-01-31,handy,2024,9650.0,9616.0,-34.0,-42.224022604543364,-198.9795918367347,SPOT_INDEX,False,True,193000.0,193000.0,0.0
2024-02-01,handy,2024,9616.0,9525.0,-91.0,-122.46359878620024,-198.9795918367347,SPOT_INDEX,False,True,192320.0,192320.0,0.0
2024-02-02,handy,2024,9525.0,9456.0,-69.0,-68.13850439304989,-198.9795918367347,SPOT_INDEX,False,True,190500.0,190500.0,0.0
2024-02-05,handy,2024,9456.0,9459.0,3.0,-41.169098438968575,-198.9795918367347,SPOT_INDEX,False,False,189120.0,189120.0,0.0
2024-02-06,handy,2024,9459.0,9446.0,-13.0,35.02713500509644,-198.9795918367347,SPOT_INDEX,False,False,189180.0,189180.0,0.0
2024-02-07,handy,2024,9446.0,9549.0,103.0,30.190404702657943,-198.9795918367347,SPOT_INDEX,False,True,188920.0,188920.0,0.0
2024-02-08,handy,2024,9549.0,9661.0,112.0,60.9625199176922,-198.9795918367347,SPOT_INDEX,False,True,190980.0,190980.0,0.0
2024-02-13,handy,2024,9661.0,9713.0,52.0,143.79031349635832,-198.9795918367347,SPOT_INDEX,False,True,193220.0,193220.0,0.0
2024-02-14,handy,2024,9713.0,9764.0,51.0,20.52114502712367,-198.9795918367347,SPOT_INDEX,False,True,194260.0,194260.0,0.0
2024-02-15,handy,2024,9764.0,9698.0,-66.0,60.66329310305203,-198.9795918367347,SPOT_INDEX,False,False,195280.0,195280.0,0.0
2024-02-16,handy,2024,9698.0,9972.0,274.0,32.934621190069294,-198.9795918367347,SPOT_INDEX,False,True,193960.0,193960.0,0.0
2024-02-19,handy,2024,9972.0,10139.0,167.0,128.31196535935192,-198.9795918367347,SPOT_INDEX,False,True,199440.0,199440.0,0.0
2024-02-20,handy,2024,10139.0,10332.0,193.0,133.67919287718215,-198.9795918367347,SPOT_INDEX,False,True,202780.0,202780.0,0.0
2024-02-21,handy,2024,10332.0,10616.0,284.0,101.32917515722856,-198.9795918367347,SPOT_INDEX,False,True,206640.0,206640.0,0.0
2024-02-22,handy,2024,10616.0,10662.0,46.0,142.4358908833378,-198.9795918367347,SPOT_INDEX,False,True,212320.0,212320.0,0.0
2024-02-23,handy,2024,10662.0,10768.0,106.0,74.10780398751326,-198.9795918367347,SPOT_INDEX,False,True,213240.0,213240.0,0.0
2024-02-26,handy,2024,10768.0,11326.0,558.0,74.9342128754167,-198.9795918367347,SPOT_INDEX,False,True,215360.0,215360.0,0.0
2024-02-27,handy,2024,11326.0,11673.0,347.0,191.1938303717052,-198.9795918367347,SPOT_INDEX,False,True,226520.0,226520.0,0.0
2024-02-28,handy,2024,11673.0,12193.0,520.0,213.9123048663774,-198.9795918367347,SPOT_INDEX,False,True,233460.0,233460.0,0.0
2024-02-29,handy,2024,12193.0,12795.0,602.0,291.66264300959017,-198.9795918367347,SPOT_INDEX,False,True,243860.0,243860.0,0.0
2024-03-04,handy,2024,12795.0,13093.0,298.0,343.38673038847764,-198.9795918367347,SPOT_INDEX,False,True,255900.0,255900.0,0.0
2024-03-05,handy,2024,13093.0,13549.0,456.0,221.07137482382902,-198.9795918367347,SPOT_INDEX,False,True,261860.0,261860.0,0.0
2024-03-06,handy,2024,13549.0,13562.0,13.0,339.35791757428274,-198.9795918367347,SPOT_INDEX,False,True,270980.0,270980.0,0.0
2024-03-07,handy,2024,13562.0,13546.0,-16.0,56.16787216882112,-198.9795918367347,SPOT_INDEX,False,False,271240.0,271240.0,0.0
2024-03-08,handy,2024,13546.0,13304.0,-242.0,-28.589656558113347,-198.9795918367347,SPOT_INDEX,False,True,270920.0,270920.0,0.0
2024-03-11,handy,2024,13304.0,13096.0,-208.0,-182.44571847727224,-198.9795918367347,SPOT_INDEX,False,True,266080.0,266080.0,0.0
2024-03-12,handy,2024,13096.0,13029.0,-67.0,-125.28698695983316,-198.9795918367347,SPOT_INDEX,False,True,261920.0,261920.0,0.0
2024-03-13,handy,2024,13029.0,13039.0,10.0,-64.58379028794809,-198.9795918367347,SPOT_INDEX,False,False,260580.0,260580.0,0.0
2024-03-14,handy,2024,13039.0,13073.0,34.0,-5.431866049708521,-198.9795918367347,SPOT_INDEX,False,False,260780.0,260780.0,0.0
2024-03-15,handy,2024,13073.0,12990.0,-83.0,62.049577437696946,-198.9795918367347,SPOT_INDEX,False,False,261460.0,261460.0,0.0
2024-03-18,handy,2024,12990.0,13018.0,28.0,25.25929369581766,-198.9795918367347,SPOT_INDEX,False,True,259800.0,259800.0,0.0
2024-03-19,handy,2024,13018.0,13079.0,61.0,108.33631237115883,-198.9795918367347,SPOT_INDEX,False,True,260360.0,260360.0,0.0
2024-03-20,handy,2024,13079.0,13159.0,80.0,60.59378910504686,-198.9795918367347,SPOT_INDEX,False,True,261580.0,261580.0,0.0
2024-03-21,handy,2024,13159.0,13243.0,84.0,58.81852048208556,-198.9795918367347,SPOT_INDEX,False,True,263180.0,263180.0,0.0
2024-03-22,handy,2024,13243.0,13208.0,-35.0,58.81852048208556,-198.9795918367347,SPOT_INDEX,False,False,264860.0,264860.0,0.0
2024-03-25,handy,2024,13208.0,12992.0,-216.0,6.678544648736309,-198.9795918367347,SPOT_INDEX,False,False,264160.0,264160.0,0.0
2024-03-26,handy,2024,12992.0,12839.0,-153.0,-119.3108438523643,-198.9795918367347,SPOT_INDEX,False,True,259840.0,259840.0,0.0
2024-03-27,handy,2024,12839.0,12662.0,-177.0,-225.70922862788956,-198.9795918367347,WAIT,True,True,256780.0,255740.0,1040.0
2024-03-28,handy,2024,12662.0,12391.0,-271.0,-236.7673457146127,-198.9795918367347,WAIT,True,True,253240.0,250320.0,2920.0
2024-03-29,handy,2024,12391.0,12190.0,-201.0,-233.6463111150548,-198.9795918367347,WAIT,True,True,247820.0,246300.0,1520.0
2024-04-01,handy,2024,12190.0,12117.0,-73.0,-192.90982001630437,-198.9795918367347,SPOT_INDEX,False,True,243800.0,243800.0,0.0
2024-04-02,handy,2024,12117.0,12043.0,-74.0,-61.684334903598575,-198.9795918367347,SPOT_INDEX,False,True,242340.0,242340.0,0.0
2024-04-03,handy,2024,12043.0,11848.0,-195.0,-48.51608295533311,-198.9795918367347,SPOT_INDEX,False,True,240860.0,240860.0,0.0
2024-04-04,handy,2024,11848.0,11656.0,-192.0,-170.38230088254332,-198.9795918367347,SPOT_INDEX,False,True,236960.0,236960.0,0.0
2024-04-05,handy,2024,11656.0,11619.0,-37.0,-194.16845391551223,-198.9795918367347,SPOT_INDEX,False,True,233120.0,233120.0,0.0
2024-04-08,handy,2024,11619.0,11586.0,-33.0,-43.51645465178502,-198.9795918367347,SPOT_INDEX,False,True,232380.0,232380.0,0.0
2024-04-09,handy,2024,11586.0,11493.0,-93.0,-43.04474604433568,-198.9795918367347,SPOT_INDEX,False,True,231720.0,231720.0,0.0
2024-04-11,handy,2024,11493.0,11522.0,29.0,-57.04234904211552,-198.9795918367347,SPOT_INDEX,False,False,229860.0,229860.0,0.0
2024-04-12,handy,2024,11522.0,11422.0,-100.0,92.42311998376181,-198.9795918367347,SPOT_INDEX,False,False,230440.0,230440.0,0.0
2024-04-15,handy,2024,11422.0,11640.0,218.0,32.626712646256756,-198.9795918367347,SPOT_INDEX,False,True,228440.0,228440.0,0.0
2024-04-16,handy,2024,11640.0,11764.0,124.0,95.24678232473212,-198.9795918367347,SPOT_INDEX,False,True,232800.0,232800.0,0.0
2024-04-17,handy,2024,11764.0,12047.0,283.0,69.51526258902771,-198.9795918367347,SPOT_INDEX,False,True,235280.0,235280.0,0.0
2024-04-18,handy,2024,12047.0,12262.0,215.0,208.96512480492223,-198.9795918367347,SPOT_INDEX,False,True,240940.0,240940.0,0.0
2024-04-19,handy,2024,12262.0,12154.0,-108.0,131.9573837266951,-198.9795918367347,SPOT_INDEX,False,False,245240.0,245240.0,0.0
2024-04-22,handy,2024,12154.0,12355.0,201.0,31.237302009232316,-198.9795918367347,SPOT_INDEX,False,True,243080.0,243080.0,0.0
2024-04-23,handy,2024,12355.0,12468.0,113.0,92.1695842349928,-198.9795918367347,SPOT_INDEX,False,True,247100.0,247100.0,0.0
2024-04-24,handy,2024,12468.0,12704.0,236.0,107.76375101007157,-198.9795918367347,SPOT_INDEX,False,True,249360.0,249360.0,0.0
2024-04-25,handy,2024,12704.0,12689.0,-15.0,113.15153966373038,-198.9795918367347,SPOT_INDEX,False,False,254080.0,254080.0,0.0
2024-04-26,handy,2024,12689.0,12681.0,-8.0,73.832175080467,-198.9795918367347,SPOT_INDEX,False,False,253780.0,253780.0,0.0
2024-04-29,handy,2024,12681.0,12576.0,-105.0,34.59277594622199,-198.9795918367347,SPOT_INDEX,False,False,253620.0,253620.0,0.0
2024-04-30,handy,2024,12576.0,12260.0,-316.0,-60.930152720071185,-198.9795918367347,SPOT_INDEX,False,True,251520.0,251520.0,0.0
2024-05-02,handy,2024,12260.0,12159.0,-101.0,-234.57603435921283,-198.9795918367347,WAIT,True,True,245200.0,245680.0,-480.0
2024-05-03,handy,2024,12159.0,12255.0,96.0,-116.81153921610472,-198.9795918367347,SPOT_INDEX,False,False,243180.0,243180.0,0.0
2024-05-07,handy,2024,12255.0,12399.0,144.0,102.39983888233043,-198.9795918367347,SPOT_INDEX,False,True,245100.0,245100.0,0.0
2024-05-08,handy,2024,12399.0,12517.0,118.0,87.03837228877852,-198.9795918367347,SPOT_INDEX,False,True,247980.0,247980.0,0.0
2024-05-09,handy,2024,12517.0,12614.0,97.0,71.14950090405365,-198.9795918367347,SPOT_INDEX,False,True,250340.0,250340.0,0.0
2024-05-10,handy,2024,12614.0,12676.0,62.0,62.8530827370417,-198.9795918367347,SPOT_INDEX,False,True,252280.0,252280.0,0.0
2024-05-13,handy,2024,12676.0,12665.0,-11.0,23.58144960907189,-198.9795918367347,SPOT_INDEX,False,False,253520.0,253520.0,0.0
2024-05-14,handy,2024,12665.0,12526.0,-139.0,-57.74086143800521,-198.9795918367347,SPOT_INDEX,False,True,253300.0,253300.0,0.0
2024-05-16,handy,2024,12526.0,12393.0,-133.0,-222.16941631166566,-198.9795918367347,WAIT,True,True,250520.0,250360.0,160.0
2024-05-17,handy,2024,12393.0,12473.0,80.0,-146.7150025462214,-198.9795918367347,SPOT_INDEX,False,False,247860.0,247860.0,0.0
2024-05-20,handy,2024,12473.0,12255.0,-218.0,-15.53403847308403,-198.9795918367347,SPOT_INDEX,False,True,249460.0,249460.0,0.0
2024-05-21,handy,2024,12255.0,12170.0,-85.0,-87.12230140113127,-198.9795918367347,SPOT_INDEX,False,True,245100.0,245100.0,0.0
2024-05-22,handy,2024,12170.0,12076.0,-94.0,-63.13844705301435,-198.9795918367347,SPOT_INDEX,False,True,243400.0,243400.0,0.0
2024-05-23,handy,2024,12076.0,12064.0,-12.0,-73.60095074478997,-198.9795918367347,SPOT_INDEX,False,True,241520.0,241520.0,0.0
2024-05-24,handy,2024,12064.0,11985.0,-79.0,-150.6923837945768,-198.9795918367347,SPOT_INDEX,False,True,241280.0,241280.0,0.0
2024-05-27,handy,2024,11985.0,11827.0,-158.0,-153.49201252237367,-198.9795918367347,SPOT_INDEX,False,True,239700.0,239700.0,0.0
2024-05-28,handy,2024,11827.0,12091.0,264.0,-157.75018947424383,-198.9795918367347,SPOT_INDEX,False,False,236540.0,236540.0,0.0
2024-05-29,handy,2024,12091.0,12237.0,146.0,-160.48423925182237,-198.9795918367347,SPOT_INDEX,False,False,241820.0,241820.0,0.0
2024-05-30,handy,2024,12237.0,12289.0,52.0,15.176946690766096,-198.9795918367347,SPOT_INDEX,False,True,244740.0,244740.0,0.0
2024-05-31,handy,2024,12289.0,12249.0,-40.0,21.48203448689625,-198.9795918367347,SPOT_INDEX,False,False,245780.0,245780.0,0.0
2024-06-03,handy,2024,12249.0,12227.0,-22.0,-36.66562108249655,-198.9795918367347,SPOT_INDEX,False,True,244980.0,244980.0,0.0
2024-06-04,handy,2024,12227.0,12107.0,-120.0,-32.59077568746048,-198.9795918367347,SPOT_INDEX,False,True,244540.0,244540.0,0.0
2024-06-05,handy,2024,12107.0,12176.0,69.0,-55.40356415165607,-198.9795918367347,SPOT_INDEX,False,False,242140.0,242140.0,0.0
2024-06-07,handy,2024,12176.0,12239.0,63.0,59.39819814259718,-198.9795918367347,SPOT_INDEX,False,True,243520.0,243520.0,0.0
2024-06-10,handy,2024,12239.0,12148.0,-91.0,4.866104355990326,-198.9795918367347,SPOT_INDEX,False,False,244780.0,244780.0,0.0
2024-06-11,handy,2024,12148.0,12168.0,20.0,28.54916200901518,-198.9795918367347,SPOT_INDEX,False,True,242960.0,242960.0,0.0
2024-06-12,handy,2024,12168.0,12268.0,100.0,53.24213163102451,-198.9795918367347,SPOT_INDEX,False,True,243360.0,243360.0,0.0
2024-06-13,handy,2024,12268.0,12226.0,-42.0,109.72649605838414,-198.9795918367347,SPOT_INDEX,False,False,245360.0,245360.0,0.0
2024-06-14,handy,2024,12226.0,12236.0,10.0,40.171384664117056,-198.9795918367347,SPOT_INDEX,False,True,244520.0,244520.0,0.0
2024-06-17,handy,2024,12236.0,12262.0,26.0,51.28165349438448,-198.9795918367347,SPOT_INDEX,False,True,244720.0,244720.0,0.0
2024-06-18,handy,2024,12262.0,12211.0,-51.0,45.89685368681834,-198.9795918367347,SPOT_INDEX,False,False,245240.0,245240.0,0.0
2024-06-19,handy,2024,12211.0,12266.0,55.0,16.262722501710726,-198.9795918367347,SPOT_INDEX,False,True,244220.0,244220.0,0.0
2024-06-20,handy,2024,12266.0,12186.0,-80.0,55.36090557170898,-198.9795918367347,SPOT_INDEX,False,False,245320.0,245320.0,0.0
2024-06-21,handy,2024,12186.0,12334.0,148.0,6.299503372057676,-198.9795918367347,SPOT_INDEX,False,True,243720.0,243720.0,0.0
2024-06-24,handy,2024,12334.0,12462.0,128.0,27.715624766709148,-198.9795918367347,SPOT_INDEX,False,True,246680.0,246680.0,0.0
2024-06-25,handy,2024,12462.0,12570.0,108.0,57.54132491958942,-198.9795918367347,SPOT_INDEX,False,True,249240.0,249240.0,0.0
2024-06-26,handy,2024,12570.0,12612.0,42.0,53.395849151061256,-198.9795918367347,SPOT_INDEX,False,True,251400.0,251400.0,0.0
2024-06-27,handy,2024,12612.0,12772.0,160.0,26.031077162534924,-198.9795918367347,SPOT_INDEX,False,True,252240.0,252240.0,0.0
2024-06-28,handy,2024,12772.0,12679.0,-93.0,60.835053432676595,-198.9795918367347,SPOT_INDEX,False,False,255440.0,255440.0,0.0
2024-07-01,handy,2024,12679.0,12525.0,-154.0,-52.202587143281725,-198.9795918367347,SPOT_INDEX,False,True,253580.0,253580.0,0.0
2024-07-02,handy,2024,12525.0,12416.0,-109.0,-145.55463558888587,-198.9795918367347,SPOT_INDEX,False,True,250500.0,250500.0,0.0
2024-07-03,handy,2024,12416.0,12312.0,-104.0,-91.16194531104286,-198.9795918367347,SPOT_INDEX,False,True,248320.0,248320.0,0.0
2024-07-04,handy,2024,12312.0,12484.0,172.0,-85.01742586518719,-198.9795918367347,SPOT_INDEX,False,False,246240.0,246240.0,0.0
2024-07-05,handy,2024,12484.0,12372.0,-112.0,66.20470791611609,-198.9795918367347,SPOT_INDEX,False,False,249680.0,249680.0,0.0
2024-07-08,handy,2024,12372.0,12237.0,-135.0,12.141140983714765,-198.9795918367347,SPOT_INDEX,False,False,247440.0,247440.0,0.0
2024-07-09,handy,2024,12237.0,12226.0,-11.0,-20.98341906866204,-198.9795918367347,SPOT_INDEX,False,True,244740.0,244740.0,0.0
2024-07-10,handy,2024,12226.0,12249.0,23.0,34.79503355104755,-198.9795918367347,SPOT_INDEX,False,True,244520.0,244520.0,0.0
2024-07-11,handy,2024,12249.0,12279.0,30.0,51.8707037909075,-198.9795918367347,SPOT_INDEX,False,True,244980.0,244980.0,0.0
2024-07-12,handy,2024,12279.0,12338.0,59.0,53.16388951699385,-198.9795918367347,SPOT_INDEX,False,True,245580.0,245580.0,0.0
2024-07-15,handy,2024,12338.0,12473.0,135.0,61.18660818887966,-198.9795918367347,SPOT_INDEX,False,True,246760.0,246760.0,0.0
2024-07-16,handy,2024,12473.0,12407.0,-66.0,69.4416320582787,-198.9795918367347,SPOT_INDEX,False,False,249460.0,249460.0,0.0
2024-07-17,handy,2024,12407.0,12623.0,216.0,-48.608622015736266,-198.9795918367347,SPOT_INDEX,False,False,248140.0,248140.0,0.0
2024-07-18,handy,2024,12623.0,12699.0,76.0,20.621287291456547,-198.9795918367347,SPOT_INDEX,False,True,252460.0,252460.0,0.0
2024-07-19,handy,2024,12699.0,12582.0,-117.0,-20.76927580382292,-198.9795918367347,SPOT_INDEX,False,True,253980.0,253980.0,0.0
2024-07-22,handy,2024,12582.0,12552.0,-30.0,-57.73912667625369,-198.9795918367347,SPOT_INDEX,False,True,251640.0,251640.0,0.0
2024-07-23,handy,2024,12552.0,12532.0,-20.0,-33.72183180152962,-198.9795918367347,SPOT_INDEX,False,True,251040.0,251040.0,0.0
2024-07-24,handy,2024,12532.0,12537.0,5.0,31.241530598178787,-198.9795918367347,SPOT_INDEX,False,True,250640.0,250640.0,0.0
2024-07-25,handy,2024,12537.0,12512.0,-25.0,48.67184851880796,-198.9795918367347,SPOT_INDEX,False,False,250740.0,250740.0,0.0
2024-07-26,handy,2024,12512.0,12574.0,62.0,-16.659618251594008,-198.9795918367347,SPOT_INDEX,False,False,250240.0,250240.0,0.0
2024-07-29,handy,2024,12574.0,12535.0,-39.0,8.316805274245104,-198.9795918367347,SPOT_INDEX,False,False,251480.0,251480.0,0.0
2024-07-30,handy,2024,12535.0,12453.0,-82.0,-34.90077150942213,-198.9795918367347,SPOT_INDEX,False,True,250700.0,250700.0,0.0
2024-07-31,handy,2024,12453.0,12424.0,-29.0,-64.39017141591377,-198.9795918367347,SPOT_INDEX,False,True,249060.0,249060.0,0.0
2024-08-01,handy,2024,12424.0,12413.0,-11.0,-57.67352940670412,-198.9795918367347,SPOT_INDEX,False,True,248480.0,248480.0,0.0
2024-08-02,handy,2024,12413.0,12323.0,-90.0,-35.933638699424776,-198.9795918367347,SPOT_INDEX,False,True,248260.0,248260.0,0.0
2024-08-05,handy,2024,12323.0,12273.0,-50.0,-55.725640507955134,-198.9795918367347,SPOT_INDEX,False,True,246460.0,246460.0,0.0
2024-08-06,handy,2024,12273.0,12268.0,-5.0,-39.11561028262188,-198.9795918367347,SPOT_INDEX,False,True,245460.0,245460.0,0.0
2024-08-07,handy,2024,12268.0,12180.0,-88.0,-51.31730491799485,-198.9795918367347,SPOT_INDEX,False,True,245360.0,245360.0,0.0
2024-08-08,handy,2024,12180.0,12176.0,-4.0,-55.725640507955134,-198.9795918367347,SPOT_INDEX,False,True,243600.0,243600.0,0.0
2024-08-09,handy,2024,12176.0,12083.0,-93.0,-40.963298955997715,-198.9795918367347,SPOT_INDEX,False,True,243520.0,243520.0,0.0
2024-08-12,handy,2024,12083.0,12032.0,-51.0,-51.2288411182391,-198.9795918367347,SPOT_INDEX,False,True,241660.0,241660.0,0.0
2024-08-13,handy,2024,12032.0,12048.0,16.0,-41.95840882222907,-198.9795918367347,SPOT_INDEX,False,False,240640.0,240640.0,0.0
2024-08-14,handy,2024,12048.0,12097.0,49.0,28.337973247225563,-198.9795918367347,SPOT_INDEX,False,True,240960.0,240960.0,0.0
2024-08-16,handy,2024,12097.0,12113.0,16.0,53.887030810860985,-198.9795918367347,SPOT_INDEX,False,True,241940.0,241940.0,0.0
2024-08-19,handy,2024,12113.0,12235.0,122.0,19.5891222300577,-198.9795918367347,SPOT_INDEX,False,True,242260.0,242260.0,0.0
2024-08-20,handy,2024,12235.0,12313.0,78.0,55.608360403663774,-198.9795918367347,SPOT_INDEX,False,True,244700.0,244700.0,0.0
2024-08-21,handy,2024,12313.0,12307.0,-6.0,45.964025100495526,-198.9795918367347,SPOT_INDEX,False,False,246260.0,246260.0,0.0
2024-08-22,handy,2024,12307.0,12260.0,-47.0,-20.582069137640733,-198.9795918367347,SPOT_INDEX,False,True,246140.0,246140.0,0.0
2024-08-23,handy,2024,12260.0,12078.0,-182.0,-37.193797688313104,-198.9795918367347,SPOT_INDEX,False,True,245200.0,245200.0,0.0
2024-08-26,handy,2024,12078.0,11955.0,-123.0,-22.468273082398692,-198.9795918367347,SPOT_INDEX,False,True,241560.0,241560.0,0.0
2024-08-27,handy,2024,11955.0,11832.0,-123.0,-56.4954013888846,-198.9795918367347,SPOT_INDEX,False,True,239100.0,239100.0,0.0
2024-08-28,handy,2024,11832.0,11697.0,-135.0,-37.85697221127741,-198.9795918367347,SPOT_INDEX,False,True,236640.0,236640.0,0.0
2024-08-29,handy,2024,11697.0,11653.0,-44.0,-48.681627588148594,-198.9795918367347,SPOT_INDEX,False,True,233940.0,233940.0,0.0
2024-08-30,handy,2024,11653.0,11637.0,-16.0,-39.07614585427425,-198.9795918367347,SPOT_INDEX,False,True,233060.0,233060.0,0.0
2024-09-02,handy,2024,11637.0,11583.0,-54.0,-34.33241116713399,-198.9795918367347,SPOT_INDEX,False,True,232740.0,232740.0,0.0
2024-09-03,handy,2024,11583.0,11589.0,6.0,-41.8194177703324,-198.9795918367347,SPOT_INDEX,False,False,231660.0,231660.0,0.0
2024-09-04,handy,2024,11589.0,11505.0,-84.0,-9.435372365962154,-198.9795918367347,SPOT_INDEX,False,True,231780.0,231780.0,0.0
2024-09-05,handy,2024,11505.0,11462.0,-43.0,-55.19786594553079,-198.9795918367347,SPOT_INDEX,False,True,230100.0,230100.0,0.0
2024-09-06,handy,2024,11462.0,11375.0,-87.0,-37.45061250502089,-198.9795918367347,SPOT_INDEX,False,True,229240.0,229240.0,0.0
2024-09-09,handy,2024,11375.0,11421.0,46.0,-50.70106655581477,-198.9795918367347,SPOT_INDEX,False,False,227500.0,227500.0,0.0
2024-09-10,handy,2024,11421.0,11399.0,-22.0,21.25569670546687,-198.9795918367347,SPOT_INDEX,False,False,228420.0,228420.0,0.0
2024-09-11,handy,2024,11399.0,11509.0,110.0,17.462041440109317,-198.9795918367347,SPOT_INDEX,False,True,227980.0,227980.0,0.0
2024-09-12,handy,2024,11509.0,11652.0,143.0,66.29531183771874,-198.9795918367347,SPOT_INDEX,False,True,230180.0,230180.0,0.0
2024-09-13,handy,2024,11652.0,11934.0,282.0,67.1653282734745,-198.9795918367347,SPOT_INDEX,False,True,233040.0,233040.0,0.0
2024-09-19,handy,2024,11934.0,12139.0,205.0,365.5549960860859,-198.9795918367347,SPOT_INDEX,False,True,238680.0,238680.0,0.0
2024-09-20,handy,2024,12139.0,12241.0,102.0,103.86717307209867,-198.9795918367347,SPOT_INDEX,False,True,242780.0,242780.0,0.0
2024-09-23,handy,2024,12241.0,12275.0,34.0,70.99506826941011,-198.9795918367347,SPOT_INDEX,False,True,244820.0,244820.0,0.0
2024-09-24,handy,2024,12275.0,12467.0,192.0,69.77318572171583,-198.9795918367347,SPOT_INDEX,False,True,245500.0,245500.0,0.0
2024-09-25,handy,2024,12467.0,12505.0,38.0,89.2494570094795,-198.9795918367347,SPOT_INDEX,False,True,249340.0,249340.0,0.0
2024-09-26,handy,2024,12505.0,12547.0,42.0,37.56362019263802,-198.9795918367347,SPOT_INDEX,False,True,250100.0,250100.0,0.0
2024-09-27,handy,2024,12547.0,12375.0,-172.0,10.708323405808798,-198.9795918367347,SPOT_INDEX,False,False,250940.0,250940.0,0.0
2024-09-30,handy,2024,12375.0,12392.0,17.0,-97.91814755780543,-198.9795918367347,SPOT_INDEX,False,False,247500.0,247500.0,0.0
2024-10-02,handy,2024,12392.0,12431.0,39.0,-167.92630309268887,-198.9795918367347,SPOT_INDEX,False,False,247840.0,247840.0,0.0
2024-10-04,handy,2024,12431.0,12174.0,-257.0,-158.86009954752353,-198.9795918367347,SPOT_INDEX,False,True,248620.0,248620.0,0.0
2024-10-07,handy,2024,12174.0,12210.0,36.0,-96.08226307553396,-198.9795918367347,SPOT_INDEX,False,False,243480.0,243480.0,0.0
2024-10-08,handy,2024,12210.0,12116.0,-94.0,56.34571593123867,-198.9795918367347,SPOT_INDEX,False,False,244200.0,244200.0,0.0
2024-10-10,handy,2024,12116.0,12000.0,-116.0,14.21335102134046,-198.9795918367347,SPOT_INDEX,False,False,242320.0,242320.0,0.0
2024-10-11,handy,2024,12000.0,11966.0,-34.0,-54.127514762202566,-198.9795918367347,SPOT_INDEX,False,True,240000.0,240000.0,0.0
2024-10-14,handy,2024,11966.0,11882.0,-84.0,-34.043176684601924,-198.9795918367347,SPOT_INDEX,False,True,239320.0,239320.0,0.0
2024-10-15,handy,2024,11882.0,11813.0,-69.0,-56.35383306063218,-198.9795918367347,SPOT_INDEX,False,True,237640.0,237640.0,0.0
2024-10-16,handy,2024,11813.0,11703.0,-110.0,-42.38535293709421,-198.9795918367347,SPOT_INDEX,False,True,236260.0,236260.0,0.0
2024-10-17,handy,2024,11703.0,11571.0,-132.0,-91.2750230176037,-198.9795918367347,SPOT_INDEX,False,True,234060.0,234060.0,0.0
2024-10-18,handy,2024,11571.0,11528.0,-43.0,-84.93527614967789,-198.9795918367347,SPOT_INDEX,False,True,231420.0,231420.0,0.0
2024-10-21,handy,2024,11528.0,11444.0,-84.0,-42.091183980913954,-198.9795918367347,SPOT_INDEX,False,True,230560.0,230560.0,0.0
2024-10-22,handy,2024,11444.0,11383.0,-61.0,-66.1561172128183,-198.9795918367347,SPOT_INDEX,False,True,228880.0,228880.0,0.0
2024-10-23,handy,2024,11383.0,11347.0,-36.0,-37.87324015768968,-198.9795918367347,SPOT_INDEX,False,True,227660.0,227660.0,0.0
2024-10-24,handy,2024,11347.0,11231.0,-116.0,-37.012185655411514,-198.9795918367347,SPOT_INDEX,False,True,226940.0,226940.0,0.0
2024-10-25,handy,2024,11231.0,11148.0,-83.0,-61.270555488857575,-198.9795918367347,SPOT_INDEX,False,True,224620.0,224620.0,0.0
2024-10-28,handy,2024,11148.0,10926.0,-222.0,-56.39997384128846,-198.9795918367347,SPOT_INDEX,False,True,222960.0,222960.0,0.0
2024-10-30,handy,2024,10926.0,10815.0,-111.0,-233.05406890713235,-198.9795918367347,WAIT,True,True,218520.0,218800.0,-280.0
2024-10-31,handy,2024,10815.0,10765.0,-50.0,-160.4687439356321,-198.9795918367347,SPOT_INDEX,False,True,216300.0,216300.0,0.0
2024-11-01,handy,2024,10765.0,10570.0,-195.0,-58.11448422679499,-198.9795918367347,SPOT_INDEX,False,True,215300.0,215300.0,0.0
2024-11-04,handy,2024,10570.0,10516.0,-54.0,-167.76350184555716,-198.9795918367347,SPOT_INDEX,False,True,211400.0,211400.0,0.0
2024-11-05,handy,2024,10516.0,10446.0,-70.0,-18.88890616214088,-198.9795918367347,SPOT_INDEX,False,True,210320.0,210320.0,0.0
2024-11-06,handy,2024,10446.0,10460.0,14.0,-48.995017313227216,-198.9795918367347,SPOT_INDEX,False,False,208920.0,208920.0,0.0
2024-11-07,handy,2024,10460.0,10477.0,17.0,-13.25783842234485,-198.9795918367347,SPOT_INDEX,False,False,209200.0,209200.0,0.0
2024-11-08,handy,2024,10477.0,10341.0,-136.0,-11.14513454769696,-198.9795918367347,SPOT_INDEX,False,True,209540.0,209540.0,0.0
2024-11-11,handy,2024,10341.0,10276.0,-65.0,-126.31850853901923,-198.9795918367347,SPOT_INDEX,False,True,206820.0,206820.0,0.0
2024-11-12,handy,2024,10276.0,9999.0,-277.0,-42.741180784723845,-198.9795918367347,SPOT_INDEX,False,True,205520.0,205520.0,0.0
2024-11-13,handy,2024,9999.0,9895.0,-104.0,-41.2823070043754,-198.9795918367347,SPOT_INDEX,False,True,199980.0,199980.0,0.0
2024-11-14,handy,2024,9895.0,9833.0,-62.0,-157.00256242431223,-198.9795918367347,SPOT_INDEX,False,True,197900.0,197900.0,0.0
2024-11-15,handy,2024,9833.0,9799.0,-34.0,-43.96500629018792,-198.9795918367347,SPOT_INDEX,False,True,196660.0,196660.0,0.0
2024-11-18,handy,2024,9799.0,9768.0,-31.0,-16.565448117413336,-198.9795918367347,SPOT_INDEX,False,True,195980.0,195980.0,0.0
2024-11-19,handy,2024,9768.0,9694.0,-74.0,-44.38628380677382,-198.9795918367347,SPOT_INDEX,False,True,195360.0,195360.0,0.0
2024-11-20,handy,2024,9694.0,9676.0,-18.0,-135.04280756584785,-198.9795918367347,SPOT_INDEX,False,True,193880.0,193880.0,0.0
2024-11-21,handy,2024,9676.0,9598.0,-78.0,-35.382146767957195,-198.9795918367347,SPOT_INDEX,False,True,193520.0,193520.0,0.0
2024-11-22,handy,2024,9598.0,9668.0,70.0,-49.75451175945418,-198.9795918367347,SPOT_INDEX,False,False,191960.0,191960.0,0.0
2024-11-25,handy,2024,9668.0,9600.0,-68.0,20.834882552389136,-198.9795918367347,SPOT_INDEX,False,False,193360.0,193360.0,0.0
2024-11-26,handy,2024,9600.0,9455.0,-145.0,2.8295412530965574,-198.9795918367347,SPOT_INDEX,False,False,192000.0,192000.0,0.0
2024-11-27,handy,2024,9455.0,9514.0,59.0,-70.38816741990145,-198.9795918367347,SPOT_INDEX,False,False,189100.0,189100.0,0.0
2024-11-28,handy,2024,9514.0,9347.0,-167.0,9.551755796973982,-198.9795918367347,SPOT_INDEX,False,False,190280.0,190280.0,0.0
2024-11-29,handy,2024,9347.0,9333.0,-14.0,-69.41499291387365,-198.9795918367347,SPOT_INDEX,False,True,186940.0,186940.0,0.0
2024-12-02,handy,2024,9333.0,9315.0,-18.0,-18.224336187158777,-198.9795918367347,SPOT_INDEX,False,True,186660.0,186660.0,0.0
2024-12-03,handy,2024,9315.0,9320.0,5.0,-21.269681970788227,-198.9795918367347,SPOT_INDEX,False,False,186300.0,186300.0,0.0
2024-12-04,handy,2024,9320.0,9203.0,-117.0,9.017734478526066,-198.9795918367347,SPOT_INDEX,False,False,186400.0,186400.0,0.0
2024-12-05,handy,2024,9203.0,9113.0,-90.0,-19.900783911305385,-198.9795918367347,SPOT_INDEX,False,True,184060.0,184060.0,0.0
2024-12-06,handy,2024,9113.0,9071.0,-42.0,-57.99606691601301,-198.9795918367347,SPOT_INDEX,False,True,182260.0,182260.0,0.0
2024-12-09,handy,2024,9071.0,9044.0,-27.0,-37.597698177089235,-198.9795918367347,SPOT_INDEX,False,True,181420.0,181420.0,0.0
2024-12-10,handy,2024,9044.0,8955.0,-89.0,-30.74127978789954,-198.9795918367347,SPOT_INDEX,False,True,180880.0,180880.0,0.0
2024-12-11,handy,2024,8955.0,8820.0,-135.0,-52.420876263508745,-198.9795918367347,SPOT_INDEX,False,True,179100.0,179100.0,0.0
2024-12-12,handy,2024,8820.0,8786.0,-34.0,-59.55099470224701,-198.9795918367347,SPOT_INDEX,False,True,176400.0,176400.0,0.0
2024-12-13,handy,2024,8786.0,8712.0,-74.0,16.701211957813705,-198.9795918367347,SPOT_INDEX,False,False,175720.0,175720.0,0.0
2024-12-16,handy,2024,8712.0,8581.0,-131.0,-24.245745755218213,-198.9795918367347,SPOT_INDEX,False,True,174240.0,174240.0,0.0
2024-12-17,handy,2024,8581.0,8504.0,-77.0,-65.52811731557527,-198.9795918367347,SPOT_INDEX,False,True,171620.0,171620.0,0.0
2024-12-18,handy,2024,8504.0,8420.0,-84.0,-44.90833828379202,-198.9795918367347,SPOT_INDEX,False,True,170080.0,170080.0,0.0
2024-12-19,handy,2024,8420.0,8395.0,-25.0,-29.319750379188903,-198.9795918367347,SPOT_INDEX,False,True,168400.0,168400.0,0.0
2024-12-20,handy,2024,8395.0,8333.0,-62.0,-34.69443221853348,-198.9795918367347,SPOT_INDEX,False,True,167900.0,167900.0,0.0
2024-12-23,handy,2024,8333.0,8198.0,-135.0,-52.25634721348886,-198.9795918367347,SPOT_INDEX,False,True,166660.0,166660.0,0.0
2024-12-24,handy,2024,8198.0,8063.0,-135.0,-136.46580351928077,-198.9795918367347,SPOT_INDEX,False,True,163960.0,163960.0,0.0
2024-01-02,cape,2024,30806.0,29459.0,-1347.0,1015.4819885352824,-227.0408163265306,SPOT_INDEX,False,False,616120.0,616120.0,0.0
2024-01-03,cape,2024,29459.0,29994.0,535.0,-1218.437640365911,-227.0408163265306,WAIT,True,False,589180.0,602380.0,-13200.0
2024-01-04,cape,2024,29994.0,30097.0,103.0,199.8717719305291,-227.0408163265306,SPOT_INDEX,False,True,599880.0,599880.0,0.0
2024-01-05,cape,2024,30097.0,29876.0,-221.0,-328.8483225809434,-227.0408163265306,WAIT,True,True,601940.0,600020.0,1920.0
2024-01-08,cape,2024,29876.0,26713.0,-3163.0,-571.7891835269966,-227.0408163265306,WAIT,True,True,597520.0,536760.0,60760.0
2024-01-09,cape,2024,26713.0,24245.0,-2468.0,-1761.532007173133,-227.0408163265306,WAIT,True,True,534260.0,487400.0,46860.0
2024-01-10,cape,2024,24245.0,21056.0,-3189.0,-1493.6978232953836,-227.0408163265306,WAIT,True,True,484900.0,423620.0,61280.0
2024-01-11,cape,2024,21056.0,19553.0,-1503.0,-1172.503105203027,-227.0408163265306,WAIT,True,True,421120.0,393560.0,27560.0
2024-01-12,cape,2024,19553.0,17966.0,-1587.0,-818.4772615471691,-227.0408163265306,WAIT,True,True,391060.0,361820.0,29240.0
2024-01-15,cape,2024,17966.0,16626.0,-1340.0,-857.8935713868069,-227.0408163265306,WAIT,True,True,359320.0,335020.0,24300.0
2024-01-16,cape,2024,16626.0,16119.0,-507.0,-758.999421223338,-227.0408163265306,WAIT,True,True,332520.0,324880.0,7640.0
2024-01-17,cape,2024,16119.0,16131.0,12.0,-534.3688313657098,-227.0408163265306,WAIT,True,False,322380.0,325120.0,-2740.0
2024-01-18,cape,2024,16131.0,18100.0,1969.0,-215.99518159925793,-227.0408163265306,SPOT_INDEX,False,False,322620.0,322620.0,0.0
2024-01-19,cape,2024,18100.0,20903.0,2803.0,953.7847344650363,-227.0408163265306,SPOT_INDEX,False,True,362000.0,362000.0,0.0
2024-01-22,cape,2024,20903.0,20064.0,-839.0,922.5148268498699,-227.0408163265306,SPOT_INDEX,False,False,418060.0,418060.0,0.0
2024-01-23,cape,2024,20064.0,18714.0,-1350.0,-574.0940175401371,-227.0408163265306,WAIT,True,True,401280.0,376780.0,24500.0
2024-01-24,cape,2024,18714.0,19210.0,496.0,-798.4211628760853,-227.0408163265306,WAIT,True,False,374280.0,386700.0,-12420.0
2024-01-25,cape,2024,19210.0,18725.0,-485.0,555.2414716045147,-227.0408163265306,SPOT_INDEX,False,False,384200.0,384200.0,0.0
2024-01-26,cape,2024,18725.0,18550.0,-175.0,-383.19130511799864,-227.0408163265306,WAIT,True,True,374500.0,373500.0,1000.0
2024-01-29,cape,2024,18550.0,16968.0,-1582.0,-103.3892956703221,-227.0408163265306,SPOT_INDEX,False,True,371000.0,371000.0,0.0
2024-01-30,cape,2024,16968.0,16555.0,-413.0,-766.0137810505522,-227.0408163265306,WAIT,True,True,339360.0,333600.0,5760.0
2024-01-31,cape,2024,16555.0,17650.0,1095.0,-420.25768921754093,-227.0408163265306,WAIT,True,False,331100.0,355500.0,-24400.0
2024-02-01,cape,2024,17650.0,18106.0,456.0,642.5996249436967,-227.0408163265306,SPOT_INDEX,False,True,353000.0,353000.0,0.0
2024-02-02,cape,2024,18106.0,18809.0,703.0,349.70909632588024,-227.0408163265306,SPOT_INDEX,False,True,362120.0,362120.0,0.0
2024-02-05,cape,2024,18809.0,20772.0,1963.0,484.007367943405,-227.0408163265306,SPOT_INDEX,False,True,376180.0,376180.0,0.0
2024-02-06,cape,2024,20772.0,21606.0,834.0,788.2266714600294,-227.0408163265306,SPOT_INDEX,False,True,415440.0,415440.0,0.0
2024-02-07,cape,2024,21606.0,19640.0,-1966.0,588.0398369705993,-227.0408163265306,SPOT_INDEX,False,False,432120.0,432120.0,0.0
2024-02-08,cape,2024,19640.0,22939.0,3299.0,-1044.9732674496927,-227.0408163265306,WAIT,True,False,392800.0,461280.0,-68480.0
2024-02-13,cape,2024,22939.0,22431.0,-508.0,948.593253238607,-227.0408163265306,SPOT_INDEX,False,False,458780.0,458780.0,0.0
2024-02-14,cape,2024,22431.0,22243.0,-188.0,-418.44538868803846,-227.0408163265306,WAIT,True,True,448620.0,447360.0,1260.0
2024-02-15,cape,2024,22243.0,22029.0,-214.0,-95.80595582021334,-227.0408163265306,SPOT_INDEX,False,True,444860.0,444860.0,0.0
2024-02-16,cape,2024,22029.0,22766.0,737.0,-156.5585320455609,-227.0408163265306,SPOT_INDEX,False,False,440580.0,440580.0,0.0
2024-02-19,cape,2024,22766.0,23032.0,266.0,584.9861952814225,-227.0408163265306,SPOT_INDEX,False,True,455320.0,455320.0,0.0
2024-02-20,cape,2024,23032.0,22377.0,-655.0,347.47632697371245,-227.0408163265306,SPOT_INDEX,False,False,460640.0,460640.0,0.0
2024-02-21,cape,2024,22377.0,24577.0,2200.0,-326.81620301762524,-227.0408163265306,WAIT,True,False,447540.0,494040.0,-46500.0
2024-02-22,cape,2024,24577.0,26983.0,2406.0,826.1154022076312,-227.0408163265306,SPOT_INDEX,False,True,491540.0,491540.0,0.0
2024-02-23,cape,2024,26983.0,29010.0,2027.0,807.483069975042,-227.0408163265306,SPOT_INDEX,False,True,539660.0,539660.0,0.0
2024-02-26,cape,2024,29010.0,28770.0,-240.0,781.3782137249714,-227.0408163265306,SPOT_INDEX,False,False,580200.0,580200.0,0.0
2024-02-27,cape,2024,28770.0,30636.0,1866.0,-125.09981504195054,-227.0408163265306,SPOT_INDEX,False,False,575400.0,575400.0,0.0
2024-02-28,cape,2024,30636.0,33458.0,2822.0,791.2469505670767,-227.0408163265306,SPOT_INDEX,False,True,612720.0,612720.0,0.0
2024-02-29,cape,2024,33458.0,38055.0,4597.0,866.5205943844318,-227.0408163265306,SPOT_INDEX,False,True,669160.0,669160.0,0.0
2024-03-04,cape,2024,38055.0,39369.0,1314.0,1014.7307043736936,-227.0408163265306,SPOT_INDEX,False,True,761100.0,761100.0,0.0
2024-03-05,cape,2024,39369.0,37194.0,-2175.0,718.0171711365922,-227.0408163265306,SPOT_INDEX,False,False,787380.0,787380.0,0.0
2024-03-06,cape,2024,37194.0,36564.0,-630.0,-1666.422913220797,-227.0408163265306,WAIT,True,True,743880.0,733780.0,10100.0
2024-03-07,cape,2024,36564.0,38364.0,1800.0,-655.084241589457,-227.0408163265306,WAIT,True,False,731280.0,769780.0,-38500.0
2024-03-08,cape,2024,38364.0,40203.0,1839.0,715.657868428861,-227.0408163265306,SPOT_INDEX,False,True,767280.0,767280.0,0.0
2024-03-11,cape,2024,40203.0,39363.0,-840.0,786.0666142616349,-227.0408163265306,SPOT_INDEX,False,False,804060.0,804060.0,0.0
2024-03-12,cape,2024,39363.0,37424.0,-1939.0,-693.7121277816524,-227.0408163265306,WAIT,True,True,787260.0,750980.0,36280.0
2024-03-13,cape,2024,37424.0,37050.0,-374.0,-1889.0703660348156,-227.0408163265306,WAIT,True,True,748480.0,743500.0,4980.0
2024-03-14,cape,2024,37050.0,36413.0,-637.0,-659.5865300900546,-227.0408163265306,WAIT,True,True,741000.0,730760.0,10240.0
2024-03-15,cape,2024,36413.0,36230.0,-183.0,-834.792766701628,-227.0408163265306,WAIT,True,True,728260.0,727100.0,1160.0
2024-03-18,cape,2024,36230.0,38069.0,1839.0,-352.85787602179914,-227.0408163265306,WAIT,True,False,724600.0,763880.0,-39280.0
2024-03-19,cape,2024,38069.0,36642.0,-1427.0,693.7355206750385,-227.0408163265306,SPOT_INDEX,False,False,761380.0,761380.0,0.0
2024-03-20,cape,2024,36642.0,34708.0,-1934.0,-1287.755299885349,-227.0408163265306,WAIT,True,True,732840.0,696660.0,36180.0
2024-03-21,cape,2024,34708.0,34073.0,-635.0,-1805.89248800784,-227.0408163265306,WAIT,True,True,694160.0,683960.0,10200.0
2024-03-22,cape,2024,34073.0,32330.0,-1743.0,-661.184766181485,-227.0408163265306,WAIT,True,True,681460.0,649100.0,32360.0
2024-03-25,cape,2024,32330.0,29830.0,-2500.0,-1221.51391328182,-227.0408163265306,WAIT,True,True,646600.0,599100.0,47500.0
2024-03-26,cape,2024,29830.0,26550.0,-3280.0,-1218.7153960266753,-227.0408163265306,WAIT,True,True,596600.0,533500.0,63100.0
2024-03-27,cape,2024,26550.0,24159.0,-2391.0,-1180.3576259053493,-227.0408163265306,WAIT,True,True,531000.0,485680.0,45320.0
2024-03-28,cape,2024,24159.0,24923.0,764.0,-1075.5091534759254,-227.0408163265306,WAIT,True,False,483180.0,500960.0,-17780.0
2024-03-29,cape,2024,24923.0,25281.0,358.0,509.9488989736687,-227.0408163265306,SPOT_INDEX,False,True,498460.0,498460.0,0.0
2024-04-01,cape,2024,25281.0,24259.0,-1022.0,195.59979557020546,-227.0408163265306,SPOT_INDEX,False,False,505620.0,505620.0,0.0
2024-04-02,cape,2024,24259.0,23001.0,-1258.0,-510.9858611856824,-227.0408163265306,WAIT,True,True,485180.0,462520.0,22660.0
2024-04-03,cape,2024,23001.0,24132.0,1131.0,-580.5438939735019,-227.0408163265306,WAIT,True,False,460020.0,485140.0,-25120.0
2024-04-04,cape,2024,24132.0,22359.0,-1773.0,777.8873861204875,-227.0408163265306,SPOT_INDEX,False,False,482640.0,482640.0,0.0
2024-04-05,cape,2024,22359.0,21999.0,-360.0,-917.8167551974134,-227.0408163265306,WAIT,True,True,447180.0,442480.0,4700.0
2024-04-08,cape,2024,21999.0,21373.0,-626.0,-347.8637383056528,-227.0408163265306,WAIT,True,True,439980.0,429960.0,10020.0
2024-04-09,cape,2024,21373.0,23373.0,2000.0,-456.4617690375807,-227.0408163265306,WAIT,True,False,427460.0,469960.0,-42500.0
2024-04-11,cape,2024,23373.0,25034.0,1661.0,1122.0940804510935,-227.0408163265306,SPOT_INDEX,False,True,467460.0,467460.0,0.0
2024-04-12,cape,2024,25034.0,25348.0,314.0,1134.1899217504047,-227.0408163265306,SPOT_INDEX,False,True,500680.0,500680.0,0.0
2024-04-15,cape,2024,25348.0,25589.0,241.0,184.40749006800854,-227.0408163265306,SPOT_INDEX,False,True,506960.0,506960.0,0.0
2024-04-16,cape,2024,25589.0,26114.0,525.0,156.30179420034992,-227.0408163265306,SPOT_INDEX,False,True,511780.0,511780.0,0.0
2024-04-17,cape,2024,26114.0,28552.0,2438.0,399.1237686837309,-227.0408163265306,SPOT_INDEX,False,True,522280.0,522280.0,0.0
2024-04-18,cape,2024,28552.0,29661.0,1109.0,968.2542855733403,-227.0408163265306,SPOT_INDEX,False,True,571040.0,571040.0,0.0
2024-04-19,cape,2024,29661.0,29070.0,-591.0,833.7685740939097,-227.0408163265306,SPOT_INDEX,False,False,593220.0,593220.0,0.0
2024-04-22,cape,2024,29070.0,27338.0,-1732.0,-303.97286103586316,-227.0408163265306,WAIT,True,True,581400.0,549260.0,32140.0
2024-04-23,cape,2024,27338.0,25572.0,-1766.0,-895.9450804766102,-227.0408163265306,WAIT,True,True,546760.0,513940.0,32820.0
2024-04-24,cape,2024,25572.0,24292.0,-1280.0,-878.8002601438691,-227.0408163265306,WAIT,True,True,511440.0,488340.0,23100.0
2024-04-25,cape,2024,24292.0,23066.0,-1226.0,-634.8674752313874,-227.0408163265306,WAIT,True,True,485840.0,463820.0,22020.0
2024-04-26,cape,2024,23066.0,22849.0,-217.0,-575.1668341820925,-227.0408163265306,WAIT,True,True,461320.0,459480.0,1840.0
2024-04-29,cape,2024,22849.0,22031.0,-818.0,-158.8683013185009,-227.0408163265306,SPOT_INDEX,False,True,456980.0,456980.0,0.0
2024-04-30,cape,2024,22031.0,23444.0,1413.0,-463.8619345606696,-227.0408163265306,WAIT,True,False,440620.0,471380.0,-30760.0
2024-05-02,cape,2024,23444.0,25083.0,1639.0,806.1402911405286,-227.0408163265306,SPOT_INDEX,False,True,468880.0,468880.0,0.0
2024-05-03,cape,2024,25083.0,28201.0,3118.0,823.2086843127701,-227.0408163265306,SPOT_INDEX,False,True,501660.0,501660.0,0.0
2024-05-07,cape,2024,28201.0,31364.0,3163.0,1277.2004071862905,-227.0408163265306,SPOT_INDEX,False,True,564020.0,564020.0,0.0
2024-05-08,cape,2024,31364.0,32058.0,694.0,1191.3190540635426,-227.0408163265306,SPOT_INDEX,False,True,627280.0,627280.0,0.0
2024-05-09,cape,2024,32058.0,30937.0,-1121.0,703.9855131957801,-227.0408163265306,SPOT_INDEX,False,False,641160.0,641160.0,0.0
2024-05-10,cape,2024,30937.0,30313.0,-624.0,-660.1701782266982,-227.0408163265306,WAIT,True,True,618740.0,608760.0,9980.0
2024-05-13,cape,2024,30313.0,28601.0,-1712.0,-464.27520641416777,-227.0408163265306,WAIT,True,True,606260.0,574520.0,31740.0
2024-05-14,cape,2024,28601.0,25714.0,-2887.0,-1023.1793089472297,-227.0408163265306,WAIT,True,True,572020.0,516780.0,55240.0
2024-05-16,cape,2024,25714.0,25398.0,-316.0,-1177.2430819527385,-227.0408163265306,WAIT,True,True,514280.0,510460.0,3820.0
2024-05-17,cape,2024,25398.0,25998.0,600.0,-312.2304636389566,-227.0408163265306,WAIT,True,False,507960.0,522460.0,-14500.0
2024-05-20,cape,2024,25998.0,25903.0,-95.0,493.37447339835643,-227.0408163265306,SPOT_INDEX,False,False,519960.0,519960.0,0.0
2024-05-21,cape,2024,25903.0,25441.0,-462.0,-123.16781129594743,-227.0408163265306,SPOT_INDEX,False,True,518060.0,518060.0,0.0
2024-05-22,cape,2024,25441.0,24936.0,-505.0,-383.8325079942661,-227.0408163265306,WAIT,True,True,508820.0,501220.0,7600.0
2024-05-23,cape,2024,24936.0,24804.0,-132.0,-419.052583507857,-227.0408163265306,WAIT,True,True,498720.0,498580.0,140.0
2024-05-24,cape,2024,24804.0,25015.0,211.0,-204.0324255067114,-227.0408163265306,SPOT_INDEX,False,False,496080.0,496080.0,0.0
2024-05-27,cape,2024,25015.0,25289.0,274.0,106.60838369768597,-227.0408163265306,SPOT_INDEX,False,True,500300.0,500300.0,0.0
2024-05-28,cape,2024,25289.0,24727.0,-562.0,170.17125850147772,-227.0408163265306,SPOT_INDEX,False,False,505780.0,505780.0,0.0
2024-05-29,cape,2024,24727.0,25721.0,994.0,-420.70173872126986,-227.0408163265306,WAIT,True,False,494540.0,516920.0,-22380.0
2024-05-30,cape,2024,25721.0,26796.0,1075.0,533.7404433069801,-227.0408163265306,SPOT_INDEX,False,True,514420.0,514420.0,0.0
2024-05-31,cape,2024,26796.0,27749.0,953.0,593.1643943262974,-227.0408163265306,SPOT_INDEX,False,True,535920.0,535920.0,0.0
2024-06-03,cape,2024,27749.0,27712.0,-37.0,511.25089989844804,-227.0408163265306,SPOT_INDEX,False,False,554980.0,554980.0,0.0
2024-06-04,cape,2024,27712.0,28254.0,542.0,-13.921506828621693,-227.0408163265306,SPOT_INDEX,False,False,554240.0,554240.0,0.0
2024-06-05,cape,2024,28254.0,29046.0,792.0,410.11262103928544,-227.0408163265306,SPOT_INDEX,False,True,565080.0,565080.0,0.0
2024-06-07,cape,2024,29046.0,29457.0,411.0,583.0862784946258,-227.0408163265306,SPOT_INDEX,False,True,580920.0,580920.0,0.0
2024-06-10,cape,2024,29457.0,28964.0,-493.0,324.48695389795927,-227.0408163265306,SPOT_INDEX,False,False,589140.0,589140.0,0.0
2024-06-11,cape,2024,28964.0,27509.0,-1455.0,-379.8188748619792,-227.0408163265306,WAIT,True,True,579280.0,552680.0,26600.0
2024-06-12,cape,2024,27509.0,29159.0,1650.0,-858.0366307551053,-227.0408163265306,WAIT,True,False,550180.0,585680.0,-35500.0
2024-06-13,cape,2024,29159.0,29268.0,109.0,904.4251880608376,-227.0408163265306,SPOT_INDEX,False,True,583180.0,583180.0,0.0
2024-06-14,cape,2024,29268.0,28709.0,-559.0,102.50672294259726,-227.0408163265306,SPOT_INDEX,False,False,585360.0,585360.0,0.0
2024-06-17,cape,2024,28709.0,28330.0,-379.0,-287.8214854069572,-227.0408163265306,WAIT,True,True,574180.0,569100.0,5080.0
2024-06-18,cape,2024,28330.0,29140.0,810.0,-278.68994584871626,-227.0408163265306,WAIT,True,False,566600.0,585300.0,-18700.0
2024-06-19,cape,2024,29140.0,28971.0,-169.0,525.1666063065725,-227.0408163265306,SPOT_INDEX,False,False,582800.0,582800.0,0.0
2024-06-20,cape,2024,28971.0,30518.0,1547.0,-202.17975593942384,-227.0408163265306,SPOT_INDEX,False,False,579420.0,579420.0,0.0
2024-06-21,cape,2024,30518.0,30672.0,154.0,767.3327538928784,-227.0408163265306,SPOT_INDEX,False,True,610360.0,610360.0,0.0
2024-06-24,cape,2024,30672.0,29734.0,-938.0,50.27618859274503,-227.0408163265306,SPOT_INDEX,False,False,613440.0,613440.0,0.0
2024-06-25,cape,2024,29734.0,29180.0,-554.0,-422.66749193744835,-227.0408163265306,WAIT,True,True,594680.0,586100.0,8580.0
2024-06-26,cape,2024,29180.0,31244.0,2064.0,-372.2580146690623,-227.0408163265306,WAIT,True,False,583600.0,627380.0,-43780.0
2024-06-27,cape,2024,31244.0,32361.0,1117.0,766.5191175240113,-227.0408163265306,SPOT_INDEX,False,True,624880.0,624880.0,0.0
2024-06-28,cape,2024,32361.0,33699.0,1338.0,606.4591546125644,-227.0408163265306,SPOT_INDEX,False,True,647220.0,647220.0,0.0
2024-07-01,cape,2024,33699.0,37141.0,3442.0,644.6690500148026,-227.0408163265306,SPOT_INDEX,False,True,673980.0,673980.0,0.0
2024-07-02,cape,2024,37141.0,35745.0,-1396.0,940.2302589747154,-227.0408163265306,SPOT_INDEX,False,False,742820.0,742820.0,0.0
2024-07-03,cape,2024,35745.0,32721.0,-3024.0,-1025.645413315103,-227.0408163265306,WAIT,True,True,714900.0,656920.0,57980.0
2024-07-04,cape,2024,32721.0,31866.0,-855.0,-1409.7095571129178,-227.0408163265306,WAIT,True,True,654420.0,639820.0,14600.0
2024-07-05,cape,2024,31866.0,30982.0,-884.0,-513.8368326244255,-227.0408163265306,WAIT,True,True,637320.0,622140.0,15180.0
2024-07-08,cape,2024,30982.0,30028.0,-954.0,-457.05592966752937,-227.0408163265306,WAIT,True,True,619640.0,603060.0,16580.0
2024-07-09,cape,2024,30028.0,28711.0,-1317.0,-460.87477920617675,-227.0408163265306,WAIT,True,True,600560.0,576720.0,23840.0
2024-07-10,cape,2024,28711.0,29059.0,348.0,-804.371953896333,-227.0408163265306,WAIT,True,False,574220.0,583680.0,-9460.0
2024-07-11,cape,2024,29059.0,29095.0,36.0,263.1144712409291,-227.0408163265306,SPOT_INDEX,False,True,581180.0,581180.0,0.0
2024-07-12,cape,2024,29095.0,29874.0,779.0,127.57430912926502,-227.0408163265306,SPOT_INDEX,False,True,581900.0,581900.0,0.0
2024-07-15,cape,2024,29874.0,29354.0,-520.0,550.9500161933079,-227.0408163265306,SPOT_INDEX,False,False,597480.0,597480.0,0.0
2024-07-16,cape,2024,29354.0,27320.0,-2034.0,-376.7610187864806,-227.0408163265306,WAIT,True,True,587080.0,548900.0,38180.0
2024-07-17,cape,2024,27320.0,26658.0,-662.0,-1310.0779929622556,-227.0408163265306,WAIT,True,True,546400.0,535660.0,10740.0
2024-07-18,cape,2024,26658.0,27237.0,579.0,-495.80965171272595,-227.0408163265306,WAIT,True,False,533160.0,547240.0,-14080.0
2024-07-19,cape,2024,27237.0,27181.0,-56.0,483.55453304677246,-227.0408163265306,SPOT_INDEX,False,False,544740.0,544740.0,0.0
2024-07-22,cape,2024,27181.0,27000.0,-181.0,-92.21626448951986,-227.0408163265306,SPOT_INDEX,False,True,543620.0,543620.0,0.0
2024-07-23,cape,2024,27000.0,25753.0,-1247.0,-155.38697138117328,-227.0408163265306,SPOT_INDEX,False,True,540000.0,540000.0,0.0
2024-07-24,cape,2024,25753.0,25781.0,28.0,-625.460577950862,-227.0408163265306,WAIT,True,False,515060.0,518120.0,-3060.0
2024-07-25,cape,2024,25781.0,25362.0,-419.0,31.707958291243337,-227.0408163265306,SPOT_INDEX,False,False,515620.0,515620.0,0.0
2024-07-26,cape,2024,25362.0,24996.0,-366.0,-320.1044802675765,-227.0408163265306,WAIT,True,True,507240.0,502420.0,4820.0
2024-07-29,cape,2024,24996.0,24700.0,-296.0,-339.53088752627696,-227.0408163265306,WAIT,True,True,499920.0,496500.0,3420.0
2024-07-30,cape,2024,24700.0,24271.0,-429.0,-322.83561707647635,-227.0408163265306,WAIT,True,True,494000.0,487920.0,6080.0
2024-07-31,cape,2024,24271.0,23551.0,-720.0,-372.1770311125882,-227.0408163265306,WAIT,True,True,485420.0,473520.0,11900.0
2024-08-01,cape,2024,23551.0,23263.0,-288.0,-460.0267641043587,-227.0408163265306,WAIT,True,True,471020.0,467760.0,3260.0
2024-08-02,cape,2024,23263.0,23676.0,413.0,-317.91087832866157,-227.0408163265306,WAIT,True,False,465260.0,476020.0,-10760.0
2024-08-05,cape,2024,23676.0,24031.0,355.0,295.19826350891503,-227.0408163265306,SPOT_INDEX,False,True,473520.0,473520.0,0.0
2024-08-06,cape,2024,24031.0,24375.0,344.0,220.75245151978208,-227.0408163265306,SPOT_INDEX,False,True,480620.0,480620.0,0.0
2024-08-07,cape,2024,24375.0,25432.0,1057.0,228.40876100440448,-227.0408163265306,SPOT_INDEX,False,True,487500.0,487500.0,0.0
2024-08-08,cape,2024,25432.0,24893.0,-539.0,507.4151235598396,-227.0408163265306,SPOT_INDEX,False,False,508640.0,508640.0,0.0
2024-08-09,cape,2024,24893.0,24856.0,-37.0,-423.9762173456149,-227.0408163265306,WAIT,True,True,497860.0,499620.0,-1760.0
2024-08-12,cape,2024,24856.0,24879.0,23.0,-20.766490981652463,-227.0408163265306,SPOT_INDEX,False,False,497120.0,497120.0,0.0
2024-08-13,cape,2024,24879.0,26270.0,1391.0,-66.3007465727543,-227.0408163265306,SPOT_INDEX,False,False,497580.0,497580.0,0.0
2024-08-14,cape,2024,26270.0,26199.0,-71.0,735.0817296754898,-227.0408163265306,SPOT_INDEX,False,False,525400.0,525400.0,0.0
2024-08-16,cape,2024,26199.0,26549.0,350.0,-49.082524256445275,-227.0408163265306,SPOT_INDEX,False,False,523980.0,523980.0,0.0
2024-08-19,cape,2024,26549.0,27136.0,587.0,235.89153081589563,-227.0408163265306,SPOT_INDEX,False,True,530980.0,530980.0,0.0
2024-08-20,cape,2024,27136.0,27949.0,813.0,469.04508676385996,-227.0408163265306,SPOT_INDEX,False,True,542720.0,542720.0,0.0
2024-08-21,cape,2024,27949.0,28443.0,494.0,503.0129781679805,-227.0408163265306,SPOT_INDEX,False,True,558980.0,558980.0,0.0
2024-08-22,cape,2024,28443.0,28459.0,16.0,384.3988175588678,-227.0408163265306,SPOT_INDEX,False,True,568860.0,568860.0,0.0
2024-08-23,cape,2024,28459.0,28651.0,192.0,25.488728828583298,-227.0408163265306,SPOT_INDEX,False,True,569180.0,569180.0,0.0
2024-08-26,cape,2024,28651.0,28533.0,-118.0,137.84105081405409,-227.0408163265306,SPOT_INDEX,False,False,573020.0,573020.0,0.0
2024-08-27,cape,2024,28533.0,28588.0,55.0,-132.65351967920043,-227.0408163265306,SPOT_INDEX,False,False,570660.0,570660.0,0.0
2024-08-28,cape,2024,28588.0,30349.0,1761.0,40.69610071638902,-227.0408163265306,SPOT_INDEX,False,True,571760.0,571760.0,0.0
2024-08-29,cape,2024,30349.0,30413.0,64.0,797.0355628308926,-227.0408163265306,SPOT_INDEX,False,True,606980.0,606980.0,0.0
2024-08-30,cape,2024,30413.0,29941.0,-472.0,23.646890276606747,-227.0408163265306,SPOT_INDEX,False,False,608260.0,608260.0,0.0
2024-09-02,cape,2024,29941.0,31770.0,1829.0,-340.9849293663858,-227.0408163265306,WAIT,True,False,598820.0,637900.0,-39080.0
2024-09-03,cape,2024,31770.0,31880.0,110.0,776.544825426964,-227.0408163265306,SPOT_INDEX,False,True,635400.0,635400.0,0.0
2024-09-04,cape,2024,31880.0,31730.0,-150.0,91.69628527079254,-227.0408163265306,SPOT_INDEX,False,False,637600.0,637600.0,0.0
2024-09-05,cape,2024,31730.0,31727.0,-3.0,-130.3899323655478,-227.0408163265306,SPOT_INDEX,False,True,634600.0,634600.0,0.0
2024-09-06,cape,2024,31727.0,32859.0,1132.0,7.256315530488802,-227.0408163265306,SPOT_INDEX,False,True,634540.0,634540.0,0.0
2024-09-09,cape,2024,32859.0,31999.0,-860.0,635.9172573232644,-227.0408163265306,SPOT_INDEX,False,False,657180.0,657180.0,0.0
2024-09-10,cape,2024,31999.0,31608.0,-391.0,-451.7637356963821,-227.0408163265306,WAIT,True,True,639980.0,634660.0,5320.0
2024-09-11,cape,2024,31608.0,32560.0,952.0,-257.5329005776359,-227.0408163265306,WAIT,True,False,632160.0,653700.0,-21540.0
2024-09-12,cape,2024,32560.0,31686.0,-874.0,550.6584726152619,-227.0408163265306,SPOT_INDEX,False,False,651200.0,651200.0,0.0
2024-09-13,cape,2024,31686.0,30958.0,-728.0,-404.3257428396379,-227.0408163265306,WAIT,True,True,633720.0,621660.0,12060.0
2024-09-19,cape,2024,30958.0,32369.0,1411.0,-161.42682733969744,-227.0408163265306,SPOT_INDEX,False,False,619160.0,619160.0,0.0
2024-09-20,cape,2024,32369.0,32319.0,-50.0,726.8379515351146,-227.0408163265306,SPOT_INDEX,False,False,647380.0,647380.0,0.0
2024-09-23,cape,2024,32319.0,32120.0,-199.0,-18.307504316496033,-227.0408163265306,SPOT_INDEX,False,True,646380.0,646380.0,0.0
2024-09-24,cape,2024,32120.0,32272.0,152.0,-47.127727356694784,-227.0408163265306,SPOT_INDEX,False,False,642400.0,642400.0,0.0
2024-09-25,cape,2024,32272.0,32807.0,535.0,100.44269598948974,-227.0408163265306,SPOT_INDEX,False,True,645440.0,645440.0,0.0
2024-09-26,cape,2024,32807.0,33056.0,249.0,412.03060688064596,-227.0408163265306,SPOT_INDEX,False,True,656140.0,656140.0,0.0
2024-09-27,cape,2024,33056.0,33476.0,420.0,126.67292982327743,-227.0408163265306,SPOT_INDEX,False,True,661120.0,661120.0,0.0
2024-09-30,cape,2024,33476.0,31918.0,-1558.0,295.1702181841242,-227.0408163265306,SPOT_INDEX,False,False,669520.0,669520.0,0.0
2024-10-02,cape,2024,31918.0,31096.0,-822.0,-1421.3644524460733,-227.0408163265306,WAIT,True,True,638360.0,624420.0,13940.0
2024-10-04,cape,2024,31096.0,29994.0,-1102.0,-470.71003597862995,-227.0408163265306,WAIT,True,True,621920.0,602380.0,19540.0
2024-10-07,cape,2024,29994.0,28919.0,-1075.0,-556.7321334639516,-227.0408163265306,WAIT,True,True,599880.0,580880.0,19000.0
2024-10-08,cape,2024,28919.0,25863.0,-3056.0,-571.6985802201547,-227.0408163265306,WAIT,True,True,578380.0,519760.0,58620.0
2024-10-10,cape,2024,25863.0,25844.0,-19.0,-1169.2412589938008,-227.0408163265306,WAIT,True,True,517260.0,519380.0,-2120.0
2024-10-11,cape,2024,25844.0,26772.0,928.0,-33.86182960601497,-227.0408163265306,SPOT_INDEX,False,False,516880.0,516880.0,0.0
2024-10-14,cape,2024,26772.0,26204.0,-568.0,511.2964284909513,-227.0408163265306,SPOT_INDEX,False,False,535440.0,535440.0,0.0
2024-10-15,cape,2024,26204.0,24668.0,-1536.0,-500.2008863401931,-227.0408163265306,WAIT,True,True,524080.0,495860.0,28220.0
2024-10-16,cape,2024,24668.0,22340.0,-2328.0,-935.4291765060359,-227.0408163265306,WAIT,True,True,493360.0,449300.0,44060.0
2024-10-17,cape,2024,22340.0,21170.0,-1170.0,-1347.2846122198143,-227.0408163265306,WAIT,True,True,446800.0,425900.0,20900.0
2024-10-18,cape,2024,21170.0,20969.0,-201.0,-556.6913865267562,-227.0408163265306,WAIT,True,True,423400.0,421880.0,1520.0
2024-10-21,cape,2024,20969.0,19775.0,-1194.0,-210.18989852265076,-227.0408163265306,SPOT_INDEX,False,True,419380.0,419380.0,0.0
2024-10-22,cape,2024,19775.0,19266.0,-509.0,-506.8316864756147,-227.0408163265306,WAIT,True,True,395500.0,387820.0,7680.0
2024-10-23,cape,2024,19266.0,18106.0,-1160.0,-429.3536414303955,-227.0408163265306,WAIT,True,True,385320.0,364620.0,20700.0
2024-10-24,cape,2024,18106.0,18110.0,4.0,-509.148826267282,-227.0408163265306,WAIT,True,False,362120.0,364700.0,-2580.0
2024-10-25,cape,2024,18110.0,18291.0,181.0,-35.277385037089715,-227.0408163265306,SPOT_INDEX,False,False,362200.0,362200.0,0.0
2024-10-28,cape,2024,18291.0,18084.0,-207.0,126.52537178835244,-227.0408163265306,SPOT_INDEX,False,False,365820.0,365820.0,0.0
2024-10-30,cape,2024,18084.0,17744.0,-340.0,-304.08030853224034,-227.0408163265306,WAIT,True,True,361680.0,357380.0,4300.0
2024-10-31,cape,2024,17744.0,17903.0,159.0,-333.84994857910044,-227.0408163265306,WAIT,True,False,354880.0,360560.0,-5680.0
2024-11-01,cape,2024,17903.0,17953.0,50.0,120.52150502243403,-227.0408163265306,SPOT_INDEX,False,True,358060.0,358060.0,0.0
2024-11-04,cape,2024,17953.0,18616.0,663.0,-43.41752367353306,-227.0408163265306,SPOT_INDEX,False,False,359060.0,359060.0,0.0
2024-11-05,cape,2024,18616.0,19131.0,515.0,482.21432268179495,-227.0408163265306,SPOT_INDEX,False,True,372320.0,372320.0,0.0
2024-11-06,cape,2024,19131.0,20179.0,1048.0,392.93198745837566,-227.0408163265306,SPOT_INDEX,False,True,382620.0,382620.0,0.0
2024-11-07,cape,2024,20179.0,21339.0,1160.0,607.0639982586032,-227.0408163265306,SPOT_INDEX,False,True,403580.0,403580.0,0.0
2024-11-08,cape,2024,21339.0,22274.0,935.0,669.2256347098476,-227.0408163265306,SPOT_INDEX,False,True,426780.0,426780.0,0.0
2024-11-11,cape,2024,22274.0,25177.0,2903.0,506.94491101361314,-227.0408163265306,SPOT_INDEX,False,True,445480.0,445480.0,0.0
2024-11-12,cape,2024,25177.0,26552.0,1375.0,819.8698701635143,-227.0408163265306,SPOT_INDEX,False,True,503540.0,503540.0,0.0
2024-11-13,cape,2024,26552.0,25993.0,-559.0,800.2922626033363,-227.0408163265306,SPOT_INDEX,False,False,531040.0,531040.0,0.0
2024-11-14,cape,2024,25993.0,28359.0,2366.0,-439.5900869422442,-227.0408163265306,WAIT,True,False,519860.0,569680.0,-49820.0
2024-11-15,cape,2024,28359.0,30090.0,1731.0,749.6243054950352,-227.0408163265306,SPOT_INDEX,False,True,567180.0,567180.0,0.0
2024-11-18,cape,2024,30090.0,27981.0,-2109.0,765.7496386937589,-227.0408163265306,SPOT_INDEX,False,False,601800.0,601800.0,0.0
2024-11-19,cape,2024,27981.0,26648.0,-1333.0,-1437.2988147017518,-227.0408163265306,WAIT,True,True,559620.0,535460.0,24160.0
2024-11-20,cape,2024,26648.0,26458.0,-190.0,-1096.072808779628,-227.0408163265306,WAIT,True,True,532960.0,531660.0,1300.0
2024-11-21,cape,2024,26458.0,24919.0,-1539.0,-69.77849151353197,-227.0408163265306,SPOT_INDEX,False,True,529160.0,529160.0,0.0
2024-11-22,cape,2024,24919.0,24571.0,-348.0,-1125.1229849115216,-227.0408163265306,WAIT,True,True,498380.0,493920.0,4460.0
2024-11-25,cape,2024,24571.0,25124.0,553.0,-347.4757426620175,-227.0408163265306,WAIT,True,False,491420.0,504980.0,-13560.0
2024-11-26,cape,2024,25124.0,24671.0,-453.0,411.35600006251366,-227.0408163265306,SPOT_INDEX,False,False,502480.0,502480.0,0.0
2024-11-27,cape,2024,24671.0,23153.0,-1518.0,-354.1379986409351,-227.0408163265306,WAIT,True,True,493420.0,465560.0,27860.0
2024-11-28,cape,2024,23153.0,20870.0,-2283.0,-906.6523400829357,-227.0408163265306,WAIT,True,True,463060.0,419900.0,43160.0
2024-11-29,cape,2024,20870.0,19874.0,-996.0,-1190.5402142044793,-227.0408163265306,WAIT,True,True,417400.0,399980.0,17420.0
2024-12-02,cape,2024,19874.0,17372.0,-2502.0,-488.33079342746277,-227.0408163265306,WAIT,True,True,397480.0,349940.0,47540.0
2024-12-03,cape,2024,17372.0,15766.0,-1606.0,-979.094259474269,-227.0408163265306,WAIT,True,True,347440.0,317820.0,29620.0
2024-12-04,cape,2024,15766.0,14483.0,-1283.0,-732.7367409239628,-227.0408163265306,WAIT,True,True,315320.0,292160.0,23160.0
2024-12-05,cape,2024,14483.0,13901.0,-582.0,-729.9105710130559,-227.0408163265306,WAIT,True,True,289660.0,280520.0,9140.0
2024-12-06,cape,2024,13901.0,13678.0,-223.0,-467.54068118277297,-227.0408163265306,WAIT,True,True,278020.0,276060.0,1960.0
2024-12-09,cape,2024,13678.0,13899.0,221.0,-195.43526683809284,-227.0408163265306,SPOT_INDEX,False,False,273560.0,273560.0,0.0
2024-12-10,cape,2024,13899.0,13171.0,-728.0,149.10349462667682,-227.0408163265306,SPOT_INDEX,False,False,277980.0,277980.0,0.0
2024-12-11,cape,2024,13171.0,12080.0,-1091.0,-445.3263748210219,-227.0408163265306,WAIT,True,True,263420.0,244100.0,19320.0
2024-12-12,cape,2024,12080.0,11759.0,-321.0,-495.311482787329,-227.0408163265306,WAIT,True,True,241600.0,237680.0,3920.0
2024-12-13,cape,2024,11759.0,11833.0,74.0,-278.2248408738493,-227.0408163265306,WAIT,True,False,235180.0,239160.0,-3980.0
2024-12-16,cape,2024,11833.0,12146.0,313.0,63.30644641635465,-227.0408163265306,SPOT_INDEX,False,True,236660.0,236660.0,0.0
2024-12-17,cape,2024,12146.0,11602.0,-544.0,187.22770012152614,-227.0408163265306,SPOT_INDEX,False,False,242920.0,242920.0,0.0
2024-12-18,cape,2024,11602.0,10765.0,-837.0,-430.27266934891236,-227.0408163265306,WAIT,True,True,232040.0,217800.0,14240.0
2024-12-19,cape,2024,10765.0,10349.0,-416.0,-461.1979110504586,-227.0408163265306,WAIT,True,True,215300.0,209480.0,5820.0
2024-12-20,cape,2024,10349.0,10991.0,642.0,-321.27611911455136,-227.0408163265306,WAIT,True,False,206980.0,222320.0,-15340.0
2024-12-23,cape,2024,10991.0,11075.0,84.0,606.0086156906814,-227.0408163265306,SPOT_INDEX,False,True,219820.0,219820.0,0.0
2024-12-24,cape,2024,11075.0,11616.0,541.0,70.96259636738608,-227.0408163265306,SPOT_INDEX,False,True,221500.0,221500.0,0.0
2025-01-02,panamax,2025,7593.0,7740.0,147.0,-262.22418503731194,-75.51020408163265,WAIT,True,False,151860.0,157300.0,-5440.0
2025-01-03,panamax,2025,7740.0,8068.0,328.0,168.470160831404,-75.51020408163265,SPOT_INDEX,False,True,154800.0,154800.0,0.0
2025-01-06,panamax,2025,8068.0,8077.0,9.0,206.31647316529896,-75.51020408163265,SPOT_INDEX,False,True,161360.0,161360.0,0.0
2025-01-07,panamax,2025,8077.0,8026.0,-51.0,-0.9214644011831455,-75.51020408163265,SPOT_INDEX,False,True,161540.0,161540.0,0.0
2025-01-08,panamax,2025,8026.0,7952.0,-74.0,-34.370312168022906,-75.51020408163265,SPOT_INDEX,False,True,160520.0,160520.0,0.0
2025-01-09,panamax,2025,7952.0,7797.0,-155.0,-48.981853161619775,-75.51020408163265,SPOT_INDEX,False,True,159040.0,159040.0,0.0
2025-01-10,panamax,2025,7797.0,7630.0,-167.0,-153.32904622228654,-75.51020408163265,WAIT,True,True,155940.0,155100.0,840.0
2025-01-13,panamax,2025,7630.0,7500.0,-130.0,-156.25537243598285,-75.51020408163265,WAIT,True,True,152600.0,152500.0,100.0
2025-01-14,panamax,2025,7500.0,7626.0,126.0,-140.30334428066874,-75.51020408163265,WAIT,True,False,150000.0,155020.0,-5020.0
2025-01-15,panamax,2025,7626.0,7546.0,-80.0,126.16590340461075,-75.51020408163265,SPOT_INDEX,False,False,152520.0,152520.0,0.0
2025-01-16,panamax,2025,7546.0,7354.0,-192.0,-57.62009074611313,-75.51020408163265,SPOT_INDEX,False,True,150920.0,150920.0,0.0
2025-01-17,panamax,2025,7354.0,7322.0,-32.0,-213.05996766761342,-75.51020408163265,WAIT,True,True,147080.0,148940.0,-1860.0
2025-01-20,panamax,2025,7322.0,7304.0,-18.0,-16.59245099876611,-75.51020408163265,SPOT_INDEX,False,True,146440.0,146440.0,0.0
2025-01-21,panamax,2025,7304.0,7240.0,-64.0,-13.997565854518625,-75.51020408163265,SPOT_INDEX,False,True,146080.0,146080.0,0.0
2025-01-22,panamax,2025,7240.0,7099.0,-141.0,-46.24285643897679,-75.51020408163265,SPOT_INDEX,False,True,144800.0,144800.0,0.0
2025-01-23,panamax,2025,7099.0,6982.0,-117.0,-188.62025452259198,-75.51020408163265,WAIT,True,True,141980.0,142140.0,-160.0
2025-01-24,panamax,2025,6982.0,7214.0,232.0,-172.68064614866256,-75.51020408163265,WAIT,True,False,139640.0,146780.0,-7140.0
2025-01-31,panamax,2025,7214.0,7194.0,-20.0,201.34820660009674,-75.51020408163265,SPOT_INDEX,False,False,144280.0,144280.0,0.0
2025-02-03,panamax,2025,7194.0,7367.0,173.0,-3.5601181592614717,-75.51020408163265,SPOT_INDEX,False,False,143880.0,143880.0,0.0
2025-02-04,panamax,2025,7367.0,7971.0,604.0,163.9936588841079,-75.51020408163265,SPOT_INDEX,False,True,147340.0,147340.0,0.0
2025-02-05,panamax,2025,7971.0,8858.0,887.0,832.939455945631,-75.51020408163265,SPOT_INDEX,False,True,159420.0,159420.0,0.0
2025-02-06,panamax,2025,8858.0,9146.0,288.0,448.42720702323487,-75.51020408163265,SPOT_INDEX,False,True,177160.0,177160.0,0.0
2025-02-07,panamax,2025,9146.0,9237.0,91.0,220.65581000242295,-75.51020408163265,SPOT_INDEX,False,True,182920.0,182920.0,0.0
2025-02-10,panamax,2025,9237.0,9469.0,232.0,76.86855882890694,-75.51020408163265,SPOT_INDEX,False,True,184740.0,184740.0,0.0
2025-02-11,panamax,2025,9469.0,9507.0,38.0,211.3624060640256,-75.51020408163265,SPOT_INDEX,False,True,189380.0,189380.0,0.0
2025-02-12,panamax,2025,9507.0,9576.0,69.0,78.15153795212159,-75.51020408163265,SPOT_INDEX,False,True,190140.0,190140.0,0.0
2025-02-13,panamax,2025,9576.0,9544.0,-32.0,74.34156045942889,-75.51020408163265,SPOT_INDEX,False,False,191520.0,191520.0,0.0
2025-02-14,panamax,2025,9544.0,9557.0,13.0,-13.602849695855406,-75.51020408163265,SPOT_INDEX,False,False,190880.0,190880.0,0.0
2025-02-17,panamax,2025,9557.0,9731.0,174.0,57.47582566131229,-75.51020408163265,SPOT_INDEX,False,True,191140.0,191140.0,0.0
2025-02-18,panamax,2025,9731.0,10280.0,549.0,176.90032464636744,-75.51020408163265,SPOT_INDEX,False,True,194620.0,194620.0,0.0
2025-02-19,panamax,2025,10280.0,10817.0,537.0,398.86669439327716,-75.51020408163265,SPOT_INDEX,False,True,205600.0,205600.0,0.0
2025-02-20,panamax,2025,10817.0,11009.0,192.0,393.65336103650594,-75.51020408163265,SPOT_INDEX,False,True,216340.0,216340.0,0.0
2025-02-21,panamax,2025,11009.0,11208.0,199.0,171.06806115314936,-75.51020408163265,SPOT_INDEX,False,True,220180.0,220180.0,0.0
2025-02-24,panamax,2025,11208.0,11192.0,-16.0,198.64799370147398,-75.51020408163265,SPOT_INDEX,False,False,224160.0,224160.0,0.0
2025-02-25,panamax,2025,11192.0,10881.0,-311.0,-13.175829625798556,-75.51020408163265,SPOT_INDEX,False,True,223840.0,223840.0,0.0
2025-02-26,panamax,2025,10881.0,10743.0,-138.0,-171.01175378535973,-75.51020408163265,WAIT,True,True,217620.0,217360.0,260.0
2025-02-27,panamax,2025,10743.0,10558.0,-185.0,-126.31907401520229,-75.51020408163265,WAIT,True,True,214860.0,213660.0,1200.0
2025-02-28,panamax,2025,10558.0,10027.0,-531.0,-135.31125439253697,-75.51020408163265,WAIT,True,True,211160.0,203040.0,8120.0
2025-03-04,panamax,2025,10027.0,9903.0,-124.0,-221.19229460421818,-75.51020408163265,WAIT,True,True,200540.0,200560.0,-20.0
2025-03-05,panamax,2025,9903.0,9503.0,-400.0,-132.21260800874114,-75.51020408163265,WAIT,True,True,198060.0,192560.0,5500.0
2025-03-06,panamax,2025,9503.0,9322.0,-181.0,-177.823417110185,-75.51020408163265,WAIT,True,True,190060.0,188940.0,1120.0
2025-03-07,panamax,2025,9322.0,9396.0,74.0,-129.52089736758805,-75.51020408163265,WAIT,True,False,186440.0,190420.0,-3980.0
2025-03-10,panamax,2025,9396.0,9504.0,108.0,87.80242300396192,-75.51020408163265,SPOT_INDEX,False,True,187920.0,187920.0,0.0
2025-03-11,panamax,2025,9504.0,9934.0,430.0,109.56093435103122,-75.51020408163265,SPOT_INDEX,False,True,190080.0,190080.0,0.0
2025-03-12,panamax,2025,9934.0,11133.0,1199.0,244.87407452917898,-75.51020408163265,SPOT_INDEX,False,True,198680.0,198680.0,0.0
2025-03-13,panamax,2025,11133.0,11693.0,560.0,451.0825210322714,-75.51020408163265,SPOT_INDEX,False,True,222660.0,222660.0,0.0
2025-03-14,panamax,2025,11693.0,11876.0,183.0,416.8930230374509,-75.51020408163265,SPOT_INDEX,False,True,233860.0,233860.0,0.0
2025-03-17,panamax,2025,11876.0,12104.0,228.0,185.3747499513725,-75.51020408163265,SPOT_INDEX,False,True,237520.0,237520.0,0.0
2025-03-18,panamax,2025,12104.0,12137.0,33.0,215.16236946365348,-75.51020408163265,SPOT_INDEX,False,True,242080.0,242080.0,0.0
2025-03-19,panamax,2025,12137.0,11971.0,-166.0,63.73772718304829,-75.51020408163265,SPOT_INDEX,False,False,242740.0,242740.0,0.0
2025-03-20,panamax,2025,11971.0,11836.0,-135.0,-208.93381944131738,-75.51020408163265,WAIT,True,True,239420.0,239220.0,200.0
2025-03-21,panamax,2025,11836.0,12236.0,400.0,-147.1980669806368,-75.51020408163265,WAIT,True,False,236720.0,247220.0,-10500.0
2025-03-24,panamax,2025,12236.0,12363.0,127.0,230.1362041322298,-75.51020408163265,SPOT_INDEX,False,True,244720.0,244720.0,0.0
2025-03-25,panamax,2025,12363.0,12994.0,631.0,137.7220984076123,-75.51020408163265,SPOT_INDEX,False,True,247260.0,247260.0,0.0
2025-03-26,panamax,2025,12994.0,13388.0,394.0,389.89914754991645,-75.51020408163265,SPOT_INDEX,False,True,259880.0,259880.0,0.0
2025-03-27,panamax,2025,13388.0,14048.0,660.0,224.70838614850865,-75.51020408163265,SPOT_INDEX,False,True,267760.0,267760.0,0.0
2025-03-28,panamax,2025,14048.0,14121.0,73.0,398.2498613204149,-75.51020408163265,SPOT_INDEX,False,True,280960.0,280960.0,0.0
2025-03-31,panamax,2025,14121.0,13903.0,-218.0,74.35755262422312,-75.51020408163265,SPOT_INDEX,False,False,282420.0,282420.0,0.0
2025-04-01,panamax,2025,13903.0,13899.0,-4.0,-180.35802460799152,-75.51020408163265,WAIT,True,True,278060.0,280480.0,-2420.0
2025-04-02,panamax,2025,13899.0,13958.0,59.0,-10.95772621761404,-75.51020408163265,SPOT_INDEX,False,False,277980.0,277980.0,0.0
2025-04-03,panamax,2025,13958.0,13739.0,-219.0,86.91214742930413,-75.51020408163265,SPOT_INDEX,False,False,279160.0,279160.0,0.0
2025-04-04,panamax,2025,13739.0,13267.0,-472.0,-239.16803561806384,-75.51020408163265,WAIT,True,True,274780.0,267840.0,6940.0
2025-04-07,panamax,2025,13267.0,12865.0,-402.0,-312.9977681563115,-75.51020408163265,WAIT,True,True,265340.0,259800.0,5540.0
2025-04-08,panamax,2025,12865.0,12470.0,-395.0,-270.9526896136279,-75.51020408163265,WAIT,True,True,257300.0,251900.0,5400.0
2025-04-09,panamax,2025,12470.0,12195.0,-275.0,-263.13383126943967,-75.51020408163265,WAIT,True,True,249400.0,246400.0,3000.0
2025-04-10,panamax,2025,12195.0,12026.0,-169.0,-212.78942594925553,-75.51020408163265,WAIT,True,True,243900.0,243020.0,880.0
2025-04-11,panamax,2025,12026.0,12132.0,106.0,-190.682735224574,-75.51020408163265,WAIT,True,False,240520.0,245140.0,-4620.0
2025-04-14,panamax,2025,12132.0,11808.0,-324.0,102.47726329380697,-75.51020408163265,SPOT_INDEX,False,False,242640.0,242640.0,0.0
2025-04-15,panamax,2025,11808.0,11980.0,172.0,-257.60158867033243,-75.51020408163265,WAIT,True,False,236160.0,242100.0,-5940.0
2025-04-16,panamax,2025,11980.0,12120.0,140.0,169.29776092642467,-75.51020408163265,SPOT_INDEX,False,True,239600.0,239600.0,0.0
2025-04-17,panamax,2025,12120.0,12205.0,85.0,172.2719403798409,-75.51020408163265,SPOT_INDEX,False,True,242400.0,242400.0,0.0
2025-04-18,panamax,2025,12205.0,12253.0,48.0,85.0426138654966,-75.51020408163265,SPOT_INDEX,False,True,244100.0,244100.0,0.0
2025-04-21,panamax,2025,12253.0,12366.0,113.0,81.43473974314053,-75.51020408163265,SPOT_INDEX,False,True,245060.0,245060.0,0.0
2025-04-22,panamax,2025,12366.0,12592.0,226.0,116.38811275974673,-75.51020408163265,SPOT_INDEX,False,True,247320.0,247320.0,0.0
2025-04-23,panamax,2025,12592.0,12857.0,265.0,211.36584818227922,-75.51020408163265,SPOT_INDEX,False,True,251840.0,251840.0,0.0
2025-04-24,panamax,2025,12857.0,12946.0,89.0,210.6407025313524,-75.51020408163265,SPOT_INDEX,False,True,257140.0,257140.0,0.0
2025-04-25,panamax,2025,12946.0,12932.0,-14.0,83.06176445851835,-75.51020408163265,SPOT_INDEX,False,False,258920.0,258920.0,0.0
2025-04-28,panamax,2025,12932.0,12828.0,-104.0,-14.923545787048397,-75.51020408163265,SPOT_INDEX,False,True,258640.0,258640.0,0.0
2025-04-29,panamax,2025,12828.0,12593.0,-235.0,-125.05225637677391,-75.51020408163265,WAIT,True,True,256560.0,254360.0,2200.0
2025-04-30,panamax,2025,12593.0,12505.0,-88.0,-180.43523737138514,-75.51020408163265,WAIT,True,True,251860.0,252600.0,-740.0
2025-05-02,panamax,2025,12505.0,11979.0,-526.0,-69.37902686812717,-75.51020408163265,SPOT_INDEX,False,True,250100.0,250100.0,0.0
2025-05-07,panamax,2025,11979.0,11784.0,-195.0,-275.2552442812978,-75.51020408163265,WAIT,True,True,239580.0,238180.0,1400.0
2025-05-08,panamax,2025,11784.0,11779.0,-5.0,-220.31488152431146,-75.51020408163265,WAIT,True,True,235680.0,238080.0,-2400.0
2025-05-09,panamax,2025,11779.0,11857.0,78.0,-12.59076380097737,-75.51020408163265,SPOT_INDEX,False,False,235580.0,235580.0,0.0
2025-05-12,panamax,2025,11857.0,11911.0,54.0,81.21580885134587,-75.51020408163265,SPOT_INDEX,False,True,237140.0,237140.0,0.0
2025-05-13,panamax,2025,11911.0,11699.0,-212.0,79.30020430001083,-75.51020408163265,SPOT_INDEX,False,False,238220.0,238220.0,0.0
2025-05-14,panamax,2025,11699.0,11512.0,-187.0,-200.43514300799234,-75.51020408163265,WAIT,True,True,233980.0,232740.0,1240.0
2025-05-15,panamax,2025,11512.0,11519.0,7.0,-180.73713574069123,-75.51020408163265,WAIT,True,False,230240.0,232880.0,-2640.0
2025-05-16,panamax,2025,11519.0,11551.0,32.0,6.619136287870821,-75.51020408163265,SPOT_INDEX,False,True,230380.0,230380.0,0.0
2025-05-19,panamax,2025,11551.0,11615.0,64.0,69.03615162578757,-75.51020408163265,SPOT_INDEX,False,True,231020.0,231020.0,0.0
2025-05-20,panamax,2025,11615.0,11544.0,-71.0,77.01766753793366,-75.51020408163265,SPOT_INDEX,False,False,232300.0,232300.0,0.0
2025-05-21,panamax,2025,11544.0,11299.0,-245.0,-46.3750509396454,-75.51020408163265,SPOT_INDEX,False,True,230880.0,230880.0,0.0
2025-05-22,panamax,2025,11299.0,11201.0,-98.0,-179.04821727559482,-75.51020408163265,WAIT,True,True,225980.0,226520.0,-540.0
2025-05-23,panamax,2025,11201.0,11025.0,-176.0,-114.95476370320517,-75.51020408163265,WAIT,True,True,224020.0,223000.0,1020.0
2025-05-26,panamax,2025,11025.0,10975.0,-50.0,-175.54104835554918,-75.51020408163265,WAIT,True,True,220500.0,222000.0,-1500.0
2025-05-27,panamax,2025,10975.0,10794.0,-181.0,-43.631637041946185,-75.51020408163265,SPOT_INDEX,False,True,219500.0,219500.0,0.0
2025-05-28,panamax,2025,10794.0,10462.0,-332.0,-179.9301537163015,-75.51020408163265,WAIT,True,True,215880.0,211740.0,4140.0
2025-05-29,panamax,2025,10462.0,10211.0,-251.0,-219.27808467859506,-75.51020408163265,WAIT,True,True,209240.0,206720.0,2520.0
2025-05-30,panamax,2025,10211.0,10038.0,-173.0,-175.6024512496202,-75.51020408163265,WAIT,True,True,204220.0,203260.0,960.0
2025-06-02,panamax,2025,10038.0,9556.0,-482.0,-172.0952823295745,-75.51020408163265,WAIT,True,True,200760.0,193620.0,7140.0
2025-06-04,panamax,2025,9556.0,9932.0,376.0,-243.74873304269724,-75.51020408163265,WAIT,True,False,191120.0,201140.0,-10020.0
2025-06-05,panamax,2025,9932.0,11072.0,1140.0,218.66217917903538,-75.51020408163265,SPOT_INDEX,False,True,198640.0,198640.0,0.0
2025-06-09,panamax,2025,11072.0,11220.0,148.0,442.80685848655213,-75.51020408163265,SPOT_INDEX,False,True,221440.0,221440.0,0.0
2025-06-10,panamax,2025,11220.0,11529.0,309.0,164.0034117362194,-75.51020408163265,SPOT_INDEX,False,True,224400.0,224400.0,0.0
2025-06-11,panamax,2025,11529.0,11630.0,101.0,215.77488800695482,-75.51020408163265,SPOT_INDEX,False,True,230580.0,230580.0,0.0
2025-06-12,panamax,2025,11630.0,11848.0,218.0,103.30450796805441,-75.51020408163265,SPOT_INDEX,False,True,232600.0,232600.0,0.0
2025-06-13,panamax,2025,11848.0,11970.0,122.0,210.51304536476758,-75.51020408163265,SPOT_INDEX,False,True,236960.0,236960.0,0.0
2025-06-16,panamax,2025,11970.0,12150.0,180.0,129.6938951402235,-75.51020408163265,SPOT_INDEX,False,True,239400.0,239400.0,0.0
2025-06-17,panamax,2025,12150.0,12667.0,517.0,177.62143313287578,-75.51020408163265,SPOT_INDEX,False,True,243000.0,243000.0,0.0
2025-06-18,panamax,2025,12667.0,12795.0,128.0,411.7125371752586,-75.51020408163265,SPOT_INDEX,False,True,253340.0,253340.0,0.0
2025-06-19,panamax,2025,12795.0,12773.0,-22.0,129.31023923086494,-75.51020408163265,SPOT_INDEX,False,False,255900.0,255900.0,0.0
2025-06-20,panamax,2025,12773.0,12803.0,30.0,-13.250617519431922,-75.51020408163265,SPOT_INDEX,False,False,255460.0,255460.0,0.0
2025-06-23,panamax,2025,12803.0,12981.0,178.0,55.05643274992228,-75.51020408163265,SPOT_INDEX,False,True,256060.0,256060.0,0.0
2025-06-24,panamax,2025,12981.0,13227.0,246.0,164.52952290870886,-75.51020408163265,SPOT_INDEX,False,True,259620.0,259620.0,0.0
2025-06-25,panamax,2025,13227.0,13427.0,200.0,197.8224855241094,-75.51020408163265,SPOT_INDEX,False,True,264540.0,264540.0,0.0
2025-06-26,panamax,2025,13427.0,13542.0,115.0,183.1942109182958,-75.51020408163265,SPOT_INDEX,False,True,268540.0,268540.0,0.0
2025-06-27,panamax,2025,13542.0,13619.0,77.0,150.72978442281658,-75.51020408163265,SPOT_INDEX,False,True,270840.0,270840.0,0.0
2025-06-30,panamax,2025,13619.0,13752.0,133.0,67.97946224319543,-75.51020408163265,SPOT_INDEX,False,True,272380.0,272380.0,0.0
2025-07-01,panamax,2025,13752.0,13773.0,21.0,165.23810228711645,-75.51020408163265,SPOT_INDEX,False,True,275040.0,275040.0,0.0
2025-07-02,panamax,2025,13773.0,13581.0,-192.0,46.071029761264164,-75.51020408163265,SPOT_INDEX,False,False,275460.0,275460.0,0.0
2025-07-03,panamax,2025,13581.0,13643.0,62.0,-186.0774325360974,-75.51020408163265,WAIT,True,False,271620.0,275360.0,-3740.0
2025-07-04,panamax,2025,13643.0,13785.0,142.0,87.7239266118741,-75.51020408163265,SPOT_INDEX,False,True,272860.0,272860.0,0.0
2025-07-07,panamax,2025,13785.0,14097.0,312.0,198.4942590156075,-75.51020408163265,SPOT_INDEX,False,True,275700.0,275700.0,0.0
2025-07-08,panamax,2025,14097.0,14380.0,283.0,270.0529159529085,-75.51020408163265,SPOT_INDEX,False,True,281940.0,281940.0,0.0
2025-07-09,panamax,2025,14380.0,14597.0,217.0,255.82050196173049,-75.51020408163265,SPOT_INDEX,False,True,287600.0,287600.0,0.0
2025-07-10,panamax,2025,14597.0,14868.0,271.0,229.12805758039826,-75.51020408163265,SPOT_INDEX,False,True,291940.0,291940.0,0.0
2025-07-11,panamax,2025,14868.0,15588.0,720.0,219.63858796519244,-75.51020408163265,SPOT_INDEX,False,True,297360.0,297360.0,0.0
2025-07-14,panamax,2025,15588.0,16097.0,509.0,427.78900705719457,-75.51020408163265,SPOT_INDEX,False,True,311760.0,311760.0,0.0
2025-07-15,panamax,2025,16097.0,17090.0,993.0,413.5763738096442,-75.51020408163265,SPOT_INDEX,False,True,321940.0,321940.0,0.0
2025-07-16,panamax,2025,17090.0,16830.0,-260.0,450.42148256785913,-75.51020408163265,SPOT_INDEX,False,False,341800.0,341800.0,0.0
2025-07-17,panamax,2025,16830.0,16740.0,-90.0,-148.6838923201634,-75.51020408163265,WAIT,True,True,336600.0,337300.0,-700.0
2025-07-18,panamax,2025,16740.0,16695.0,-45.0,-33.7431293875011,-75.51020408163265,SPOT_INDEX,False,True,334800.0,334800.0,0.0
2025-07-21,panamax,2025,16695.0,16651.0,-44.0,-30.995610689140136,-75.51020408163265,SPOT_INDEX,False,True,333900.0,333900.0,0.0
2025-07-22,panamax,2025,16651.0,16612.0,-39.0,-33.94018191989089,-75.51020408163265,SPOT_INDEX,False,True,333020.0,333020.0,0.0
2025-07-23,panamax,2025,16612.0,16524.0,-88.0,-20.764121092390088,-75.51020408163265,SPOT_INDEX,False,True,332240.0,332240.0,0.0
2025-07-24,panamax,2025,16524.0,16503.0,-21.0,-38.0171596561515,-75.51020408163265,SPOT_INDEX,False,True,330480.0,330480.0,0.0
2025-07-25,panamax,2025,16503.0,16305.0,-198.0,-13.099525805478434,-75.51020408163265,SPOT_INDEX,False,True,330060.0,330060.0,0.0
2025-07-28,panamax,2025,16305.0,16231.0,-74.0,-142.50653363154754,-75.51020408163265,WAIT,True,True,326100.0,327120.0,-1020.0
2025-07-29,panamax,2025,16231.0,15733.0,-498.0,-52.95149428346661,-75.51020408163265,SPOT_INDEX,False,True,324620.0,324620.0,0.0
2025-07-30,panamax,2025,15733.0,15290.0,-443.0,-302.21245863333365,-75.51020408163265,WAIT,True,True,314660.0,308300.0,6360.0
2025-07-31,panamax,2025,15290.0,15035.0,-255.0,-261.2441886288894,-75.51020408163265,WAIT,True,True,305800.0,303200.0,2600.0
2025-08-01,panamax,2025,15035.0,14880.0,-155.0,-186.60563771822973,-75.51020408163265,WAIT,True,True,300700.0,300100.0,600.0
2025-08-04,panamax,2025,14880.0,14893.0,13.0,-172.47164134564312,-75.51020408163265,WAIT,True,False,297600.0,300360.0,-2760.0
2025-08-05,panamax,2025,14893.0,15174.0,281.0,-7.9104052918687024,-75.51020408163265,SPOT_INDEX,False,False,297860.0,297860.0,0.0
2025-08-06,panamax,2025,15174.0,15420.0,246.0,259.68313673873485,-75.51020408163265,SPOT_INDEX,False,True,303480.0,303480.0,0.0
2025-08-07,panamax,2025,15420.0,15563.0,143.0,261.9545554667656,-75.51020408163265,SPOT_INDEX,False,True,308400.0,308400.0,0.0
2025-08-08,panamax,2025,15563.0,15702.0,139.0,182.9105288936231,-75.51020408163265,SPOT_INDEX,False,True,311260.0,311260.0,0.0
2025-08-11,panamax,2025,15702.0,15527.0,-175.0,183.31752306053292,-75.51020408163265,SPOT_INDEX,False,False,314040.0,314040.0,0.0
2025-08-12,panamax,2025,15527.0,15417.0,-110.0,-187.88554102739752,-75.51020408163265,WAIT,True,True,310540.0,310840.0,-300.0
2025-08-13,panamax,2025,15417.0,15411.0,-6.0,-130.92027581815236,-75.51020408163265,WAIT,True,True,308340.0,310720.0,-2380.0
2025-08-14,panamax,2025,15411.0,15493.0,82.0,-14.917255059061349,-75.51020408163265,SPOT_INDEX,False,False,308220.0,308220.0,0.0
2025-08-18,panamax,2025,15493.0,15386.0,-107.0,98.67494564580232,-75.51020408163265,SPOT_INDEX,False,False,309860.0,309860.0,0.0
2025-08-19,panamax,2025,15386.0,15070.0,-316.0,-147.60803530588598,-75.51020408163265,WAIT,True,True,307720.0,303900.0,3820.0
2025-08-20,panamax,2025,15070.0,15314.0,244.0,-255.0798579690175,-75.51020408163265,WAIT,True,False,301400.0,308780.0,-7380.0
2025-08-21,panamax,2025,15314.0,15680.0,366.0,264.6740960499092,-75.51020408163265,SPOT_INDEX,False,True,306280.0,306280.0,0.0
2025-08-22,panamax,2025,15680.0,16111.0,431.0,291.49521440396063,-75.51020408163265,SPOT_INDEX,False,True,313600.0,313600.0,0.0
2025-08-25,panamax,2025,16111.0,16496.0,385.0,319.3277826805206,-75.51020408163265,SPOT_INDEX,False,True,322220.0,322220.0,0.0
2025-08-26,panamax,2025,16496.0,16916.0,420.0,296.5735661608626,-75.51020408163265,SPOT_INDEX,False,True,329920.0,329920.0,0.0
2025-08-27,panamax,2025,16916.0,16960.0,44.0,318.5477320556393,-75.51020408163265,SPOT_INDEX,False,True,338320.0,338320.0,0.0
2025-08-28,panamax,2025,16960.0,16950.0,-10.0,70.949676201398,-75.51020408163265,SPOT_INDEX,False,False,339200.0,339200.0,0.0
2025-08-29,panamax,2025,16950.0,16781.0,-169.0,-23.706164876318702,-75.51020408163265,SPOT_INDEX,False,True,339000.0,339000.0,0.0
2025-09-01,panamax,2025,16781.0,16419.0,-362.0,-193.28448764415938,-75.51020408163265,WAIT,True,True,335620.0,330880.0,4740.0
2025-09-02,panamax,2025,16419.0,16416.0,-3.0,-244.94145993963608,-75.51020408163265,WAIT,True,True,328380.0,330820.0,-2440.0
2025-09-03,panamax,2025,16416.0,16314.0,-102.0,-14.505901327208171,-75.51020408163265,SPOT_INDEX,False,True,328320.0,328320.0,0.0
2025-09-04,panamax,2025,16314.0,16352.0,38.0,-138.24238625078314,-75.51020408163265,WAIT,True,False,326280.0,329540.0,-3260.0
2025-09-05,panamax,2025,16352.0,16406.0,54.0,71.65268488577408,-75.51020408163265,SPOT_INDEX,False,True,327040.0,327040.0,0.0
2025-09-08,panamax,2025,16406.0,16784.0,378.0,91.92090648660763,-75.51020408163265,SPOT_INDEX,False,True,328120.0,328120.0,0.0
2025-09-09,panamax,2025,16784.0,17108.0,324.0,272.15203208453545,-75.51020408163265,SPOT_INDEX,False,True,335680.0,335680.0,0.0
2025-09-10,panamax,2025,17108.0,17447.0,339.0,270.16601093270225,-75.51020408163265,SPOT_INDEX,False,True,342160.0,342160.0,0.0
2025-09-11,panamax,2025,17447.0,17529.0,82.0,272.0071569929151,-75.51020408163265,SPOT_INDEX,False,True,348940.0,348940.0,0.0
2025-09-12,panamax,2025,17529.0,17531.0,2.0,93.82715617555422,-75.51020408163265,SPOT_INDEX,False,True,350580.0,350580.0,0.0
2025-09-15,panamax,2025,17531.0,17608.0,77.0,-12.600808845594175,-75.51020408163265,SPOT_INDEX,False,False,350620.0,350620.0,0.0
2025-09-16,panamax,2025,17608.0,17393.0,-215.0,91.27101954300846,-75.51020408163265,SPOT_INDEX,False,False,352160.0,352160.0,0.0
2025-09-17,panamax,2025,17393.0,17474.0,81.0,-187.374118039775,-75.51020408163265,WAIT,True,False,347860.0,351980.0,-4120.0
2025-09-18,panamax,2025,17474.0,17392.0,-82.0,90.19326405711504,-75.51020408163265,SPOT_INDEX,False,False,349480.0,349480.0,0.0
2025-09-19,panamax,2025,17392.0,17216.0,-176.0,-67.48909904646054,-75.51020408163265,SPOT_INDEX,False,True,347840.0,347840.0,0.0
2025-09-22,panamax,2025,17216.0,17175.0,-41.0,-183.8010504420384,-75.51020408163265,WAIT,True,True,344320.0,346000.0,-1680.0
2025-09-23,panamax,2025,17175.0,17527.0,352.0,-24.33389321923278,-75.51020408163265,SPOT_INDEX,False,False,343500.0,343500.0,0.0
2025-09-24,panamax,2025,17527.0,17800.0,273.0,274.90725520523034,-75.51020408163265,SPOT_INDEX,False,True,350540.0,350540.0,0.0
2025-09-25,panamax,2025,17800.0,17810.0,10.0,260.6750388544103,-75.51020408163265,SPOT_INDEX,False,True,356000.0,356000.0,0.0
2025-09-26,panamax,2025,17810.0,17755.0,-55.0,-12.600808845594175,-75.51020408163265,SPOT_INDEX,False,True,356200.0,356200.0,0.0
2025-09-29,panamax,2025,17755.0,17549.0,-206.0,-50.368900872742685,-75.51020408163265,SPOT_INDEX,False,True,355100.0,355100.0,0.0
2025-09-30,panamax,2025,17549.0,17069.0,-480.0,-230.37639006298252,-75.51020408163265,WAIT,True,True,350980.0,343880.0,7100.0
2025-10-01,panamax,2025,17069.0,16524.0,-545.0,-332.547616394241,-75.51020408163265,WAIT,True,True,341380.0,332980.0,8400.0
2025-10-02,panamax,2025,16524.0,17276.0,752.0,-322.73959253432895,-75.51020408163265,WAIT,True,False,330480.0,348020.0,-17540.0
2025-10-10,panamax,2025,17276.0,17780.0,504.0,494.27878769438314,-75.51020408163265,SPOT_INDEX,False,True,345520.0,345520.0,0.0
2025-10-13,panamax,2025,17780.0,18184.0,404.0,474.49079895502814,-75.51020408163265,SPOT_INDEX,False,True,355600.0,355600.0,0.0
2025-10-14,panamax,2025,18184.0,18497.0,313.0,321.2376812996948,-75.51020408163265,SPOT_INDEX,False,True,363680.0,363680.0,0.0
2025-10-15,panamax,2025,18497.0,18455.0,-42.0,282.6393446988018,-75.51020408163265,SPOT_INDEX,False,False,369940.0,369940.0,0.0
2025-10-16,panamax,2025,18455.0,18323.0,-132.0,-28.133243310650847,-75.51020408163265,SPOT_INDEX,False,True,369100.0,369100.0,0.0
2025-10-17,panamax,2025,18323.0,18357.0,34.0,-159.89302791781003,-75.51020408163265,WAIT,True,False,366460.0,369640.0,-3180.0
2025-10-20,panamax,2025,18357.0,18391.0,34.0,71.32376551278898,-75.51020408163265,SPOT_INDEX,False,True,367140.0,367140.0,0.0
2025-10-21,panamax,2025,18391.0,18709.0,318.0,74.35355537005826,-75.51020408163265,SPOT_INDEX,False,True,367820.0,367820.0,0.0
2025-10-22,panamax,2025,18709.0,19016.0,307.0,288.49041991205047,-75.51020408163265,SPOT_INDEX,False,True,374180.0,374180.0,0.0
2025-10-23,panamax,2025,19016.0,19110.0,94.0,277.7062215667405,-75.51020408163265,SPOT_INDEX,False,True,380320.0,380320.0,0.0
2025-10-24,panamax,2025,19110.0,19223.0,113.0,90.3294017645177,-75.51020408163265,SPOT_INDEX,False,True,382200.0,382200.0,0.0
2025-10-27,panamax,2025,19223.0,19317.0,94.0,117.7614125439529,-75.51020408163265,SPOT_INDEX,False,True,384460.0,384460.0,0.0
2025-10-28,panamax,2025,19317.0,19152.0,-165.0,96.30663213721003,-75.51020408163265,SPOT_INDEX,False,False,386340.0,386340.0,0.0
2025-10-29,panamax,2025,19152.0,19077.0,-75.0,-191.31808168522696,-75.51020408163265,WAIT,True,True,383040.0,384040.0,-1000.0
2025-10-30,panamax,2025,19077.0,18978.0,-99.0,-60.87954362048178,-75.51020408163265,SPOT_INDEX,False,True,381540.0,381540.0,0.0
2025-10-31,panamax,2025,18978.0,18956.0,-22.0,-125.1409580745198,-75.51020408163265,WAIT,True,True,379560.0,381620.0,-2060.0
2025-11-03,panamax,2025,18956.0,18729.0,-227.0,-18.424800072159716,-75.51020408163265,SPOT_INDEX,False,True,379120.0,379120.0,0.0
2025-11-04,panamax,2025,18729.0,18402.0,-327.0,-212.1074497506183,-75.51020408163265,WAIT,True,True,374580.0,370540.0,4040.0
2025-11-05,panamax,2025,18402.0,18418.0,16.0,-232.17129871479045,-75.51020408163265,WAIT,True,False,368040.0,370860.0,-2820.0
2025-11-06,panamax,2025,18418.0,18434.0,16.0,0.8083425996152812,-75.51020408163265,SPOT_INDEX,False,True,368360.0,368360.0,0.0
2025-11-07,panamax,2025,18434.0,18499.0,65.0,-11.940955127139624,-75.51020408163265,SPOT_INDEX,False,False,368680.0,368680.0,0.0
2025-11-10,panamax,2025,18499.0,18656.0,157.0,90.95651409359566,-75.51020408163265,SPOT_INDEX,False,True,369980.0,369980.0,0.0
2025-11-11,panamax,2025,18656.0,18738.0,82.0,193.00532595553756,-75.51020408163265,SPOT_INDEX,False,True,373120.0,373120.0,0.0
2025-11-12,panamax,2025,18738.0,18883.0,145.0,90.48046521341278,-75.51020408163265,SPOT_INDEX,False,True,374760.0,374760.0,0.0
2025-11-13,panamax,2025,18883.0,18881.0,-2.0,186.8190819634426,-75.51020408163265,SPOT_INDEX,False,False,377660.0,377660.0,0.0
2025-11-14,panamax,2025,18881.0,18825.0,-56.0,-12.600808845594175,-75.51020408163265,SPOT_INDEX,False,True,377620.0,377620.0,0.0
2025-11-17,panamax,2025,18825.0,18757.0,-68.0,-48.90422841403508,-75.51020408163265,SPOT_INDEX,False,True,376500.0,376500.0,0.0
2025-11-18,panamax,2025,18757.0,18786.0,29.0,-51.669141302234856,-75.51020408163265,SPOT_INDEX,False,False,375140.0,375140.0,0.0
2025-11-19,panamax,2025,18786.0,18779.0,-7.0,67.8081485455552,-75.51020408163265,SPOT_INDEX,False,False,375720.0,375720.0,0.0
2025-11-20,panamax,2025,18779.0,18742.0,-37.0,-15.122384678212539,-75.51020408163265,SPOT_INDEX,False,True,375580.0,375580.0,0.0
2025-11-21,panamax,2025,18742.0,18852.0,110.0,-19.342408384176927,-75.51020408163265,SPOT_INDEX,False,False,374840.0,374840.0,0.0
2025-11-24,panamax,2025,18852.0,19219.0,367.0,114.99250988568343,-75.51020408163265,SPOT_INDEX,False,True,377040.0,377040.0,0.0
2025-11-25,panamax,2025,19219.0,19313.0,94.0,278.6744661400687,-75.51020408163265,SPOT_INDEX,False,True,384380.0,384380.0,0.0
2025-11-27,panamax,2025,19313.0,19310.0,-3.0,107.08235900814879,-75.51020408163265,SPOT_INDEX,False,False,386260.0,386260.0,0.0
2025-11-28,panamax,2025,19310.0,19252.0,-58.0,1.700360532067348,-75.51020408163265,SPOT_INDEX,False,False,386200.0,386200.0,0.0
2025-12-01,panamax,2025,19252.0,19118.0,-134.0,-29.51222610659149,-75.51020408163265,SPOT_INDEX,False,True,385040.0,385040.0,0.0
2025-12-02,panamax,2025,19118.0,18855.0,-263.0,-135.09374061087053,-75.51020408163265,WAIT,True,True,382360.0,379600.0,2760.0
2025-12-03,panamax,2025,18855.0,18729.0,-126.0,-155.08796586262065,-75.51020408163265,WAIT,True,True,377100.0,377080.0,20.0
2025-12-04,panamax,2025,18729.0,18509.0,-220.0,-109.8011242039208,-75.51020408163265,WAIT,True,True,374580.0,372680.0,1900.0
2025-12-05,panamax,2025,18509.0,18200.0,-309.0,-172.70282189231614,-75.51020408163265,WAIT,True,True,370180.0,366500.0,3680.0
2025-12-08,panamax,2025,18200.0,17812.0,-388.0,-253.74261543238686,-75.51020408163265,WAIT,True,True,364000.0,358740.0,5260.0
2025-12-09,panamax,2025,17812.0,16391.0,-1421.0,-267.7543007362148,-75.51020408163265,WAIT,True,True,356240.0,330320.0,25920.0
2025-12-10,panamax,2025,16391.0,16058.0,-333.0,-529.1149694917127,-75.51020408163265,WAIT,True,True,327820.0,323660.0,4160.0
2025-12-11,panamax,2025,16058.0,15990.0,-68.0,-323.91993926746477,-75.51020408163265,WAIT,True,True,321160.0,322300.0,-1140.0
2025-12-12,panamax,2025,15990.0,15142.0,-848.0,-61.60023904840043,-75.51020408163265,SPOT_INDEX,False,True,319800.0,319800.0,0.0
2025-12-15,panamax,2025,15142.0,14404.0,-738.0,-454.6990415279252,-75.51020408163265,WAIT,True,True,302840.0,290580.0,12260.0
2025-12-16,panamax,2025,14404.0,13812.0,-592.0,-392.532482567785,-75.51020408163265,WAIT,True,True,288080.0,278740.0,9340.0
2025-12-17,panamax,2025,13812.0,13019.0,-793.0,-315.6605188887802,-75.51020408163265,WAIT,True,True,276240.0,262880.0,13360.0
2025-12-18,panamax,2025,13019.0,12643.0,-376.0,-418.3678041397208,-75.51020408163265,WAIT,True,True,260380.0,255360.0,5020.0
2025-12-19,panamax,2025,12643.0,11701.0,-942.0,-279.16971528751435,-75.51020408163265,WAIT,True,True,252860.0,236520.0,16340.0
2025-12-22,panamax,2025,11701.0,11475.0,-226.0,-486.22347621991247,-75.51020408163265,WAIT,True,True,234020.0,232000.0,2020.0
2025-12-23,panamax,2025,11475.0,11001.0,-474.0,-266.7047332014182,-75.51020408163265,WAIT,True,True,229500.0,222520.0,6980.0
2025-12-24,panamax,2025,11001.0,11047.0,46.0,-358.279623473348,-75.51020408163265,WAIT,True,False,220020.0,223440.0,-3420.0
2025-01-02,supramax,2025,11422.0,11353.0,-69.0,-162.79987379359846,-92.34693877551018,WAIT,True,True,228440.0,229560.0,-1120.0
2025-01-03,supramax,2025,11353.0,11030.0,-323.0,-37.544563573359795,-92.34693877551018,SPOT_INDEX,False,True,227060.0,227060.0,0.0
2025-01-06,supramax,2025,11030.0,10798.0,-232.0,-257.9018059541269,-92.34693877551018,WAIT,True,True,220600.0,218460.0,2140.0
2025-01-07,supramax,2025,10798.0,10676.0,-122.0,-168.8104169325213,-92.34693877551018,WAIT,True,True,215960.0,216020.0,-60.0
2025-01-08,supramax,2025,10676.0,10562.0,-114.0,-79.2708887798126,-92.34693877551018,SPOT_INDEX,False,True,213520.0,213520.0,0.0
2025-01-09,supramax,2025,10562.0,10344.0,-218.0,-92.84724084756552,-92.34693877551018,WAIT,True,True,211240.0,209380.0,1860.0
2025-01-10,supramax,2025,10344.0,10165.0,-179.0,-148.14794761459925,-92.34693877551018,WAIT,True,True,206880.0,205800.0,1080.0
2025-01-13,supramax,2025,10165.0,10025.0,-140.0,-87.11121335908146,-92.34693877551018,SPOT_INDEX,False,True,203300.0,203300.0,0.0
2025-01-14,supramax,2025,10025.0,9968.0,-57.0,-94.72541186519949,-92.34693877551018,WAIT,True,True,200500.0,201860.0,-1360.0
2025-01-15,supramax,2025,9968.0,9891.0,-77.0,-68.90321611320134,-92.34693877551018,SPOT_INDEX,False,True,199360.0,199360.0,0.0
2025-01-16,supramax,2025,9891.0,9654.0,-237.0,-69.77303052473832,-92.34693877551018,SPOT_INDEX,False,True,197820.0,197820.0,0.0
2025-01-17,supramax,2025,9654.0,9157.0,-497.0,-219.00534213453074,-92.34693877551018,WAIT,True,True,193080.0,185640.0,7440.0
2025-01-20,supramax,2025,9157.0,8752.0,-405.0,-318.34947300480593,-92.34693877551018,WAIT,True,True,183140.0,177540.0,5600.0
2025-01-21,supramax,2025,8752.0,8483.0,-269.0,-262.96127896508676,-92.34693877551018,WAIT,True,True,175040.0,172160.0,2880.0
2025-01-22,supramax,2025,8483.0,8309.0,-174.0,-218.0623196525928,-92.34693877551018,WAIT,True,True,169660.0,168680.0,980.0
2025-01-23,supramax,2025,8309.0,8106.0,-203.0,-116.4070680463912,-92.34693877551018,WAIT,True,True,166180.0,164620.0,1560.0
2025-01-24,supramax,2025,8106.0,7681.0,-425.0,-181.4425251661947,-92.34693877551018,WAIT,True,True,162120.0,156120.0,6000.0
2025-01-31,supramax,2025,7681.0,7538.0,-143.0,-429.27835500904547,-92.34693877551018,WAIT,True,True,153620.0,153260.0,360.0
2025-02-03,supramax,2025,7538.0,7570.0,32.0,-98.96901707676606,-92.34693877551018,WAIT,True,False,150760.0,153900.0,-3140.0
2025-02-04,supramax,2025,7570.0,7765.0,195.0,-170.82004837234442,-92.34693877551018,WAIT,True,False,151400.0,157800.0,-6400.0
2025-02-05,supramax,2025,7765.0,8262.0,497.0,19.129195295761097,-92.34693877551018,SPOT_INDEX,False,True,155300.0,155300.0,0.0
2025-02-06,supramax,2025,8262.0,8750.0,488.0,544.8171890182781,-92.34693877551018,SPOT_INDEX,False,True,165240.0,165240.0,0.0
2025-02-07,supramax,2025,8750.0,8955.0,205.0,473.8034565078017,-92.34693877551018,SPOT_INDEX,False,True,175000.0,175000.0,0.0
2025-02-10,supramax,2025,8955.0,9022.0,67.0,139.73357558502303,-92.34693877551018,SPOT_INDEX,False,True,179100.0,179100.0,0.0
2025-02-11,supramax,2025,9022.0,9161.0,139.0,78.92656601207729,-92.34693877551018,SPOT_INDEX,False,True,180440.0,180440.0,0.0
2025-02-12,supramax,2025,9161.0,9373.0,212.0,121.82393254919344,-92.34693877551018,SPOT_INDEX,False,True,183220.0,183220.0,0.0
2025-02-13,supramax,2025,9373.0,9534.0,161.0,135.78327700203204,-92.34693877551018,SPOT_INDEX,False,True,187460.0,187460.0,0.0
2025-02-14,supramax,2025,9534.0,9746.0,212.0,125.409666241315,-92.34693877551018,SPOT_INDEX,False,True,190680.0,190680.0,0.0
2025-02-17,supramax,2025,9746.0,9975.0,229.0,134.85835727582543,-92.34693877551018,SPOT_INDEX,False,True,194920.0,194920.0,0.0
2025-02-18,supramax,2025,9975.0,10360.0,385.0,134.00098350426506,-92.34693877551018,SPOT_INDEX,False,True,199500.0,199500.0,0.0
2025-02-19,supramax,2025,10360.0,10835.0,475.0,393.8128022813152,-92.34693877551018,SPOT_INDEX,False,True,207200.0,207200.0,0.0
2025-02-20,supramax,2025,10835.0,11012.0,177.0,444.80938925455916,-92.34693877551018,SPOT_INDEX,False,True,216700.0,216700.0,0.0
2025-02-21,supramax,2025,11012.0,11046.0,34.0,170.79172363831947,-92.34693877551018,SPOT_INDEX,False,True,220240.0,220240.0,0.0
2025-02-24,supramax,2025,11046.0,11195.0,149.0,101.39403446479926,-92.34693877551018,SPOT_INDEX,False,True,220920.0,220920.0,0.0
2025-02-25,supramax,2025,11195.0,11234.0,39.0,177.45829051783477,-92.34693877551018,SPOT_INDEX,False,True,223900.0,223900.0,0.0
2025-02-26,supramax,2025,11234.0,11379.0,145.0,61.59557044648562,-92.34693877551018,SPOT_INDEX,False,True,224680.0,224680.0,0.0
2025-02-27,supramax,2025,11379.0,11311.0,-68.0,115.83347708021427,-92.34693877551018,SPOT_INDEX,False,False,227580.0,227580.0,0.0
2025-02-28,supramax,2025,11311.0,11126.0,-185.0,-59.15871864707072,-92.34693877551018,SPOT_INDEX,False,True,226220.0,226220.0,0.0
2025-03-04,supramax,2025,11126.0,10936.0,-190.0,-105.82532478118692,-92.34693877551018,WAIT,True,True,222520.0,221220.0,1300.0
2025-03-05,supramax,2025,10936.0,10794.0,-142.0,-149.88888970130512,-92.34693877551018,WAIT,True,True,218720.0,218380.0,340.0
2025-03-06,supramax,2025,10794.0,10669.0,-125.0,-141.49953368503193,-92.34693877551018,WAIT,True,True,215880.0,215880.0,0.0
2025-03-07,supramax,2025,10669.0,10727.0,58.0,-79.12926782537603,-92.34693877551018,SPOT_INDEX,False,False,213380.0,213380.0,0.0
2025-03-10,supramax,2025,10727.0,10743.0,16.0,74.28586527036897,-92.34693877551018,SPOT_INDEX,False,True,214540.0,214540.0,0.0
2025-03-11,supramax,2025,10743.0,10923.0,180.0,22.33418693441441,-92.34693877551018,SPOT_INDEX,False,True,214860.0,214860.0,0.0
2025-03-12,supramax,2025,10923.0,11072.0,149.0,113.70436599280416,-92.34693877551018,SPOT_INDEX,False,True,218460.0,218460.0,0.0
2025-03-13,supramax,2025,11072.0,11420.0,348.0,209.50603694513694,-92.34693877551018,SPOT_INDEX,False,True,221440.0,221440.0,0.0
2025-03-14,supramax,2025,11420.0,11760.0,340.0,250.54533436868093,-92.34693877551018,SPOT_INDEX,False,True,228400.0,228400.0,0.0
2025-03-17,supramax,2025,11760.0,11935.0,175.0,244.0309370124315,-92.34693877551018,SPOT_INDEX,False,True,235200.0,235200.0,0.0
2025-03-18,supramax,2025,11935.0,12368.0,433.0,130.58806737073647,-92.34693877551018,SPOT_INDEX,False,True,238700.0,238700.0,0.0
2025-03-19,supramax,2025,12368.0,12563.0,195.0,318.63973056369997,-92.34693877551018,SPOT_INDEX,False,True,247360.0,247360.0,0.0
2025-03-20,supramax,2025,12563.0,12563.0,0.0,109.0022950156481,-92.34693877551018,SPOT_INDEX,False,False,251260.0,251260.0,0.0
2025-03-21,supramax,2025,12563.0,12579.0,16.0,20.457925591772113,-92.34693877551018,SPOT_INDEX,False,True,251260.0,251260.0,0.0
2025-03-24,supramax,2025,12579.0,12585.0,6.0,4.229064062630879,-92.34693877551018,SPOT_INDEX,False,True,251580.0,251580.0,0.0
2025-03-25,supramax,2025,12585.0,12567.0,-18.0,20.79985520801621,-92.34693877551018,SPOT_INDEX,False,False,251700.0,251700.0,0.0
2025-03-26,supramax,2025,12567.0,12542.0,-25.0,-28.612992175960542,-92.34693877551018,SPOT_INDEX,False,True,251340.0,251340.0,0.0
2025-03-27,supramax,2025,12542.0,12440.0,-102.0,-25.069134034695576,-92.34693877551018,SPOT_INDEX,False,True,250840.0,250840.0,0.0
2025-03-28,supramax,2025,12440.0,12330.0,-110.0,-55.52462661565974,-92.34693877551018,SPOT_INDEX,False,True,248800.0,248800.0,0.0
2025-03-31,supramax,2025,12330.0,12246.0,-84.0,-29.07372200318744,-92.34693877551018,SPOT_INDEX,False,True,246600.0,246600.0,0.0
2025-04-01,supramax,2025,12246.0,12185.0,-61.0,-40.600728454752996,-92.34693877551018,SPOT_INDEX,False,True,244920.0,244920.0,0.0
2025-04-02,supramax,2025,12185.0,12173.0,-12.0,-44.99545910325033,-92.34693877551018,SPOT_INDEX,False,True,243700.0,243700.0,0.0
2025-04-03,supramax,2025,12173.0,12083.0,-90.0,-2.567925421426678,-92.34693877551018,SPOT_INDEX,False,True,243460.0,243460.0,0.0
2025-04-04,supramax,2025,12083.0,11912.0,-171.0,-47.62489523667852,-92.34693877551018,SPOT_INDEX,False,True,241660.0,241660.0,0.0
2025-04-07,supramax,2025,11912.0,11766.0,-146.0,-152.81377753026533,-92.34693877551018,WAIT,True,True,238240.0,237820.0,420.0
2025-04-08,supramax,2025,11766.0,11684.0,-82.0,-140.72103118160268,-92.34693877551018,WAIT,True,True,235320.0,236180.0,-860.0
2025-04-09,supramax,2025,11684.0,11697.0,13.0,-76.7828438154375,-92.34693877551018,SPOT_INDEX,False,False,233680.0,233680.0,0.0
2025-04-10,supramax,2025,11697.0,11617.0,-80.0,24.70913148246948,-92.34693877551018,SPOT_INDEX,False,False,233940.0,233940.0,0.0
2025-04-11,supramax,2025,11617.0,11561.0,-56.0,-46.80043391544613,-92.34693877551018,SPOT_INDEX,False,True,232340.0,232340.0,0.0
2025-04-14,supramax,2025,11561.0,11601.0,40.0,-57.61900318697656,-92.34693877551018,SPOT_INDEX,False,False,231220.0,231220.0,0.0
2025-04-15,supramax,2025,11601.0,11569.0,-32.0,33.84982608715348,-92.34693877551018,SPOT_INDEX,False,False,232020.0,232020.0,0.0
2025-04-16,supramax,2025,11569.0,11696.0,127.0,-46.77227958561428,-92.34693877551018,SPOT_INDEX,False,False,231380.0,231380.0,0.0
2025-04-17,supramax,2025,11696.0,11827.0,131.0,122.21287905181362,-92.34693877551018,SPOT_INDEX,False,True,233920.0,233920.0,0.0
2025-04-18,supramax,2025,11827.0,11843.0,16.0,119.16659985858136,-92.34693877551018,SPOT_INDEX,False,True,236540.0,236540.0,0.0
2025-04-21,supramax,2025,11843.0,11906.0,63.0,8.909825489770338,-92.34693877551018,SPOT_INDEX,False,True,236860.0,236860.0,0.0
2025-04-22,supramax,2025,11906.0,12146.0,240.0,63.216852220196216,-92.34693877551018,SPOT_INDEX,False,True,238120.0,238120.0,0.0
2025-04-23,supramax,2025,12146.0,12141.0,-5.0,120.592145829294,-92.34693877551018,SPOT_INDEX,False,False,242920.0,242920.0,0.0
2025-04-24,supramax,2025,12141.0,12096.0,-45.0,7.182344170949903,-92.34693877551018,SPOT_INDEX,False,False,242820.0,242820.0,0.0
2025-04-25,supramax,2025,12096.0,11997.0,-99.0,-44.181031841123705,-92.34693877551018,SPOT_INDEX,False,True,241920.0,241920.0,0.0
2025-04-28,supramax,2025,11997.0,11888.0,-109.0,-52.35241220837536,-92.34693877551018,SPOT_INDEX,False,True,239940.0,239940.0,0.0
2025-04-29,supramax,2025,11888.0,11723.0,-165.0,-89.90110973819839,-92.34693877551018,SPOT_INDEX,False,True,237760.0,237760.0,0.0
2025-04-30,supramax,2025,11723.0,11703.0,-20.0,-78.65746769767112,-92.34693877551018,SPOT_INDEX,False,True,234460.0,234460.0,0.0
2025-05-02,supramax,2025,11703.0,11422.0,-281.0,-35.55135330935107,-92.34693877551018,SPOT_INDEX,False,True,234060.0,234060.0,0.0
2025-05-07,supramax,2025,11422.0,11348.0,-74.0,-226.04109997338864,-92.34693877551018,WAIT,True,True,228440.0,229460.0,-1020.0
2025-05-08,supramax,2025,11348.0,11347.0,-1.0,-46.3693405519048,-92.34693877551018,SPOT_INDEX,False,True,226960.0,226960.0,0.0
2025-05-09,supramax,2025,11347.0,11257.0,-90.0,-55.32427758061536,-92.34693877551018,SPOT_INDEX,False,True,226940.0,226940.0,0.0
2025-05-12,supramax,2025,11257.0,11216.0,-41.0,-39.31434203763995,-92.34693877551018,SPOT_INDEX,False,True,225140.0,225140.0,0.0
2025-05-13,supramax,2025,11216.0,11273.0,57.0,-47.59049127554524,-92.34693877551018,SPOT_INDEX,False,False,224320.0,224320.0,0.0
2025-05-14,supramax,2025,11273.0,11309.0,36.0,66.09753502404764,-92.34693877551018,SPOT_INDEX,False,True,225460.0,225460.0,0.0
2025-05-15,supramax,2025,11309.0,11358.0,49.0,52.466846230401096,-92.34693877551018,SPOT_INDEX,False,True,226180.0,226180.0,0.0
2025-05-16,supramax,2025,11358.0,11418.0,60.0,53.907594519388056,-92.34693877551018,SPOT_INDEX,False,True,227160.0,227160.0,0.0
2025-05-19,supramax,2025,11418.0,11510.0,92.0,56.22283787095073,-92.34693877551018,SPOT_INDEX,False,True,228360.0,228360.0,0.0
2025-05-20,supramax,2025,11510.0,11655.0,145.0,76.7983031034987,-92.34693877551018,SPOT_INDEX,False,True,230200.0,230200.0,0.0
2025-05-21,supramax,2025,11655.0,11796.0,141.0,107.57250962911112,-92.34693877551018,SPOT_INDEX,False,True,233100.0,233100.0,0.0
2025-05-22,supramax,2025,11796.0,11854.0,58.0,104.11469107551017,-92.34693877551018,SPOT_INDEX,False,True,235920.0,235920.0,0.0
2025-05-23,supramax,2025,11854.0,11918.0,64.0,63.90763213727513,-92.34693877551018,SPOT_INDEX,False,True,237080.0,237080.0,0.0
2025-05-26,supramax,2025,11918.0,11869.0,-49.0,72.2700690014348,-92.34693877551018,SPOT_INDEX,False,False,238360.0,238360.0,0.0
2025-05-27,supramax,2025,11869.0,11710.0,-159.0,-41.706879424607514,-92.34693877551018,SPOT_INDEX,False,True,237380.0,237380.0,0.0
2025-05-28,supramax,2025,11710.0,11434.0,-276.0,-80.8049608973666,-92.34693877551018,SPOT_INDEX,False,True,234200.0,234200.0,0.0
2025-05-29,supramax,2025,11434.0,11393.0,-41.0,-218.23143318620035,-92.34693877551018,WAIT,True,True,228680.0,230360.0,-1680.0
2025-05-30,supramax,2025,11393.0,11309.0,-84.0,-35.83272408617117,-92.34693877551018,SPOT_INDEX,False,True,227860.0,227860.0,0.0
2025-06-02,supramax,2025,11309.0,11209.0,-100.0,-69.28785010753322,-92.34693877551018,SPOT_INDEX,False,True,226180.0,226180.0,0.0
2025-06-04,supramax,2025,11209.0,11218.0,9.0,-96.5463092138153,-92.34693877551018,WAIT,True,False,224180.0,226860.0,-2680.0
2025-06-05,supramax,2025,11218.0,11179.0,-39.0,-7.093738318680504,-92.34693877551018,SPOT_INDEX,False,True,224360.0,224360.0,0.0
2025-06-09,supramax,2025,11179.0,11158.0,-21.0,-69.02047063910739,-92.34693877551018,SPOT_INDEX,False,True,223580.0,223580.0,0.0
2025-06-10,supramax,2025,11158.0,11143.0,-15.0,-35.54043404690109,-92.34693877551018,SPOT_INDEX,False,True,223160.0,223160.0,0.0
2025-06-11,supramax,2025,11143.0,11184.0,41.0,-916.8308912144181,-92.34693877551018,WAIT,True,False,222860.0,226180.0,-3320.0
2025-06-12,supramax,2025,11184.0,11335.0,151.0,59.403786064279245,-92.34693877551018,SPOT_INDEX,False,True,223680.0,223680.0,0.0
2025-06-13,supramax,2025,11335.0,11621.0,286.0,119.719231100088,-92.34693877551018,SPOT_INDEX,False,True,226700.0,226700.0,0.0
2025-06-16,supramax,2025,11621.0,11757.0,136.0,150.10414826394336,-92.34693877551018,SPOT_INDEX,False,True,232420.0,232420.0,0.0
2025-06-17,supramax,2025,11757.0,11784.0,27.0,113.74795926999245,-92.34693877551018,SPOT_INDEX,False,True,235140.0,235140.0,0.0
2025-06-18,supramax,2025,11784.0,11995.0,211.0,57.649001431888294,-92.34693877551018,SPOT_INDEX,False,True,235680.0,235680.0,0.0
2025-06-19,supramax,2025,11995.0,12118.0,123.0,128.79498745461012,-92.34693877551018,SPOT_INDEX,False,True,239900.0,239900.0,0.0
2025-06-20,supramax,2025,12118.0,12277.0,159.0,100.84608017861171,-92.34693877551018,SPOT_INDEX,False,True,242360.0,242360.0,0.0
2025-06-23,supramax,2025,12277.0,12356.0,79.0,109.5094745028276,-92.34693877551018,SPOT_INDEX,False,True,245540.0,245540.0,0.0
2025-06-24,supramax,2025,12356.0,12396.0,40.0,63.99034917066034,-92.34693877551018,SPOT_INDEX,False,True,247120.0,247120.0,0.0
2025-06-25,supramax,2025,12396.0,12543.0,147.0,56.08374358015808,-92.34693877551018,SPOT_INDEX,False,True,247920.0,247920.0,0.0
2025-06-26,supramax,2025,12543.0,12648.0,105.0,117.28323271423955,-92.34693877551018,SPOT_INDEX,False,True,250860.0,250860.0,0.0
2025-06-27,supramax,2025,12648.0,12701.0,53.0,61.190562411308,-92.34693877551018,SPOT_INDEX,False,True,252960.0,252960.0,0.0
2025-06-30,supramax,2025,12701.0,12879.0,178.0,55.277588302288606,-92.34693877551018,SPOT_INDEX,False,True,254020.0,254020.0,0.0
2025-07-01,supramax,2025,12879.0,12986.0,107.0,127.60327077253694,-92.34693877551018,SPOT_INDEX,False,True,257580.0,257580.0,0.0
2025-07-02,supramax,2025,12986.0,13132.0,146.0,89.39397309609669,-92.34693877551018,SPOT_INDEX,False,True,259720.0,259720.0,0.0
2025-07-03,supramax,2025,13132.0,13224.0,92.0,108.07968911629061,-92.34693877551018,SPOT_INDEX,False,True,262640.0,262640.0,0.0
2025-07-04,supramax,2025,13224.0,13333.0,109.0,65.63401779203774,-92.34693877551018,SPOT_INDEX,False,True,264480.0,264480.0,0.0
2025-07-07,supramax,2025,13333.0,13792.0,459.0,101.59665801742001,-92.34693877551018,SPOT_INDEX,False,True,266660.0,266660.0,0.0
2025-07-08,supramax,2025,13792.0,14063.0,271.0,454.3043159506615,-92.34693877551018,SPOT_INDEX,False,True,275840.0,275840.0,0.0
2025-07-09,supramax,2025,14063.0,14290.0,227.0,139.4767667592614,-92.34693877551018,SPOT_INDEX,False,True,281260.0,281260.0,0.0
2025-07-10,supramax,2025,14290.0,14496.0,206.0,138.14266256136037,-92.34693877551018,SPOT_INDEX,False,True,285800.0,285800.0,0.0
2025-07-11,supramax,2025,14496.0,14766.0,270.0,135.20664514736802,-92.34693877551018,SPOT_INDEX,False,True,289920.0,289920.0,0.0
2025-07-14,supramax,2025,14766.0,15008.0,242.0,130.3722730612509,-92.34693877551018,SPOT_INDEX,False,True,295320.0,295320.0,0.0
2025-07-15,supramax,2025,15008.0,15172.0,164.0,145.06034720486704,-92.34693877551018,SPOT_INDEX,False,True,300160.0,300160.0,0.0
2025-07-16,supramax,2025,15172.0,15651.0,479.0,176.88073538642843,-92.34693877551018,SPOT_INDEX,False,True,303440.0,303440.0,0.0
2025-07-17,supramax,2025,15651.0,15933.0,282.0,374.2183216245001,-92.34693877551018,SPOT_INDEX,False,True,313020.0,313020.0,0.0
2025-07-18,supramax,2025,15933.0,15997.0,64.0,134.0521309394936,-92.34693877551018,SPOT_INDEX,False,True,318660.0,318660.0,0.0
2025-07-21,supramax,2025,15997.0,15942.0,-55.0,61.30084339583316,-92.34693877551018,SPOT_INDEX,False,False,319940.0,319940.0,0.0
2025-07-22,supramax,2025,15942.0,15789.0,-153.0,-30.520731829288497,-92.34693877551018,SPOT_INDEX,False,True,318840.0,318840.0,0.0
2025-07-23,supramax,2025,15789.0,15578.0,-211.0,-103.07896757103109,-92.34693877551018,WAIT,True,True,315780.0,314060.0,1720.0
2025-07-24,supramax,2025,15578.0,15482.0,-96.0,-157.7269455816004,-92.34693877551018,WAIT,True,True,311560.0,312140.0,-580.0
2025-07-25,supramax,2025,15482.0,15444.0,-38.0,-50.7643189849074,-92.34693877551018,SPOT_INDEX,False,True,309640.0,309640.0,0.0
2025-07-28,supramax,2025,15444.0,15356.0,-88.0,-26.509926466660012,-92.34693877551018,SPOT_INDEX,False,True,308880.0,308880.0,0.0
2025-07-29,supramax,2025,15356.0,15235.0,-121.0,-62.88561667385498,-92.34693877551018,SPOT_INDEX,False,True,307120.0,307120.0,0.0
2025-07-30,supramax,2025,15235.0,15133.0,-102.0,-123.43309422822975,-92.34693877551018,WAIT,True,True,304700.0,305160.0,-460.0
2025-07-31,supramax,2025,15133.0,15062.0,-71.0,-85.15367049700296,-92.34693877551018,SPOT_INDEX,False,True,302660.0,302660.0,0.0
2025-08-01,supramax,2025,15062.0,15021.0,-41.0,-45.50291831406669,-92.34693877551018,SPOT_INDEX,False,True,301240.0,301240.0,0.0
2025-08-04,supramax,2025,15021.0,15018.0,-3.0,-47.588926701076076,-92.34693877551018,SPOT_INDEX,False,True,300420.0,300420.0,0.0
2025-08-05,supramax,2025,15018.0,15233.0,215.0,2.064994091680626,-92.34693877551018,SPOT_INDEX,False,True,300360.0,300360.0,0.0
2025-08-06,supramax,2025,15233.0,15614.0,381.0,121.1453843941984,-92.34693877551018,SPOT_INDEX,False,True,304660.0,304660.0,0.0
2025-08-07,supramax,2025,15614.0,15741.0,127.0,351.4233361151106,-92.34693877551018,SPOT_INDEX,False,True,312280.0,312280.0,0.0
2025-08-08,supramax,2025,15741.0,15829.0,88.0,117.32437632926921,-92.34693877551018,SPOT_INDEX,False,True,314820.0,314820.0,0.0
2025-08-11,supramax,2025,15829.0,16129.0,300.0,67.64604988337814,-92.34693877551018,SPOT_INDEX,False,True,316580.0,316580.0,0.0
2025-08-12,supramax,2025,16129.0,16342.0,213.0,146.46136811826142,-92.34693877551018,SPOT_INDEX,False,True,322580.0,322580.0,0.0
2025-08-13,supramax,2025,16342.0,16528.0,186.0,110.6408969294075,-92.34693877551018,SPOT_INDEX,False,True,326840.0,326840.0,0.0
2025-08-14,supramax,2025,16528.0,16615.0,87.0,123.979880854778,-92.34693877551018,SPOT_INDEX,False,True,330560.0,330560.0,0.0
2025-08-18,supramax,2025,16615.0,16784.0,169.0,76.3594579348055,-92.34693877551018,SPOT_INDEX,False,True,332300.0,332300.0,0.0
2025-08-19,supramax,2025,16784.0,17110.0,326.0,107.57250962911112,-92.34693877551018,SPOT_INDEX,False,True,335680.0,335680.0,0.0
2025-08-20,supramax,2025,17110.0,17371.0,261.0,267.13747480446773,-92.34693877551018,SPOT_INDEX,False,True,342200.0,342200.0,0.0
2025-08-21,supramax,2025,17371.0,17661.0,290.0,121.10234095088941,-92.34693877551018,SPOT_INDEX,False,True,347420.0,347420.0,0.0
2025-08-22,supramax,2025,17661.0,17621.0,-40.0,137.67680856550996,-92.34693877551018,SPOT_INDEX,False,False,353220.0,353220.0,0.0
2025-08-25,supramax,2025,17621.0,17628.0,7.0,-53.45144487737511,-92.34693877551018,SPOT_INDEX,False,False,352420.0,352420.0,0.0
2025-08-26,supramax,2025,17628.0,17988.0,360.0,17.469807473728928,-92.34693877551018,SPOT_INDEX,False,True,352560.0,352560.0,0.0
2025-08-27,supramax,2025,17988.0,18008.0,20.0,352.4300859077544,-92.34693877551018,SPOT_INDEX,False,True,359760.0,359760.0,0.0
2025-08-28,supramax,2025,18008.0,18139.0,131.0,10.59795001562886,-92.34693877551018,SPOT_INDEX,False,True,360160.0,360160.0,0.0
2025-08-29,supramax,2025,18139.0,17862.0,-277.0,107.0818410833701,-92.34693877551018,SPOT_INDEX,False,False,362780.0,362780.0,0.0
2025-09-01,supramax,2025,17862.0,17829.0,-33.0,-209.54213738396263,-92.34693877551018,WAIT,True,True,357240.0,359080.0,-1840.0
2025-09-02,supramax,2025,17829.0,17510.0,-319.0,-69.13982961736983,-92.34693877551018,SPOT_INDEX,False,True,356580.0,356580.0,0.0
2025-09-03,supramax,2025,17510.0,17348.0,-162.0,-250.18327603120065,-92.34693877551018,WAIT,True,True,350200.0,349460.0,740.0
2025-09-04,supramax,2025,17348.0,17524.0,176.0,-83.48788330510577,-92.34693877551018,SPOT_INDEX,False,False,346960.0,346960.0,0.0
2025-09-05,supramax,2025,17524.0,17698.0,174.0,105.81022242469571,-92.34693877551018,SPOT_INDEX,False,True,350480.0,350480.0,0.0
2025-09-08,supramax,2025,17698.0,17789.0,91.0,108.44468762854675,-92.34693877551018,SPOT_INDEX,False,True,353960.0,353960.0,0.0
2025-09-09,supramax,2025,17789.0,17855.0,66.0,68.98489647006414,-92.34693877551018,SPOT_INDEX,False,True,355780.0,355780.0,0.0
2025-09-10,supramax,2025,17855.0,17908.0,53.0,63.79851106893444,-92.34693877551018,SPOT_INDEX,False,True,357100.0,357100.0,0.0
2025-09-11,supramax,2025,17908.0,18046.0,138.0,56.045152774721316,-92.34693877551018,SPOT_INDEX,False,True,358160.0,358160.0,0.0
2025-09-12,supramax,2025,18046.0,18124.0,78.0,107.59609485098703,-92.34693877551018,SPOT_INDEX,False,True,360920.0,360920.0,0.0
2025-09-15,supramax,2025,18124.0,18064.0,-60.0,75.08715203113735,-92.34693877551018,SPOT_INDEX,False,False,362480.0,362480.0,0.0
2025-09-16,supramax,2025,18064.0,17957.0,-107.0,-51.42975856414329,-92.34693877551018,SPOT_INDEX,False,True,361280.0,361280.0,0.0
2025-09-17,supramax,2025,17957.0,17955.0,-2.0,-89.0636489591815,-92.34693877551018,SPOT_INDEX,False,True,359140.0,359140.0,0.0
2025-09-18,supramax,2025,17955.0,17946.0,-9.0,7.182344170949903,-92.34693877551018,SPOT_INDEX,False,False,359100.0,359100.0,0.0
2025-09-19,supramax,2025,17946.0,17994.0,48.0,3.809804325535215,-92.34693877551018,SPOT_INDEX,False,True,358920.0,358920.0,0.0
2025-09-22,supramax,2025,17994.0,17979.0,-15.0,54.837113024010954,-92.34693877551018,SPOT_INDEX,False,False,359880.0,359880.0,0.0
2025-09-23,supramax,2025,17979.0,18083.0,104.0,-381.26389531784605,-92.34693877551018,WAIT,True,False,359580.0,364160.0,-4580.0
2025-09-24,supramax,2025,18083.0,18130.0,47.0,75.42931512550291,-92.34693877551018,SPOT_INDEX,False,True,361660.0,361660.0,0.0
2025-09-25,supramax,2025,18130.0,18323.0,193.0,56.519896674288304,-92.34693877551018,SPOT_INDEX,False,True,362600.0,362600.0,0.0
2025-09-26,supramax,2025,18323.0,18311.0,-12.0,120.21487579142375,-92.34693877551018,SPOT_INDEX,False,False,366460.0,366460.0,0.0
2025-09-29,supramax,2025,18311.0,18338.0,27.0,-20.987885404975103,-92.34693877551018,SPOT_INDEX,False,False,366220.0,366220.0,0.0
2025-09-30,supramax,2025,18338.0,18335.0,-3.0,48.306412523856906,-92.34693877551018,SPOT_INDEX,False,False,366760.0,366760.0,0.0
2025-10-01,supramax,2025,18335.0,18308.0,-27.0,-1.0656819533673856,-92.34693877551018,SPOT_INDEX,False,True,366700.0,366700.0,0.0
2025-10-02,supramax,2025,18308.0,17605.0,-703.0,-37.08202204944175,-92.34693877551018,SPOT_INDEX,False,True,366160.0,366160.0,0.0
2025-10-10,supramax,2025,17605.0,17745.0,140.0,-268.0971991423774,-92.34693877551018,WAIT,True,False,352100.0,357400.0,-5300.0
2025-10-13,supramax,2025,17745.0,17627.0,-118.0,114.68033823340353,-92.34693877551018,SPOT_INDEX,False,False,354900.0,354900.0,0.0
2025-10-14,supramax,2025,17627.0,17645.0,18.0,-58.11511815058674,-92.34693877551018,SPOT_INDEX,False,False,352540.0,352540.0,0.0
2025-10-15,supramax,2025,17645.0,17763.0,118.0,17.475303054283177,-92.34693877551018,SPOT_INDEX,False,True,352900.0,352900.0,0.0
2025-10-16,supramax,2025,17763.0,17649.0,-114.0,93.1075326681743,-92.34693877551018,SPOT_INDEX,False,False,355260.0,355260.0,0.0
2025-10-17,supramax,2025,17649.0,17590.0,-59.0,-61.33362368783043,-92.34693877551018,SPOT_INDEX,False,True,352980.0,352980.0,0.0
2025-10-20,supramax,2025,17590.0,17555.0,-35.0,-34.498814923384344,-92.34693877551018,SPOT_INDEX,False,True,351800.0,351800.0,0.0
2025-10-21,supramax,2025,17555.0,17629.0,74.0,-32.898487660009145,-92.34693877551018,SPOT_INDEX,False,False,351100.0,351100.0,0.0
2025-10-22,supramax,2025,17629.0,17592.0,-37.0,80.92152501503865,-92.34693877551018,SPOT_INDEX,False,False,352580.0,352580.0,0.0
2025-10-23,supramax,2025,17592.0,17478.0,-114.0,-33.47579406448476,-92.34693877551018,SPOT_INDEX,False,True,351840.0,351840.0,0.0
2025-10-24,supramax,2025,17478.0,17313.0,-165.0,-63.41050940574177,-92.34693877551018,SPOT_INDEX,False,True,349560.0,349560.0,0.0
2025-10-27,supramax,2025,17313.0,17088.0,-225.0,-64.98763477079467,-92.34693877551018,SPOT_INDEX,False,True,346260.0,346260.0,0.0
2025-10-28,supramax,2025,17088.0,16914.0,-174.0,-168.29317630884728,-92.34693877551018,WAIT,True,True,341760.0,340780.0,980.0
2025-10-29,supramax,2025,16914.0,16693.0,-221.0,-80.93427922079235,-92.34693877551018,SPOT_INDEX,False,True,338280.0,338280.0,0.0
2025-10-30,supramax,2025,16693.0,16736.0,43.0,-162.26775923590858,-92.34693877551018,WAIT,True,False,333860.0,337220.0,-3360.0
2025-10-31,supramax,2025,16736.0,16718.0,-18.0,57.003519294138144,-92.34693877551018,SPOT_INDEX,False,False,334720.0,334720.0,0.0
2025-11-03,supramax,2025,16718.0,16628.0,-90.0,-53.75245875339348,-92.34693877551018,SPOT_INDEX,False,True,334360.0,334360.0,0.0
2025-11-04,supramax,2025,16628.0,16483.0,-145.0,-81.26010829128496,-92.34693877551018,SPOT_INDEX,False,True,332560.0,332560.0,0.0
2025-11-05,supramax,2025,16483.0,16573.0,90.0,-118.03984542726255,-92.34693877551018,WAIT,True,False,329660.0,333960.0,-4300.0
2025-11-06,supramax,2025,16573.0,16592.0,19.0,62.17254177401979,-92.34693877551018,SPOT_INDEX,False,True,331460.0,331460.0,0.0
2025-11-07,supramax,2025,16592.0,16433.0,-159.0,6.260148953488712,-92.34693877551018,SPOT_INDEX,False,False,331840.0,331840.0,0.0
2025-11-10,supramax,2025,16433.0,16616.0,183.0,-78.03154690767259,-92.34693877551018,SPOT_INDEX,False,False,328660.0,328660.0,0.0
2025-11-11,supramax,2025,16616.0,16965.0,349.0,109.97589522922326,-92.34693877551018,SPOT_INDEX,False,True,332320.0,332320.0,0.0
2025-11-12,supramax,2025,16965.0,17200.0,235.0,249.99787702462214,-92.34693877551018,SPOT_INDEX,False,True,339300.0,339300.0,0.0
2025-11-13,supramax,2025,17200.0,17432.0,232.0,118.2125939241152,-92.34693877551018,SPOT_INDEX,False,True,344000.0,344000.0,0.0
2025-11-14,supramax,2025,17432.0,17560.0,128.0,114.51031590574621,-92.34693877551018,SPOT_INDEX,False,True,348640.0,348640.0,0.0
2025-11-17,supramax,2025,17560.0,17659.0,99.0,106.59091268891754,-92.34693877551018,SPOT_INDEX,False,True,351200.0,351200.0,0.0
2025-11-18,supramax,2025,17659.0,17781.0,122.0,69.87486328880347,-92.34693877551018,SPOT_INDEX,False,True,353180.0,353180.0,0.0
2025-11-19,supramax,2025,17781.0,17957.0,176.0,94.19300928711164,-92.34693877551018,SPOT_INDEX,False,True,355620.0,355620.0,0.0
2025-11-20,supramax,2025,17957.0,18028.0,71.0,126.80617396693994,-92.34693877551018,SPOT_INDEX,False,True,359140.0,359140.0,0.0
2025-11-21,supramax,2025,18028.0,17964.0,-64.0,73.31110854627732,-92.34693877551018,SPOT_INDEX,False,False,360560.0,360560.0,0.0
2025-11-24,supramax,2025,17964.0,17984.0,20.0,-64.60300782154746,-92.34693877551018,SPOT_INDEX,False,False,359280.0,359280.0,0.0
2025-11-25,supramax,2025,17984.0,18170.0,186.0,9.779069925071934,-92.34693877551018,SPOT_INDEX,False,True,359680.0,359680.0,0.0
2025-11-27,supramax,2025,18170.0,18302.0,132.0,137.9076747710733,-92.34693877551018,SPOT_INDEX,False,True,363400.0,363400.0,0.0
2025-11-28,supramax,2025,18302.0,18464.0,162.0,124.9358345289995,-92.34693877551018,SPOT_INDEX,False,True,366040.0,366040.0,0.0
2025-12-01,supramax,2025,18464.0,18573.0,109.0,117.26498942589329,-92.34693877551018,SPOT_INDEX,False,True,369280.0,369280.0,0.0
2025-12-02,supramax,2025,18573.0,18736.0,163.0,96.49312133710391,-92.34693877551018,SPOT_INDEX,False,True,371460.0,371460.0,0.0
2025-12-03,supramax,2025,18736.0,18805.0,69.0,126.7381677497669,-92.34693877551018,SPOT_INDEX,False,True,374720.0,374720.0,0.0
2025-12-04,supramax,2025,18805.0,18756.0,-49.0,75.63198531184769,-92.34693877551018,SPOT_INDEX,False,False,376100.0,376100.0,0.0
2025-12-05,supramax,2025,18756.0,18575.0,-181.0,-39.326695038504106,-92.34693877551018,SPOT_INDEX,False,True,375120.0,375120.0,0.0
2025-12-08,supramax,2025,18575.0,18260.0,-315.0,-86.99571113097132,-92.34693877551018,SPOT_INDEX,False,True,371500.0,371500.0,0.0
2025-12-09,supramax,2025,18260.0,17749.0,-511.0,-267.408841085504,-92.34693877551018,WAIT,True,True,365200.0,357480.0,7720.0
2025-12-10,supramax,2025,17749.0,17590.0,-159.0,-322.58622902453595,-92.34693877551018,WAIT,True,True,354980.0,354300.0,680.0
2025-12-11,supramax,2025,17590.0,17478.0,-112.0,-156.78002551344062,-92.34693877551018,WAIT,True,True,351800.0,352060.0,-260.0
2025-12-12,supramax,2025,17478.0,17247.0,-231.0,-119.20906974684607,-92.34693877551018,WAIT,True,True,349560.0,347440.0,2120.0
2025-12-15,supramax,2025,17247.0,16905.0,-342.0,-243.97409963568734,-92.34693877551018,WAIT,True,True,344940.0,340600.0,4340.0
2025-12-16,supramax,2025,16905.0,16628.0,-277.0,-268.4705196742957,-92.34693877551018,WAIT,True,True,338100.0,335060.0,3040.0
2025-12-17,supramax,2025,16628.0,16388.0,-240.0,-263.47654243976626,-92.34693877551018,WAIT,True,True,332560.0,330260.0,2300.0
2025-12-18,supramax,2025,16388.0,15976.0,-412.0,-272.86128811723995,-92.34693877551018,WAIT,True,True,327760.0,322020.0,5740.0
2025-12-19,supramax,2025,15976.0,15553.0,-423.0,-318.04090018111026,-92.34693877551018,WAIT,True,True,319520.0,313560.0,5960.0
2025-12-22,supramax,2025,15553.0,15045.0,-508.0,-278.07601691485326,-92.34693877551018,WAIT,True,True,311060.0,303400.0,7660.0
2025-12-23,supramax,2025,15045.0,14623.0,-422.0,-352.8254531905427,-92.34693877551018,WAIT,True,True,300900.0,294960.0,5940.0
2025-12-24,supramax,2025,14623.0,12852.0,-1771.0,-288.5122761949186,-92.34693877551018,WAIT,True,True,292460.0,259540.0,32920.0
2025-01-02,handy,2025,8063.0,8101.0,38.0,-162.0566396204401,-182.14285714285714,SPOT_INDEX,False,False,161260.0,161260.0,0.0
2025-01-03,handy,2025,8101.0,7810.0,-291.0,5.0858673470969675,-182.14285714285714,SPOT_INDEX,False,False,162020.0,162020.0,0.0
2025-01-06,handy,2025,7810.0,7679.0,-131.0,-185.67935514627806,-182.14285714285714,WAIT,True,True,156200.0,156080.0,120.0
2025-01-07,handy,2025,7679.0,7639.0,-40.0,-130.0800616350541,-182.14285714285714,SPOT_INDEX,False,True,153580.0,153580.0,0.0
2025-01-08,handy,2025,7639.0,7550.0,-89.0,-43.992958110949466,-182.14285714285714,SPOT_INDEX,False,True,152780.0,152780.0,0.0
2025-01-09,handy,2025,7550.0,7387.0,-163.0,-55.9906257281033,-182.14285714285714,SPOT_INDEX,False,True,151000.0,151000.0,0.0
2025-01-10,handy,2025,7387.0,7326.0,-61.0,-137.0260155010007,-182.14285714285714,SPOT_INDEX,False,True,147740.0,147740.0,0.0
2025-01-13,handy,2025,7326.0,7226.0,-100.0,-57.45143098950662,-182.14285714285714,SPOT_INDEX,False,True,146520.0,146520.0,0.0
2025-01-14,handy,2025,7226.0,7144.0,-82.0,-59.57576397607341,-182.14285714285714,SPOT_INDEX,False,True,144520.0,144520.0,0.0
2025-01-15,handy,2025,7144.0,6983.0,-161.0,-48.75955083117502,-182.14285714285714,SPOT_INDEX,False,True,142880.0,142880.0,0.0
2025-01-16,handy,2025,6983.0,6777.0,-206.0,-64.4801522174667,-182.14285714285714,SPOT_INDEX,False,True,139660.0,139660.0,0.0
2025-01-17,handy,2025,6777.0,6363.0,-414.0,-149.11914695196282,-182.14285714285714,SPOT_INDEX,False,True,135540.0,135540.0,0.0
2025-01-20,handy,2025,6363.0,6122.0,-241.0,-220.26109322001258,-182.14285714285714,WAIT,True,True,127260.0,124940.0,2320.0
2025-01-21,handy,2025,6122.0,5986.0,-136.0,-162.9850914712325,-182.14285714285714,SPOT_INDEX,False,True,122440.0,122440.0,0.0
2025-01-22,handy,2025,5986.0,5849.0,-137.0,-135.21971680344356,-182.14285714285714,SPOT_INDEX,False,True,119720.0,119720.0,0.0
2025-01-23,handy,2025,5849.0,5787.0,-62.0,-73.710850155751,-182.14285714285714,SPOT_INDEX,False,True,116980.0,116980.0,0.0
2025-01-24,handy,2025,5787.0,5040.0,-747.0,-125.2103631619021,-182.14285714285714,SPOT_INDEX,False,True,115740.0,115740.0,0.0
2025-01-31,handy,2025,5040.0,4964.0,-76.0,-306.36303326222276,-182.14285714285714,WAIT,True,True,100800.0,101780.0,-980.0
2025-02-03,handy,2025,4964.0,4861.0,-103.0,-53.51313745213346,-182.14285714285714,SPOT_INDEX,False,True,99280.0,99280.0,0.0
2025-02-04,handy,2025,4861.0,5148.0,287.0,-23.128952351592993,-182.14285714285714,SPOT_INDEX,False,False,97220.0,97220.0,0.0
2025-02-05,handy,2025,5148.0,5467.0,319.0,109.55334504494789,-182.14285714285714,SPOT_INDEX,False,True,102960.0,102960.0,0.0
2025-02-06,handy,2025,5467.0,5841.0,374.0,263.6273539003096,-182.14285714285714,SPOT_INDEX,False,True,109340.0,109340.0,0.0
2025-02-07,handy,2025,5841.0,6108.0,267.0,261.56668874287584,-182.14285714285714,SPOT_INDEX,False,True,116820.0,116820.0,0.0
2025-02-10,handy,2025,6108.0,6188.0,80.0,128.1374200033208,-182.14285714285714,SPOT_INDEX,False,True,122160.0,122160.0,0.0
2025-02-11,handy,2025,6188.0,6312.0,124.0,58.78397620747257,-182.14285714285714,SPOT_INDEX,False,True,123760.0,123760.0,0.0
2025-02-12,handy,2025,6312.0,6521.0,209.0,73.1425093998141,-182.14285714285714,SPOT_INDEX,False,True,126240.0,126240.0,0.0
2025-02-13,handy,2025,6521.0,6687.0,166.0,97.8202898713024,-182.14285714285714,SPOT_INDEX,False,True,130420.0,130420.0,0.0
2025-02-14,handy,2025,6687.0,6934.0,247.0,86.0051578814714,-182.14285714285714,SPOT_INDEX,False,True,133740.0,133740.0,0.0
2025-02-17,handy,2025,6934.0,7134.0,200.0,130.41810991972213,-182.14285714285714,SPOT_INDEX,False,True,138680.0,138680.0,0.0
2025-02-18,handy,2025,7134.0,7307.0,173.0,108.47228166950617,-182.14285714285714,SPOT_INDEX,False,True,142680.0,142680.0,0.0
2025-02-19,handy,2025,7307.0,7662.0,355.0,153.70463765335504,-182.14285714285714,SPOT_INDEX,False,True,146140.0,146140.0,0.0
2025-02-20,handy,2025,7662.0,7689.0,27.0,345.105394328147,-182.14285714285714,SPOT_INDEX,False,True,153240.0,153240.0,0.0
2025-02-21,handy,2025,7689.0,7743.0,54.0,81.744706964959,-182.14285714285714,SPOT_INDEX,False,True,153780.0,153780.0,0.0
2025-02-24,handy,2025,7743.0,7800.0,57.0,42.78242588921862,-182.14285714285714,SPOT_INDEX,False,True,154860.0,154860.0,0.0
2025-02-25,handy,2025,7800.0,7826.0,26.0,88.85624695034754,-182.14285714285714,SPOT_INDEX,False,True,156000.0,156000.0,0.0
2025-02-26,handy,2025,7826.0,7819.0,-7.0,54.023802766587195,-182.14285714285714,SPOT_INDEX,False,False,156520.0,156520.0,0.0
2025-02-27,handy,2025,7819.0,7778.0,-41.0,35.48099997626403,-182.14285714285714,SPOT_INDEX,False,False,156380.0,156380.0,0.0
2025-02-28,handy,2025,7778.0,7808.0,30.0,-34.3957431941484,-182.14285714285714,SPOT_INDEX,False,False,155560.0,155560.0,0.0
2025-03-04,handy,2025,7808.0,7653.0,-155.0,-15.988399034032666,-182.14285714285714,SPOT_INDEX,False,True,156160.0,156160.0,0.0
2025-03-05,handy,2025,7653.0,7645.0,-8.0,-93.0776864957192,-182.14285714285714,SPOT_INDEX,False,True,153060.0,153060.0,0.0
2025-03-06,handy,2025,7645.0,7635.0,-10.0,-48.87573724574534,-182.14285714285714,SPOT_INDEX,False,True,152900.0,152900.0,0.0
2025-03-07,handy,2025,7635.0,7783.0,148.0,-35.29650018207769,-182.14285714285714,SPOT_INDEX,False,False,152700.0,152700.0,0.0
2025-03-10,handy,2025,7783.0,7813.0,30.0,81.80835042078324,-182.14285714285714,SPOT_INDEX,False,True,155660.0,155660.0,0.0
2025-03-11,handy,2025,7813.0,7857.0,44.0,14.652121074399728,-182.14285714285714,SPOT_INDEX,False,True,156260.0,156260.0,0.0
2025-03-12,handy,2025,7857.0,8054.0,197.0,58.28039383214147,-182.14285714285714,SPOT_INDEX,False,True,157140.0,157140.0,0.0
2025-03-13,handy,2025,8054.0,8208.0,154.0,139.96581909708456,-182.14285714285714,SPOT_INDEX,False,True,161080.0,161080.0,0.0
2025-03-14,handy,2025,8208.0,8393.0,185.0,113.15150837549874,-182.14285714285714,SPOT_INDEX,False,True,164160.0,164160.0,0.0
2025-03-17,handy,2025,8393.0,8490.0,97.0,103.94915428976219,-182.14285714285714,SPOT_INDEX,False,True,167860.0,167860.0,0.0
2025-03-18,handy,2025,8490.0,8761.0,271.0,65.65569263605468,-182.14285714285714,SPOT_INDEX,False,True,169800.0,169800.0,0.0
2025-03-19,handy,2025,8761.0,8811.0,50.0,178.82882310528862,-182.14285714285714,SPOT_INDEX,False,True,175220.0,175220.0,0.0
2025-03-20,handy,2025,8811.0,8837.0,26.0,63.20048455762149,-182.14285714285714,SPOT_INDEX,False,True,176220.0,176220.0,0.0
2025-03-21,handy,2025,8837.0,8769.0,-68.0,15.781301666334471,-182.14285714285714,SPOT_INDEX,False,False,176740.0,176740.0,0.0
2025-03-24,handy,2025,8769.0,8839.0,70.0,-18.07196374471302,-182.14285714285714,SPOT_INDEX,False,False,175380.0,175380.0,0.0
2025-03-25,handy,2025,8839.0,8873.0,34.0,23.141349368749992,-182.14285714285714,SPOT_INDEX,False,True,176780.0,176780.0,0.0
2025-03-26,handy,2025,8873.0,8850.0,-23.0,7.103722511845655,-182.14285714285714,SPOT_INDEX,False,False,177460.0,177460.0,0.0
2025-03-27,handy,2025,8850.0,8787.0,-63.0,-33.91573133590261,-182.14285714285714,SPOT_INDEX,False,True,177000.0,177000.0,0.0
2025-03-28,handy,2025,8787.0,8782.0,-5.0,-47.164963331375645,-182.14285714285714,SPOT_INDEX,False,True,175740.0,175740.0,0.0
2025-03-31,handy,2025,8782.0,8738.0,-44.0,-34.14516295407831,-182.14285714285714,SPOT_INDEX,False,True,175640.0,175640.0,0.0
2025-04-01,handy,2025,8738.0,8719.0,-19.0,-41.898405106907624,-182.14285714285714,SPOT_INDEX,False,True,174760.0,174760.0,0.0
2025-04-02,handy,2025,8719.0,8761.0,42.0,-32.9396008826045,-182.14285714285714,SPOT_INDEX,False,False,174380.0,174380.0,0.0
2025-04-03,handy,2025,8761.0,8749.0,-12.0,3.2562739599364194,-182.14285714285714,SPOT_INDEX,False,False,175220.0,175220.0,0.0
2025-04-04,handy,2025,8749.0,8577.0,-172.0,-45.37426444384142,-182.14285714285714,SPOT_INDEX,False,True,174980.0,174980.0,0.0
2025-04-07,handy,2025,8577.0,8451.0,-126.0,-95.12443876536322,-182.14285714285714,SPOT_INDEX,False,True,171540.0,171540.0,0.0
2025-04-08,handy,2025,8451.0,8328.0,-123.0,-81.54869684945359,-182.14285714285714,SPOT_INDEX,False,True,169020.0,169020.0,0.0
2025-04-09,handy,2025,8328.0,8612.0,284.0,-57.34057158526821,-182.14285714285714,SPOT_INDEX,False,False,166560.0,166560.0,0.0
2025-04-10,handy,2025,8612.0,8597.0,-15.0,-25.10569852108693,-182.14285714285714,SPOT_INDEX,False,True,172240.0,172240.0,0.0
2025-04-11,handy,2025,8597.0,8538.0,-59.0,-34.80295348110204,-182.14285714285714,SPOT_INDEX,False,True,171940.0,171940.0,0.0
2025-04-14,handy,2025,8538.0,8522.0,-16.0,-43.3169015791244,-182.14285714285714,SPOT_INDEX,False,True,170760.0,170760.0,0.0
2025-04-15,handy,2025,8522.0,8496.0,-26.0,9.154338142737442,-182.14285714285714,SPOT_INDEX,False,False,170440.0,170440.0,0.0
2025-04-16,handy,2025,8496.0,8620.0,124.0,-34.447072394359886,-182.14285714285714,SPOT_INDEX,False,False,169920.0,169920.0,0.0
2025-04-17,handy,2025,8620.0,8717.0,97.0,64.73343860071526,-182.14285714285714,SPOT_INDEX,False,True,172400.0,172400.0,0.0
2025-04-18,handy,2025,8717.0,8685.0,-32.0,60.46051146097002,-182.14285714285714,SPOT_INDEX,False,False,174340.0,174340.0,0.0
2025-04-21,handy,2025,8685.0,8733.0,48.0,-11.87307942273192,-182.14285714285714,SPOT_INDEX,False,False,173700.0,173700.0,0.0
2025-04-22,handy,2025,8733.0,8807.0,74.0,43.98270311787623,-182.14285714285714,SPOT_INDEX,False,True,174660.0,174660.0,0.0
2025-04-23,handy,2025,8807.0,8785.0,-22.0,59.41459962974135,-182.14285714285714,SPOT_INDEX,False,False,176140.0,176140.0,0.0
2025-04-24,handy,2025,8785.0,8767.0,-18.0,-11.016933687912001,-182.14285714285714,SPOT_INDEX,False,True,175700.0,175700.0,0.0
2025-04-25,handy,2025,8767.0,8791.0,24.0,-30.917901402349052,-182.14285714285714,SPOT_INDEX,False,False,175340.0,175340.0,0.0
2025-04-28,handy,2025,8791.0,8712.0,-79.0,-8.132703817669363,-182.14285714285714,SPOT_INDEX,False,True,175820.0,175820.0,0.0
2025-04-29,handy,2025,8712.0,8671.0,-41.0,-52.2605887669611,-182.14285714285714,SPOT_INDEX,False,True,174240.0,174240.0,0.0
2025-04-30,handy,2025,8671.0,8695.0,24.0,-44.375142448418536,-182.14285714285714,SPOT_INDEX,False,False,173420.0,173420.0,0.0
2025-05-02,handy,2025,8695.0,8691.0,-4.0,-2.29675690808874,-182.14285714285714,SPOT_INDEX,False,True,173900.0,173900.0,0.0
2025-05-07,handy,2025,8691.0,8680.0,-11.0,-126.4241079326917,-182.14285714285714,SPOT_INDEX,False,True,173820.0,173820.0,0.0
2025-05-08,handy,2025,8680.0,8672.0,-8.0,-33.750941105150815,-182.14285714285714,SPOT_INDEX,False,True,173600.0,173600.0,0.0
2025-05-09,handy,2025,8672.0,8682.0,10.0,-12.582971810810175,-182.14285714285714,SPOT_INDEX,False,False,173440.0,173440.0,0.0
2025-05-12,handy,2025,8682.0,8659.0,-23.0,-13.3415435408794,-182.14285714285714,SPOT_INDEX,False,True,173640.0,173640.0,0.0
2025-05-13,handy,2025,8659.0,8753.0,94.0,-33.65522795752423,-182.14285714285714,SPOT_INDEX,False,False,173180.0,173180.0,0.0
2025-05-14,handy,2025,8753.0,8756.0,3.0,47.309985234138374,-182.14285714285714,SPOT_INDEX,False,True,175060.0,175060.0,0.0
2025-05-15,handy,2025,8756.0,8734.0,-22.0,16.91612750686336,-182.14285714285714,SPOT_INDEX,False,False,175120.0,175120.0,0.0
2025-05-16,handy,2025,8734.0,8734.0,0.0,13.626026915717645,-182.14285714285714,SPOT_INDEX,False,False,174680.0,174680.0,0.0
2025-05-19,handy,2025,8734.0,8822.0,88.0,30.873416414076907,-182.14285714285714,SPOT_INDEX,False,True,174680.0,174680.0,0.0
2025-05-20,handy,2025,8822.0,8875.0,53.0,52.72081322509027,-182.14285714285714,SPOT_INDEX,False,True,176440.0,176440.0,0.0
2025-05-21,handy,2025,8875.0,8912.0,37.0,56.748368156247004,-182.14285714285714,SPOT_INDEX,False,True,177500.0,177500.0,0.0
2025-05-22,handy,2025,8912.0,8992.0,80.0,56.160863677812394,-182.14285714285714,SPOT_INDEX,False,True,178240.0,178240.0,0.0
2025-05-23,handy,2025,8992.0,9100.0,108.0,45.86458017971018,-182.14285714285714,SPOT_INDEX,False,True,179840.0,179840.0,0.0
2025-05-26,handy,2025,9100.0,9090.0,-10.0,48.65220361401768,-182.14285714285714,SPOT_INDEX,False,False,182000.0,182000.0,0.0
2025-05-27,handy,2025,9090.0,9030.0,-60.0,-31.56051341748155,-182.14285714285714,SPOT_INDEX,False,True,181800.0,181800.0,0.0
2025-05-28,handy,2025,9030.0,8938.0,-92.0,-50.97474090824968,-182.14285714285714,SPOT_INDEX,False,True,180600.0,180600.0,0.0
2025-05-29,handy,2025,8938.0,8954.0,16.0,-130.3239359575563,-182.14285714285714,SPOT_INDEX,False,False,178760.0,178760.0,0.0
2025-05-30,handy,2025,8954.0,8858.0,-96.0,-5.285638280548938,-182.14285714285714,SPOT_INDEX,False,True,179080.0,179080.0,0.0
2025-06-02,handy,2025,8858.0,8778.0,-80.0,-54.3784957773245,-182.14285714285714,SPOT_INDEX,False,True,177160.0,177160.0,0.0
2025-06-04,handy,2025,8778.0,8722.0,-56.0,-46.13839905679191,-182.14285714285714,SPOT_INDEX,False,True,175560.0,175560.0,0.0
2025-06-05,handy,2025,8722.0,8618.0,-104.0,-24.58077484930172,-182.14285714285714,SPOT_INDEX,False,True,174440.0,174440.0,0.0
2025-06-09,handy,2025,8618.0,8615.0,-3.0,-65.65406173434216,-182.14285714285714,SPOT_INDEX,False,True,172360.0,172360.0,0.0
2025-06-10,handy,2025,8615.0,8560.0,-55.0,-19.428068983198205,-182.14285714285714,SPOT_INDEX,False,True,172300.0,172300.0,0.0
2025-06-11,handy,2025,8560.0,8542.0,-18.0,-155.94733204404645,-182.14285714285714,SPOT_INDEX,False,True,171200.0,171200.0,0.0
2025-06-12,handy,2025,8542.0,8523.0,-19.0,15.531194472744051,-182.14285714285714,SPOT_INDEX,False,False,170840.0,170840.0,0.0
2025-06-13,handy,2025,8523.0,8758.0,235.0,43.07000609571483,-182.14285714285714,SPOT_INDEX,False,True,170460.0,170460.0,0.0
2025-06-16,handy,2025,8758.0,8796.0,38.0,116.78932215001123,-182.14285714285714,SPOT_INDEX,False,True,175160.0,175160.0,0.0
2025-06-17,handy,2025,8796.0,8792.0,-4.0,60.0046566349092,-182.14285714285714,SPOT_INDEX,False,False,175920.0,175920.0,0.0
2025-06-18,handy,2025,8792.0,8881.0,89.0,-1.2979229783223243,-182.14285714285714,SPOT_INDEX,False,False,175840.0,175840.0,0.0
2025-06-19,handy,2025,8881.0,8889.0,8.0,61.5817643543768,-182.14285714285714,SPOT_INDEX,False,True,177620.0,177620.0,0.0
2025-06-20,handy,2025,8889.0,8951.0,62.0,40.98394926137121,-182.14285714285714,SPOT_INDEX,False,True,177780.0,177780.0,0.0
2025-06-23,handy,2025,8951.0,8942.0,-9.0,59.45361586970642,-182.14285714285714,SPOT_INDEX,False,False,179020.0,179020.0,0.0
2025-06-24,handy,2025,8942.0,8887.0,-55.0,25.821301214340522,-182.14285714285714,SPOT_INDEX,False,False,178840.0,178840.0,0.0
2025-06-25,handy,2025,8887.0,8965.0,78.0,3.8580752694298055,-182.14285714285714,SPOT_INDEX,False,True,177740.0,177740.0,0.0
2025-06-26,handy,2025,8965.0,9007.0,42.0,58.81173377879976,-182.14285714285714,SPOT_INDEX,False,True,179300.0,179300.0,0.0
2025-06-27,handy,2025,9007.0,9027.0,20.0,50.78669841171425,-182.14285714285714,SPOT_INDEX,False,True,180140.0,180140.0,0.0
2025-06-30,handy,2025,9027.0,9207.0,180.0,27.80469010287511,-182.14285714285714,SPOT_INDEX,False,True,180540.0,180540.0,0.0
2025-07-01,handy,2025,9207.0,9290.0,83.0,83.58974732767203,-182.14285714285714,SPOT_INDEX,False,True,184140.0,184140.0,0.0
2025-07-02,handy,2025,9290.0,9351.0,61.0,55.36600243731034,-182.14285714285714,SPOT_INDEX,False,True,185800.0,185800.0,0.0
2025-07-03,handy,2025,9351.0,9410.0,59.0,58.65596537675579,-182.14285714285714,SPOT_INDEX,False,True,187020.0,187020.0,0.0
2025-07-04,handy,2025,9410.0,9557.0,147.0,55.41622633915901,-182.14285714285714,SPOT_INDEX,False,True,188200.0,188200.0,0.0
2025-07-07,handy,2025,9557.0,9770.0,213.0,76.32606605666443,-182.14285714285714,SPOT_INDEX,False,True,191140.0,191140.0,0.0
2025-07-08,handy,2025,9770.0,9907.0,137.0,194.484896220053,-182.14285714285714,SPOT_INDEX,False,True,195400.0,195400.0,0.0
2025-07-09,handy,2025,9907.0,10042.0,135.0,75.01586616472818,-182.14285714285714,SPOT_INDEX,False,True,198140.0,198140.0,0.0
2025-07-10,handy,2025,10042.0,10193.0,151.0,73.67212323906872,-182.14285714285714,SPOT_INDEX,False,True,200840.0,200840.0,0.0
2025-07-11,handy,2025,10193.0,10228.0,35.0,97.39022891468758,-182.14285714285714,SPOT_INDEX,False,True,203860.0,203860.0,0.0
2025-07-14,handy,2025,10228.0,10351.0,123.0,79.41357129453985,-182.14285714285714,SPOT_INDEX,False,True,204560.0,204560.0,0.0
2025-07-15,handy,2025,10351.0,10435.0,84.0,93.6062376738661,-182.14285714285714,SPOT_INDEX,False,True,207020.0,207020.0,0.0
2025-07-16,handy,2025,10435.0,10703.0,268.0,92.9753919834247,-182.14285714285714,SPOT_INDEX,False,True,208700.0,208700.0,0.0
2025-07-17,handy,2025,10703.0,10777.0,74.0,225.13890911566733,-182.14285714285714,SPOT_INDEX,False,True,214060.0,214060.0,0.0
2025-07-18,handy,2025,10777.0,10779.0,2.0,77.84074245937603,-182.14285714285714,SPOT_INDEX,False,True,215540.0,215540.0,0.0
2025-07-21,handy,2025,10779.0,10784.0,5.0,40.054199355386956,-182.14285714285714,SPOT_INDEX,False,True,215580.0,215580.0,0.0
2025-07-22,handy,2025,10784.0,10680.0,-104.0,-9.854937241245826,-182.14285714285714,SPOT_INDEX,False,True,215680.0,215680.0,0.0
2025-07-23,handy,2025,10680.0,10672.0,-8.0,-73.19650406870839,-182.14285714285714,SPOT_INDEX,False,True,213600.0,213600.0,0.0
2025-07-24,handy,2025,10672.0,10734.0,62.0,-118.81064848886473,-182.14285714285714,SPOT_INDEX,False,False,213440.0,213440.0,0.0
2025-07-25,handy,2025,10734.0,10769.0,35.0,0.7715970828026937,-182.14285714285714,SPOT_INDEX,False,True,214680.0,214680.0,0.0
2025-07-28,handy,2025,10769.0,10674.0,-95.0,3.3316130276303584,-182.14285714285714,SPOT_INDEX,False,False,215380.0,215380.0,0.0
2025-07-29,handy,2025,10674.0,10583.0,-91.0,-55.29603333635319,-182.14285714285714,SPOT_INDEX,False,True,213480.0,213480.0,0.0
2025-07-30,handy,2025,10583.0,10537.0,-46.0,-76.17118617523153,-182.14285714285714,SPOT_INDEX,False,True,211660.0,211660.0,0.0
2025-07-31,handy,2025,10537.0,10513.0,-24.0,-44.24122143468152,-182.14285714285714,SPOT_INDEX,False,True,210740.0,210740.0,0.0
2025-08-01,handy,2025,10513.0,10481.0,-32.0,-33.881381722526974,-182.14285714285714,SPOT_INDEX,False,True,210260.0,210260.0,0.0
2025-08-04,handy,2025,10481.0,10464.0,-17.0,-34.154321317079564,-182.14285714285714,SPOT_INDEX,False,True,209620.0,209620.0,0.0
2025-08-05,handy,2025,10464.0,10533.0,69.0,-12.534329320717081,-182.14285714285714,SPOT_INDEX,False,False,209280.0,209280.0,0.0
2025-08-06,handy,2025,10533.0,10637.0,104.0,64.21796343878563,-182.14285714285714,SPOT_INDEX,False,True,210660.0,210660.0,0.0
2025-08-07,handy,2025,10637.0,10718.0,81.0,128.23668143159026,-182.14285714285714,SPOT_INDEX,False,True,212740.0,212740.0,0.0
2025-08-08,handy,2025,10718.0,10765.0,47.0,57.34924362670416,-182.14285714285714,SPOT_INDEX,False,True,214360.0,214360.0,0.0
2025-08-11,handy,2025,10765.0,10878.0,113.0,56.97585417039288,-182.14285714285714,SPOT_INDEX,False,True,215300.0,215300.0,0.0
2025-08-12,handy,2025,10878.0,10884.0,6.0,67.4404863813147,-182.14285714285714,SPOT_INDEX,False,True,217560.0,217560.0,0.0
2025-08-13,handy,2025,10884.0,11056.0,172.0,45.54412666741125,-182.14285714285714,SPOT_INDEX,False,True,217680.0,217680.0,0.0
2025-08-14,handy,2025,11056.0,11143.0,87.0,86.36446613827478,-182.14285714285714,SPOT_INDEX,False,True,221120.0,221120.0,0.0
2025-08-18,handy,2025,11143.0,11150.0,7.0,56.72070219825475,-182.14285714285714,SPOT_INDEX,False,True,222860.0,222860.0,0.0
2025-08-19,handy,2025,11150.0,11364.0,214.0,47.37075631541835,-182.14285714285714,SPOT_INDEX,False,True,223000.0,223000.0,0.0
2025-08-20,handy,2025,11364.0,11440.0,76.0,101.24925056246387,-182.14285714285714,SPOT_INDEX,False,True,227280.0,227280.0,0.0
2025-08-21,handy,2025,11440.0,11525.0,85.0,63.414488602905834,-182.14285714285714,SPOT_INDEX,False,True,228800.0,228800.0,0.0
2025-08-22,handy,2025,11525.0,11457.0,-68.0,64.71896446200157,-182.14285714285714,SPOT_INDEX,False,False,230500.0,230500.0,0.0
2025-08-25,handy,2025,11457.0,11504.0,47.0,-42.35318820964799,-182.14285714285714,SPOT_INDEX,False,False,229140.0,229140.0,0.0
2025-08-26,handy,2025,11504.0,11696.0,192.0,27.69259306861602,-182.14285714285714,SPOT_INDEX,False,True,230080.0,230080.0,0.0
2025-08-27,handy,2025,11696.0,11622.0,-74.0,110.42959402537656,-182.14285714285714,SPOT_INDEX,False,False,233920.0,233920.0,0.0
2025-08-28,handy,2025,11622.0,11631.0,9.0,-20.645399073561553,-182.14285714285714,SPOT_INDEX,False,False,232440.0,232440.0,0.0
2025-08-29,handy,2025,11631.0,11571.0,-60.0,45.61820436199563,-182.14285714285714,SPOT_INDEX,False,False,232620.0,232620.0,0.0
2025-09-01,handy,2025,11571.0,11462.0,-109.0,-134.44535106431937,-182.14285714285714,SPOT_INDEX,False,True,231420.0,231420.0,0.0
2025-09-02,handy,2025,11462.0,11353.0,-109.0,-53.0777213879637,-182.14285714285714,SPOT_INDEX,False,True,229240.0,229240.0,0.0
2025-09-03,handy,2025,11353.0,11311.0,-42.0,-147.05266240593102,-182.14285714285714,SPOT_INDEX,False,True,227060.0,227060.0,0.0
2025-09-04,handy,2025,11311.0,11287.0,-24.0,-45.36650861990376,-182.14285714285714,SPOT_INDEX,False,True,226220.0,226220.0,0.0
2025-09-05,handy,2025,11287.0,11282.0,-5.0,34.01626915165578,-182.14285714285714,SPOT_INDEX,False,False,225740.0,225740.0,0.0
2025-09-08,handy,2025,11282.0,11273.0,-9.0,34.70932468502017,-182.14285714285714,SPOT_INDEX,False,False,225640.0,225640.0,0.0
2025-09-09,handy,2025,11273.0,11228.0,-45.0,27.21482607449696,-182.14285714285714,SPOT_INDEX,False,False,225460.0,225460.0,0.0
2025-09-10,handy,2025,11228.0,11159.0,-69.0,19.92545983098453,-182.14285714285714,SPOT_INDEX,False,False,224560.0,224560.0,0.0
2025-09-11,handy,2025,11159.0,11228.0,69.0,11.516949800174318,-182.14285714285714,SPOT_INDEX,False,True,223180.0,223180.0,0.0
2025-09-12,handy,2025,11228.0,11336.0,108.0,56.349734646102604,-182.14285714285714,SPOT_INDEX,False,True,224560.0,224560.0,0.0
2025-09-15,handy,2025,11336.0,11294.0,-42.0,53.06570553629382,-182.14285714285714,SPOT_INDEX,False,False,226720.0,226720.0,0.0
2025-09-16,handy,2025,11294.0,11221.0,-73.0,-36.87831675534975,-182.14285714285714,SPOT_INDEX,False,True,225880.0,225880.0,0.0
2025-09-17,handy,2025,11221.0,11199.0,-22.0,-49.92920549690325,-182.14285714285714,SPOT_INDEX,False,True,224420.0,224420.0,0.0
2025-09-18,handy,2025,11199.0,11177.0,-22.0,-11.508655594555984,-182.14285714285714,SPOT_INDEX,False,True,223980.0,223980.0,0.0
2025-09-19,handy,2025,11177.0,11188.0,11.0,-16.155910861991,-182.14285714285714,SPOT_INDEX,False,False,223540.0,223540.0,0.0
2025-09-22,handy,2025,11188.0,11214.0,26.0,28.28601938561751,-182.14285714285714,SPOT_INDEX,False,True,223760.0,223760.0,0.0
2025-09-23,handy,2025,11214.0,11230.0,16.0,-26.552189741314233,-182.14285714285714,SPOT_INDEX,False,False,224280.0,224280.0,0.0
2025-09-24,handy,2025,11230.0,11177.0,-53.0,48.08367745558222,-182.14285714285714,SPOT_INDEX,False,False,224600.0,224600.0,0.0
2025-09-25,handy,2025,11177.0,11284.0,107.0,8.227396977125025,-182.14285714285714,SPOT_INDEX,False,True,223540.0,223540.0,0.0
2025-09-26,handy,2025,11284.0,11210.0,-74.0,60.04495038893619,-182.14285714285714,SPOT_INDEX,False,False,225680.0,225680.0,0.0
2025-09-29,handy,2025,11210.0,11203.0,-7.0,-43.88343488603374,-182.14285714285714,SPOT_INDEX,False,True,224200.0,224200.0,0.0
2025-09-30,handy,2025,11203.0,11288.0,85.0,1.7079753582900725,-182.14285714285714,SPOT_INDEX,False,True,224060.0,224060.0,0.0
2025-10-01,handy,2025,11288.0,11299.0,11.0,10.754691711089617,-182.14285714285714,SPOT_INDEX,False,True,225760.0,225760.0,0.0
2025-10-02,handy,2025,11299.0,11291.0,-8.0,-10.819314557716899,-182.14285714285714,SPOT_INDEX,False,True,225980.0,225980.0,0.0
2025-10-10,handy,2025,11291.0,11319.0,28.0,-163.99294605815518,-182.14285714285714,SPOT_INDEX,False,False,225820.0,225820.0,0.0
2025-10-13,handy,2025,11319.0,11356.0,37.0,64.92942911413826,-182.14285714285714,SPOT_INDEX,False,True,226380.0,226380.0,0.0
2025-10-14,handy,2025,11356.0,11403.0,47.0,3.1741268472654287,-182.14285714285714,SPOT_INDEX,False,True,227120.0,227120.0,0.0
2025-10-15,handy,2025,11403.0,11483.0,80.0,19.723538893658947,-182.14285714285714,SPOT_INDEX,False,True,228060.0,228060.0,0.0
2025-10-16,handy,2025,11483.0,11499.0,16.0,55.36600243731034,-182.14285714285714,SPOT_INDEX,False,True,229660.0,229660.0,0.0
2025-10-17,handy,2025,11499.0,11531.0,32.0,-14.183316319054654,-182.14285714285714,SPOT_INDEX,False,False,229980.0,229980.0,0.0
2025-10-20,handy,2025,11531.0,11528.0,-3.0,-0.6712975156755684,-182.14285714285714,SPOT_INDEX,False,True,230620.0,230620.0,0.0
2025-10-21,handy,2025,11528.0,11674.0,146.0,-20.131979010169758,-182.14285714285714,SPOT_INDEX,False,False,230560.0,230560.0,0.0
2025-10-22,handy,2025,11674.0,11721.0,47.0,70.06752602965574,-182.14285714285714,SPOT_INDEX,False,True,233480.0,233480.0,0.0
2025-10-23,handy,2025,11721.0,11725.0,4.0,4.522508219240001,-182.14285714285714,SPOT_INDEX,False,True,234420.0,234420.0,0.0
2025-10-24,handy,2025,11725.0,11723.0,-2.0,-24.60934558435456,-182.14285714285714,SPOT_INDEX,False,True,234500.0,234500.0,0.0
2025-10-27,handy,2025,11723.0,11690.0,-33.0,-31.733691357579183,-182.14285714285714,SPOT_INDEX,False,True,234460.0,234460.0,0.0
2025-10-28,handy,2025,11690.0,11685.0,-5.0,-131.6779229920781,-182.14285714285714,SPOT_INDEX,False,True,233800.0,233800.0,0.0
2025-10-29,handy,2025,11685.0,11578.0,-107.0,-42.89417796922408,-182.14285714285714,SPOT_INDEX,False,True,233700.0,233700.0,0.0
2025-10-30,handy,2025,11578.0,11602.0,24.0,-131.5504236689171,-182.14285714285714,SPOT_INDEX,False,False,231560.0,231560.0,0.0
2025-10-31,handy,2025,11602.0,11545.0,-57.0,32.46279682912875,-182.14285714285714,SPOT_INDEX,False,False,232040.0,232040.0,0.0
2025-11-03,handy,2025,11545.0,11462.0,-83.0,-42.61509346662653,-182.14285714285714,SPOT_INDEX,False,True,230900.0,230900.0,0.0
2025-11-04,handy,2025,11462.0,11377.0,-85.0,-53.54969487461303,-182.14285714285714,SPOT_INDEX,False,True,229240.0,229240.0,0.0
2025-11-05,handy,2025,11377.0,11308.0,-69.0,-54.53746145428412,-182.14285714285714,SPOT_INDEX,False,True,227540.0,227540.0,0.0
2025-11-06,handy,2025,11308.0,11270.0,-38.0,30.485593379676352,-182.14285714285714,SPOT_INDEX,False,False,226160.0,226160.0,0.0
2025-11-07,handy,2025,11270.0,11220.0,-50.0,-11.257954713581274,-182.14285714285714,SPOT_INDEX,False,True,225400.0,225400.0,0.0
2025-11-10,handy,2025,11220.0,11261.0,41.0,-47.08237673962087,-182.14285714285714,SPOT_INDEX,False,False,224400.0,224400.0,0.0
2025-11-11,handy,2025,11261.0,11233.0,-28.0,57.46371799233173,-182.14285714285714,SPOT_INDEX,False,False,225220.0,225220.0,0.0
2025-11-12,handy,2025,11233.0,11295.0,62.0,41.02203191197019,-182.14285714285714,SPOT_INDEX,False,True,224660.0,224660.0,0.0
2025-11-13,handy,2025,11295.0,11348.0,53.0,58.59792378993161,-182.14285714285714,SPOT_INDEX,False,True,225900.0,225900.0,0.0
2025-11-14,handy,2025,11348.0,11390.0,42.0,57.8460363744407,-182.14285714285714,SPOT_INDEX,False,True,226960.0,226960.0,0.0
2025-11-17,handy,2025,11390.0,11360.0,-30.0,54.434935856588964,-182.14285714285714,SPOT_INDEX,False,False,227800.0,227800.0,0.0
2025-11-18,handy,2025,11360.0,11368.0,8.0,34.94456760260828,-182.14285714285714,SPOT_INDEX,False,True,227200.0,227200.0,0.0
2025-11-19,handy,2025,11368.0,11562.0,194.0,53.26492040715361,-182.14285714285714,SPOT_INDEX,False,True,227360.0,227360.0,0.0
2025-11-20,handy,2025,11562.0,11686.0,124.0,87.8058385296737,-182.14285714285714,SPOT_INDEX,False,True,231240.0,231240.0,0.0
2025-11-21,handy,2025,11686.0,11598.0,-88.0,58.96623873516829,-182.14285714285714,SPOT_INDEX,False,False,233720.0,233720.0,0.0
2025-11-24,handy,2025,11598.0,11550.0,-48.0,-47.86520465124363,-182.14285714285714,SPOT_INDEX,False,True,231960.0,231960.0,0.0
2025-11-25,handy,2025,11550.0,11750.0,200.0,-15.535058723762738,-182.14285714285714,SPOT_INDEX,False,False,231000.0,231000.0,0.0
2025-11-27,handy,2025,11750.0,11835.0,85.0,115.0124312074194,-182.14285714285714,SPOT_INDEX,False,True,235000.0,235000.0,0.0
2025-11-28,handy,2025,11835.0,11839.0,4.0,75.63097851673268,-182.14285714285714,SPOT_INDEX,False,True,236700.0,236700.0,0.0
2025-12-01,handy,2025,11839.0,11953.0,114.0,59.85043567803514,-182.14285714285714,SPOT_INDEX,False,True,236780.0,236780.0,0.0
2025-12-02,handy,2025,11953.0,12169.0,216.0,62.2205348212876,-182.14285714285714,SPOT_INDEX,False,True,239060.0,239060.0,0.0
2025-12-03,handy,2025,12169.0,12281.0,112.0,100.98540700934717,-182.14285714285714,SPOT_INDEX,False,True,243380.0,243380.0,0.0
2025-12-04,handy,2025,12281.0,12253.0,-28.0,74.02789843733046,-182.14285714285714,SPOT_INDEX,False,False,245620.0,245620.0,0.0
2025-12-05,handy,2025,12253.0,12216.0,-37.0,-32.58090464962803,-182.14285714285714,SPOT_INDEX,False,True,245060.0,245060.0,0.0
2025-12-08,handy,2025,12216.0,12065.0,-151.0,-52.2370226054816,-182.14285714285714,SPOT_INDEX,False,True,244320.0,244320.0,0.0
2025-12-09,handy,2025,12065.0,11960.0,-105.0,-158.95928906014797,-182.14285714285714,SPOT_INDEX,False,True,241300.0,241300.0,0.0
2025-12-10,handy,2025,11960.0,11685.0,-275.0,-174.85440705718364,-182.14285714285714,SPOT_INDEX,False,True,239200.0,239200.0,0.0
2025-12-11,handy,2025,11685.0,11636.0,-49.0,-117.17588157117639,-182.14285714285714,SPOT_INDEX,False,True,233700.0,233700.0,0.0
2025-12-12,handy,2025,11636.0,11453.0,-183.0,-64.8632413456797,-182.14285714285714,SPOT_INDEX,False,True,232720.0,232720.0,0.0
2025-12-15,handy,2025,11453.0,11337.0,-116.0,-164.97957988129554,-182.14285714285714,SPOT_INDEX,False,True,229060.0,229060.0,0.0
2025-12-16,handy,2025,11337.0,11273.0,-64.0,-158.6602720082191,-182.14285714285714,SPOT_INDEX,False,True,226740.0,226740.0,0.0
2025-12-17,handy,2025,11273.0,11117.0,-156.0,-140.58739287870623,-182.14285714285714,SPOT_INDEX,False,True,225460.0,225460.0,0.0
2025-12-18,handy,2025,11117.0,10920.0,-197.0,-164.16362790454662,-182.14285714285714,SPOT_INDEX,False,True,222340.0,222340.0,0.0
2025-12-19,handy,2025,10920.0,10886.0,-34.0,-173.26212055247564,-182.14285714285714,SPOT_INDEX,False,True,218400.0,218400.0,0.0
2025-12-22,handy,2025,10886.0,10511.0,-375.0,-157.93049643044324,-182.14285714285714,SPOT_INDEX,False,True,217720.0,217720.0,0.0
2025-12-23,handy,2025,10511.0,10426.0,-85.0,-244.95224785776063,-182.14285714285714,WAIT,True,True,210220.0,211020.0,-800.0
2025-12-24,handy,2025,10426.0,9401.0,-1025.0,-163.27504327159576,-182.14285714285714,SPOT_INDEX,False,True,208520.0,208520.0,0.0
2025-01-02,cape,2025,11616.0,12638.0,1022.0,426.9775464365147,-294.38775510204084,SPOT_INDEX,False,True,232320.0,232320.0,0.0
2025-01-03,cape,2025,12638.0,12309.0,-329.0,682.0952763564898,-294.38775510204084,SPOT_INDEX,False,False,252760.0,252760.0,0.0
2025-01-06,cape,2025,12309.0,11193.0,-1116.0,-237.8332147571342,-294.38775510204084,SPOT_INDEX,False,True,246180.0,246180.0,0.0
2025-01-07,cape,2025,11193.0,10938.0,-255.0,-441.68232081669316,-294.38775510204084,WAIT,True,True,223860.0,221260.0,2600.0
2025-01-08,cape,2025,10938.0,10668.0,-270.0,-150.62358735568742,-294.38775510204084,SPOT_INDEX,False,True,218760.0,218760.0,0.0
2025-01-09,cape,2025,10668.0,11057.0,389.0,-159.6488727462895,-294.38775510204084,SPOT_INDEX,False,False,213360.0,213360.0,0.0
2025-01-10,cape,2025,11057.0,12758.0,1701.0,248.6482613100365,-294.38775510204084,SPOT_INDEX,False,True,221140.0,221140.0,0.0
2025-01-13,cape,2025,12758.0,13806.0,1048.0,803.6675170926627,-294.38775510204084,SPOT_INDEX,False,True,255160.0,255160.0,0.0
2025-01-14,cape,2025,13806.0,13568.0,-238.0,561.3704437002643,-294.38775510204084,SPOT_INDEX,False,False,276120.0,276120.0,0.0
2025-01-15,cape,2025,13568.0,13176.0,-392.0,-137.7122139825822,-294.38775510204084,SPOT_INDEX,False,True,271360.0,271360.0,0.0
2025-01-16,cape,2025,13176.0,12592.0,-584.0,-262.4071632967058,-294.38775510204084,SPOT_INDEX,False,True,263520.0,263520.0,0.0
2025-01-17,cape,2025,12592.0,12085.0,-507.0,-411.4075462767628,-294.38775510204084,WAIT,True,True,251840.0,244200.0,7640.0
2025-01-20,cape,2025,12085.0,11750.0,-335.0,-383.9789166389178,-294.38775510204084,WAIT,True,True,241700.0,237500.0,4200.0
2025-01-21,cape,2025,11750.0,11347.0,-403.0,-228.20817786181033,-294.38775510204084,SPOT_INDEX,False,True,235000.0,235000.0,0.0
2025-01-22,cape,2025,11347.0,10721.0,-626.0,-262.4071632967058,-294.38775510204084,SPOT_INDEX,False,True,226940.0,226940.0,0.0
2025-01-23,cape,2025,10721.0,9927.0,-794.0,-433.15256627485104,-294.38775510204084,WAIT,True,True,214420.0,201040.0,13380.0
2025-01-24,cape,2025,9927.0,9292.0,-635.0,-427.1556247268967,-294.38775510204084,WAIT,True,True,198540.0,188340.0,10200.0
2025-01-31,cape,2025,9292.0,9126.0,-166.0,-427.1556247268967,-294.38775510204084,WAIT,True,True,185840.0,185020.0,820.0
2025-02-03,cape,2025,9126.0,9145.0,19.0,-106.0870703095641,-294.38775510204084,SPOT_INDEX,False,False,182520.0,182520.0,0.0
2025-02-04,cape,2025,9145.0,9333.0,188.0,76.6253500531294,-294.38775510204084,SPOT_INDEX,False,True,182900.0,182900.0,0.0
2025-02-05,cape,2025,9333.0,9499.0,166.0,306.30654794966193,-294.38775510204084,SPOT_INDEX,False,True,186660.0,186660.0,0.0
2025-02-06,cape,2025,9499.0,9698.0,199.0,316.6307659340031,-294.38775510204084,SPOT_INDEX,False,True,189980.0,189980.0,0.0
2025-02-07,cape,2025,9698.0,9630.0,-68.0,311.1489517322737,-294.38775510204084,SPOT_INDEX,False,False,193960.0,193960.0,0.0
2025-02-10,cape,2025,9630.0,9383.0,-247.0,-40.32394035077747,-294.38775510204084,SPOT_INDEX,False,True,192600.0,192600.0,0.0
2025-02-11,cape,2025,9383.0,9165.0,-218.0,-124.28190314125146,-294.38775510204084,SPOT_INDEX,False,True,187660.0,187660.0,0.0
2025-02-12,cape,2025,9165.0,8414.0,-751.0,-123.68731607930178,-294.38775510204084,SPOT_INDEX,False,True,183300.0,183300.0,0.0
2025-02-13,cape,2025,8414.0,8496.0,82.0,-408.69499401986053,-294.38775510204084,WAIT,True,False,168280.0,172420.0,-4140.0
2025-02-14,cape,2025,8496.0,8552.0,56.0,131.06590191564513,-294.38775510204084,SPOT_INDEX,False,True,169920.0,169920.0,0.0
2025-02-17,cape,2025,8552.0,8814.0,262.0,112.56220240156256,-294.38775510204084,SPOT_INDEX,False,True,171040.0,171040.0,0.0
2025-02-18,cape,2025,8814.0,9027.0,213.0,213.34534575296507,-294.38775510204084,SPOT_INDEX,False,True,176280.0,176280.0,0.0
2025-02-19,cape,2025,9027.0,10188.0,1161.0,318.53264971661486,-294.38775510204084,SPOT_INDEX,False,True,180540.0,180540.0,0.0
2025-02-20,cape,2025,10188.0,10252.0,64.0,749.1261008089896,-294.38775510204084,SPOT_INDEX,False,True,203760.0,203760.0,0.0
2025-02-21,cape,2025,10252.0,11083.0,831.0,116.71416461478792,-294.38775510204084,SPOT_INDEX,False,True,205040.0,205040.0,0.0
2025-02-24,cape,2025,11083.0,11828.0,745.0,668.1008457511849,-294.38775510204084,SPOT_INDEX,False,True,221660.0,221660.0,0.0
2025-02-25,cape,2025,11828.0,13476.0,1648.0,639.3639413508167,-294.38775510204084,SPOT_INDEX,False,True,236560.0,236560.0,0.0
2025-02-26,cape,2025,13476.0,14808.0,1332.0,826.380414245501,-294.38775510204084,SPOT_INDEX,False,True,269520.0,269520.0,0.0
2025-02-27,cape,2025,14808.0,18393.0,3585.0,818.6167561260122,-294.38775510204084,SPOT_INDEX,False,True,296160.0,296160.0,0.0
2025-02-28,cape,2025,18393.0,21041.0,2648.0,888.1060325156415,-294.38775510204084,SPOT_INDEX,False,True,367860.0,367860.0,0.0
2025-03-04,cape,2025,21041.0,20753.0,-288.0,772.5612840444115,-294.38775510204084,SPOT_INDEX,False,False,420820.0,420820.0,0.0
2025-03-05,cape,2025,20753.0,21348.0,595.0,190.89739690979658,-294.38775510204084,SPOT_INDEX,False,True,415060.0,415060.0,0.0
2025-03-06,cape,2025,21348.0,22404.0,1056.0,540.6653821749932,-294.38775510204084,SPOT_INDEX,False,True,426960.0,426960.0,0.0
2025-03-07,cape,2025,22404.0,24164.0,1760.0,559.4180062995412,-294.38775510204084,SPOT_INDEX,False,True,448080.0,448080.0,0.0
2025-03-10,cape,2025,24164.0,24878.0,714.0,848.6214284588727,-294.38775510204084,SPOT_INDEX,False,True,483280.0,483280.0,0.0
2025-03-11,cape,2025,24878.0,25046.0,168.0,552.672271713971,-294.38775510204084,SPOT_INDEX,False,True,497560.0,497560.0,0.0
2025-03-12,cape,2025,25046.0,28118.0,3072.0,91.2022786785255,-294.38775510204084,SPOT_INDEX,False,True,500920.0,500920.0,0.0
2025-03-13,cape,2025,28118.0,28851.0,733.0,1318.8243031014479,-294.38775510204084,SPOT_INDEX,False,True,562360.0,562360.0,0.0
2025-03-14,cape,2025,28851.0,28074.0,-777.0,759.1951972656938,-294.38775510204084,SPOT_INDEX,False,False,577020.0,577020.0,0.0
2025-03-17,cape,2025,28074.0,26388.0,-1686.0,-369.896037570458,-294.38775510204084,WAIT,True,True,561480.0,530260.0,31220.0
2025-03-18,cape,2025,26388.0,26249.0,-139.0,-1187.7864064035032,-294.38775510204084,WAIT,True,True,527760.0,527480.0,280.0
2025-03-19,cape,2025,26249.0,25755.0,-494.0,29.206230098066154,-294.38775510204084,SPOT_INDEX,False,False,524980.0,524980.0,0.0
2025-03-20,cape,2025,25755.0,25909.0,154.0,-363.9583966139515,-294.38775510204084,WAIT,True,False,515100.0,520680.0,-5580.0
2025-03-21,cape,2025,25909.0,25934.0,25.0,175.81272660792052,-294.38775510204084,SPOT_INDEX,False,True,518180.0,518180.0,0.0
2025-03-24,cape,2025,25934.0,25781.0,-153.0,142.6918615731076,-294.38775510204084,SPOT_INDEX,False,False,518680.0,518680.0,0.0
2025-03-25,cape,2025,25781.0,24604.0,-1177.0,72.47606296749242,-294.38775510204084,SPOT_INDEX,False,False,515620.0,515620.0,0.0
2025-03-26,cape,2025,24604.0,23739.0,-865.0,-534.0833093940407,-294.38775510204084,WAIT,True,True,492080.0,477280.0,14800.0
2025-03-27,cape,2025,23739.0,23445.0,-294.0,-512.0240239192459,-294.38775510204084,WAIT,True,True,474780.0,471400.0,3380.0
2025-03-28,cape,2025,23445.0,22979.0,-466.0,-225.4478040491291,-294.38775510204084,SPOT_INDEX,False,True,468900.0,468900.0,0.0
2025-03-31,cape,2025,22979.0,23206.0,227.0,-417.41266165660846,-294.38775510204084,WAIT,True,False,459580.0,466620.0,-7040.0
2025-04-01,cape,2025,23206.0,22951.0,-255.0,121.94596929433742,-294.38775510204084,SPOT_INDEX,False,False,464120.0,464120.0,0.0
2025-04-02,cape,2025,22951.0,23611.0,660.0,-193.07409015446206,-294.38775510204084,SPOT_INDEX,False,False,459020.0,459020.0,0.0
2025-04-03,cape,2025,23611.0,22239.0,-1372.0,491.6936136360953,-294.38775510204084,SPOT_INDEX,False,False,472220.0,472220.0,0.0
2025-04-04,cape,2025,22239.0,20361.0,-1878.0,-744.5836566351126,-294.38775510204084,WAIT,True,True,444780.0,409720.0,35060.0
2025-04-07,cape,2025,20361.0,18518.0,-1843.0,-1110.0794946531441,-294.38775510204084,WAIT,True,True,407220.0,372860.0,34360.0
2025-04-08,cape,2025,18518.0,17430.0,-1088.0,-1065.4310787268455,-294.38775510204084,WAIT,True,True,370360.0,351100.0,19260.0
2025-04-09,cape,2025,17430.0,17071.0,-359.0,-512.8916650609412,-294.38775510204084,WAIT,True,True,348600.0,343920.0,4680.0
2025-04-10,cape,2025,17071.0,17563.0,492.0,-250.13620225465158,-294.38775510204084,SPOT_INDEX,False,False,341420.0,341420.0,0.0
2025-04-11,cape,2025,17563.0,18086.0,523.0,426.9931338767911,-294.38775510204084,SPOT_INDEX,False,True,351260.0,351260.0,0.0
2025-04-14,cape,2025,18086.0,17641.0,-445.0,411.0348358623824,-294.38775510204084,SPOT_INDEX,False,False,361720.0,361720.0,0.0
2025-04-15,cape,2025,17641.0,16286.0,-1355.0,-401.32603769274795,-294.38775510204084,WAIT,True,True,352820.0,328220.0,24600.0
2025-04-16,cape,2025,16286.0,16269.0,-17.0,-721.5501008542452,-294.38775510204084,WAIT,True,True,325720.0,327880.0,-2160.0
2025-04-17,cape,2025,16269.0,16393.0,124.0,36.34339401796309,-294.38775510204084,SPOT_INDEX,False,True,325380.0,325380.0,0.0
2025-04-18,cape,2025,16393.0,16452.0,59.0,122.22094155154471,-294.38775510204084,SPOT_INDEX,False,True,327860.0,327860.0,0.0
2025-04-21,cape,2025,16452.0,16452.0,0.0,105.98483130980352,-294.38775510204084,SPOT_INDEX,False,False,329040.0,329040.0,0.0
2025-04-22,cape,2025,16452.0,16396.0,-56.0,45.172579851177574,-294.38775510204084,SPOT_INDEX,False,False,329040.0,329040.0,0.0
2025-04-23,cape,2025,16396.0,17439.0,1043.0,-39.5371189508643,-294.38775510204084,SPOT_INDEX,False,False,327920.0,327920.0,0.0
2025-04-24,cape,2025,17439.0,18251.0,812.0,692.1880900460958,-294.38775510204084,SPOT_INDEX,False,True,348780.0,348780.0,0.0
2025-04-25,cape,2025,18251.0,18640.0,389.0,533.305662952347,-294.38775510204084,SPOT_INDEX,False,True,365020.0,365020.0,0.0
2025-04-28,cape,2025,18640.0,18602.0,-38.0,261.31691625632607,-294.38775510204084,SPOT_INDEX,False,False,372800.0,372800.0,0.0
2025-04-29,cape,2025,18602.0,18841.0,239.0,29.019780559571426,-294.38775510204084,SPOT_INDEX,False,True,372040.0,372040.0,0.0
2025-04-30,cape,2025,18841.0,18826.0,-15.0,154.49353432358018,-294.38775510204084,SPOT_INDEX,False,False,376820.0,376820.0,0.0
2025-05-02,cape,2025,18826.0,18639.0,-187.0,33.28062093803907,-294.38775510204084,SPOT_INDEX,False,False,376520.0,376520.0,0.0
2025-05-07,cape,2025,18639.0,17856.0,-783.0,-120.98623051197846,-294.38775510204084,SPOT_INDEX,False,True,372780.0,372780.0,0.0
2025-05-08,cape,2025,17856.0,16356.0,-1500.0,-441.02119576302744,-294.38775510204084,WAIT,True,True,357120.0,329620.0,27500.0
2025-05-09,cape,2025,16356.0,16714.0,358.0,-681.4582002176775,-294.38775510204084,WAIT,True,False,327120.0,336780.0,-9660.0
2025-05-12,cape,2025,16714.0,16420.0,-294.0,248.28503318994345,-294.38775510204084,SPOT_INDEX,False,False,334280.0,334280.0,0.0
2025-05-13,cape,2025,16420.0,15879.0,-541.0,-221.32744745949253,-294.38775510204084,SPOT_INDEX,False,True,328400.0,328400.0,0.0
2025-05-14,cape,2025,15879.0,16276.0,397.0,-413.58745012751024,-294.38775510204084,WAIT,True,False,317580.0,328020.0,-10440.0
2025-05-15,cape,2025,16276.0,17881.0,1605.0,258.15034464610545,-294.38775510204084,SPOT_INDEX,False,True,325520.0,325520.0,0.0
2025-05-16,cape,2025,17881.0,18448.0,567.0,823.9783309344882,-294.38775510204084,SPOT_INDEX,False,True,357620.0,357620.0,0.0
2025-05-19,cape,2025,18448.0,17316.0,-1132.0,447.4415866992386,-294.38775510204084,SPOT_INDEX,False,False,368960.0,368960.0,0.0
2025-05-20,cape,2025,17316.0,17699.0,383.0,-446.3725913993092,-294.38775510204084,WAIT,True,False,346320.0,356480.0,-10160.0
2025-05-21,cape,2025,17699.0,18078.0,379.0,262.48943568698314,-294.38775510204084,SPOT_INDEX,False,True,353980.0,353980.0,0.0
2025-05-22,cape,2025,18078.0,18324.0,246.0,262.48943568698314,-294.38775510204084,SPOT_INDEX,False,True,361560.0,361560.0,0.0
2025-05-23,cape,2025,18324.0,18344.0,20.0,164.69718073369532,-294.38775510204084,SPOT_INDEX,False,True,366480.0,366480.0,0.0
2025-05-26,cape,2025,18344.0,17944.0,-400.0,69.79624275356817,-294.38775510204084,SPOT_INDEX,False,False,366880.0,366880.0,0.0
2025-05-27,cape,2025,17944.0,18223.0,279.0,-270.1639630076836,-294.38775510204084,SPOT_INDEX,False,False,358880.0,358880.0,0.0
2025-05-28,cape,2025,18223.0,19116.0,893.0,200.088840247162,-294.38775510204084,SPOT_INDEX,False,True,364460.0,364460.0,0.0
2025-05-29,cape,2025,19116.0,20633.0,1517.0,519.8422360651607,-294.38775510204084,SPOT_INDEX,False,True,382320.0,382320.0,0.0
2025-05-30,cape,2025,20633.0,22264.0,1631.0,824.2436143842991,-294.38775510204084,SPOT_INDEX,False,True,412660.0,412660.0,0.0
2025-06-02,cape,2025,22264.0,23200.0,936.0,831.708543981796,-294.38775510204084,SPOT_INDEX,False,True,445280.0,445280.0,0.0
2025-06-04,cape,2025,23200.0,25780.0,2580.0,525.1369028251147,-294.38775510204084,SPOT_INDEX,False,True,464000.0,464000.0,0.0
2025-06-05,cape,2025,25780.0,27149.0,1369.0,839.664088634271,-294.38775510204084,SPOT_INDEX,False,True,515600.0,515600.0,0.0
2025-06-09,cape,2025,27149.0,26963.0,-186.0,766.0944638795403,-294.38775510204084,SPOT_INDEX,False,False,542980.0,542980.0,0.0
2025-06-10,cape,2025,26963.0,26773.0,-190.0,1354.353635795792,-294.38775510204084,SPOT_INDEX,False,False,539260.0,539260.0,0.0
2025-06-11,cape,2025,26773.0,28730.0,1957.0,827.536761350709,-294.38775510204084,SPOT_INDEX,False,True,535460.0,535460.0,0.0
2025-06-12,cape,2025,28730.0,31731.0,3001.0,854.0868483328434,-294.38775510204084,SPOT_INDEX,False,True,574600.0,574600.0,0.0
2025-06-13,cape,2025,31731.0,32915.0,1184.0,974.3204964008178,-294.38775510204084,SPOT_INDEX,False,True,634620.0,634620.0,0.0
2025-06-16,cape,2025,32915.0,32941.0,26.0,690.1454369631243,-294.38775510204084,SPOT_INDEX,False,True,658300.0,658300.0,0.0
2025-06-17,cape,2025,32941.0,30766.0,-2175.0,504.5230722539863,-294.38775510204084,SPOT_INDEX,False,False,658820.0,658820.0,0.0
2025-06-18,cape,2025,30766.0,28272.0,-2494.0,-1547.4162229344768,-294.38775510204084,WAIT,True,True,615320.0,567940.0,47380.0
2025-06-19,cape,2025,28272.0,25450.0,-2822.0,-1271.3109633325923,-294.38775510204084,WAIT,True,True,565440.0,511500.0,53940.0
2025-06-20,cape,2025,25450.0,24034.0,-1416.0,-1247.64513780237,-294.38775510204084,WAIT,True,True,509000.0,483180.0,25820.0
2025-06-23,cape,2025,24034.0,23901.0,-133.0,-864.0753316903846,-294.38775510204084,WAIT,True,True,480680.0,480520.0,160.0
2025-06-24,cape,2025,23901.0,23853.0,-48.0,-162.73807657292812,-294.38775510204084,SPOT_INDEX,False,True,478020.0,478020.0,0.0
2025-06-25,cape,2025,23853.0,21851.0,-2002.0,-51.15905764257418,-294.38775510204084,SPOT_INDEX,False,True,477060.0,477060.0,0.0
2025-06-26,cape,2025,21851.0,19383.0,-2468.0,-1250.7494881195285,-294.38775510204084,WAIT,True,True,437020.0,390160.0,46860.0
2025-06-27,cape,2025,19383.0,18451.0,-932.0,-1257.294362223114,-294.38775510204084,WAIT,True,True,387660.0,371520.0,16140.0
2025-06-30,cape,2025,18451.0,17587.0,-864.0,-528.5481492643818,-294.38775510204084,WAIT,True,True,369020.0,354240.0,14780.0
2025-07-01,cape,2025,17587.0,16778.0,-809.0,-448.0576600488317,-294.38775510204084,WAIT,True,True,351740.0,338060.0,13680.0
2025-07-02,cape,2025,16778.0,16770.0,-8.0,-459.6820421118132,-294.38775510204084,WAIT,True,True,335560.0,337900.0,-2340.0
2025-07-03,cape,2025,16770.0,17194.0,424.0,38.88373529601259,-294.38775510204084,SPOT_INDEX,False,True,335400.0,335400.0,0.0
2025-07-04,cape,2025,17194.0,17048.0,-146.0,518.9530177022631,-294.38775510204084,SPOT_INDEX,False,False,343880.0,343880.0,0.0
2025-07-07,cape,2025,17048.0,16793.0,-255.0,-77.25069621161589,-294.38775510204084,SPOT_INDEX,False,True,340960.0,340960.0,0.0
2025-07-08,cape,2025,16793.0,16199.0,-594.0,-109.32354708530305,-294.38775510204084,SPOT_INDEX,False,True,335860.0,335860.0,0.0
2025-07-09,cape,2025,16199.0,15959.0,-240.0,-415.23484148034913,-294.38775510204084,WAIT,True,True,323980.0,321680.0,2300.0
2025-07-10,cape,2025,15959.0,16726.0,767.0,-145.76992040593328,-294.38775510204084,SPOT_INDEX,False,False,319180.0,319180.0,0.0
2025-07-11,cape,2025,16726.0,19549.0,2823.0,664.7939795344054,-294.38775510204084,SPOT_INDEX,False,True,334520.0,334520.0,0.0
2025-07-14,cape,2025,19549.0,20714.0,1165.0,1138.6439850805984,-294.38775510204084,SPOT_INDEX,False,True,390980.0,390980.0,0.0
2025-07-15,cape,2025,20714.0,21843.0,1129.0,770.0153220450243,-294.38775510204084,SPOT_INDEX,False,True,414280.0,414280.0,0.0
2025-07-16,cape,2025,21843.0,23993.0,2150.0,739.5782994928859,-294.38775510204084,SPOT_INDEX,False,True,436860.0,436860.0,0.0
2025-07-17,cape,2025,23993.0,27041.0,3048.0,854.6696189506515,-294.38775510204084,SPOT_INDEX,False,True,479860.0,479860.0,0.0
2025-07-18,cape,2025,27041.0,27179.0,138.0,961.1200338596941,-294.38775510204084,SPOT_INDEX,False,True,540820.0,540820.0,0.0
2025-07-21,cape,2025,27179.0,26823.0,-356.0,250.01469788126514,-294.38775510204084,SPOT_INDEX,False,False,543580.0,543580.0,0.0
2025-07-22,cape,2025,26823.0,27914.0,1091.0,112.54220779764722,-294.38775510204084,SPOT_INDEX,False,True,536460.0,536460.0,0.0
2025-07-23,cape,2025,27914.0,30660.0,2746.0,622.4263386359974,-294.38775510204084,SPOT_INDEX,False,True,558280.0,558280.0,0.0
2025-07-24,cape,2025,30660.0,31969.0,1309.0,802.262514557313,-294.38775510204084,SPOT_INDEX,False,True,613200.0,613200.0,0.0
2025-07-25,cape,2025,31969.0,32364.0,395.0,808.0785850509737,-294.38775510204084,SPOT_INDEX,False,True,639380.0,639380.0,0.0
2025-07-28,cape,2025,32364.0,31397.0,-967.0,206.88640869934184,-294.38775510204084,SPOT_INDEX,False,False,647280.0,647280.0,0.0
2025-07-29,cape,2025,31397.0,28801.0,-2596.0,-594.3369773981609,-294.38775510204084,WAIT,True,True,627940.0,578520.0,49420.0
2025-07-30,cape,2025,28801.0,28433.0,-368.0,-1459.4256790547245,-294.38775510204084,WAIT,True,True,576020.0,571160.0,4860.0
2025-07-31,cape,2025,28433.0,29325.0,892.0,-463.24736783832714,-294.38775510204084,WAIT,True,False,568660.0,589000.0,-20340.0
2025-08-01,cape,2025,29325.0,29223.0,-102.0,529.9775749402266,-294.38775510204084,SPOT_INDEX,False,False,586500.0,586500.0,0.0
2025-08-04,cape,2025,29223.0,27499.0,-1724.0,-222.16349220348044,-294.38775510204084,SPOT_INDEX,False,True,584460.0,584460.0,0.0
2025-08-05,cape,2025,27499.0,28236.0,737.0,-1185.9209450017538,-294.38775510204084,WAIT,True,False,549980.0,567220.0,-17240.0
2025-08-06,cape,2025,28236.0,28734.0,498.0,628.9988345969189,-294.38775510204084,SPOT_INDEX,False,True,564720.0,564720.0,0.0
2025-08-07,cape,2025,28734.0,29398.0,664.0,535.9346485226523,-294.38775510204084,SPOT_INDEX,False,True,574680.0,574680.0,0.0
2025-08-08,cape,2025,29398.0,30463.0,1065.0,611.1278361019791,-294.38775510204084,SPOT_INDEX,False,True,587960.0,587960.0,0.0
2025-08-11,cape,2025,30463.0,29983.0,-480.0,642.8077717160509,-294.38775510204084,SPOT_INDEX,False,False,609260.0,609260.0,0.0
2025-08-12,cape,2025,29983.0,29906.0,-77.0,-529.7519566534339,-294.38775510204084,WAIT,True,True,599660.0,600620.0,-960.0
2025-08-13,cape,2025,29906.0,30101.0,195.0,-152.8156259228601,-294.38775510204084,SPOT_INDEX,False,False,598120.0,598120.0,0.0
2025-08-14,cape,2025,30101.0,29174.0,-927.0,47.95895269637902,-294.38775510204084,SPOT_INDEX,False,False,602020.0,602020.0,0.0
2025-08-18,cape,2025,29174.0,28165.0,-1009.0,-670.6970254091096,-294.38775510204084,WAIT,True,True,583480.0,565800.0,17680.0
2025-08-19,cape,2025,28165.0,26240.0,-1925.0,-616.8993696332763,-294.38775510204084,WAIT,True,True,563300.0,527300.0,36000.0
2025-08-20,cape,2025,26240.0,25459.0,-781.0,-1166.7306208165971,-294.38775510204084,WAIT,True,True,524800.0,511680.0,13120.0
2025-08-21,cape,2025,25459.0,24559.0,-900.0,-515.8429352512393,-294.38775510204084,WAIT,True,True,509180.0,493680.0,15500.0
2025-08-22,cape,2025,24559.0,26934.0,2375.0,-494.5326306233614,-294.38775510204084,WAIT,True,False,491180.0,541180.0,-50000.0
2025-08-25,cape,2025,26934.0,29038.0,2104.0,822.5065758805107,-294.38775510204084,SPOT_INDEX,False,True,538680.0,538680.0,0.0
2025-08-26,cape,2025,29038.0,28669.0,-369.0,850.6185203076104,-294.38775510204084,SPOT_INDEX,False,False,580760.0,580760.0,0.0
2025-08-27,cape,2025,28669.0,28011.0,-658.0,-223.7647468129925,-294.38775510204084,SPOT_INDEX,False,True,573380.0,573380.0,0.0
2025-08-28,cape,2025,28011.0,27633.0,-378.0,-537.7050457402845,-294.38775510204084,WAIT,True,True,560220.0,555160.0,5060.0
2025-08-29,cape,2025,27633.0,27914.0,281.0,-292.1798496563185,-294.38775510204084,SPOT_INDEX,False,False,552660.0,552660.0,0.0
2025-09-01,cape,2025,27914.0,27673.0,-241.0,142.9694413280648,-294.38775510204084,SPOT_INDEX,False,False,558280.0,558280.0,0.0
2025-09-02,cape,2025,27673.0,26970.0,-703.0,-238.70955452851624,-294.38775510204084,SPOT_INDEX,False,True,553460.0,553460.0,0.0
2025-09-03,cape,2025,26970.0,26818.0,-152.0,-526.8533473546696,-294.38775510204084,WAIT,True,True,539400.0,538860.0,540.0
2025-09-04,cape,2025,26818.0,27030.0,212.0,-151.52258779664862,-294.38775510204084,SPOT_INDEX,False,False,536360.0,536360.0,0.0
2025-09-05,cape,2025,27030.0,27236.0,206.0,76.90991374594361,-294.38775510204084,SPOT_INDEX,False,True,540600.0,540600.0,0.0
2025-09-08,cape,2025,27236.0,27856.0,620.0,76.90991374594361,-294.38775510204084,SPOT_INDEX,False,True,544720.0,544720.0,0.0
2025-09-09,cape,2025,27856.0,28537.0,681.0,616.1573910165547,-294.38775510204084,SPOT_INDEX,False,True,557120.0,557120.0,0.0
2025-09-10,cape,2025,28537.0,28296.0,-241.0,606.9674291048797,-294.38775510204084,SPOT_INDEX,False,False,570740.0,570740.0,0.0
2025-09-11,cape,2025,28296.0,27843.0,-453.0,-191.36755707204594,-294.38775510204084,SPOT_INDEX,False,True,565920.0,565920.0,0.0
2025-09-12,cape,2025,27843.0,28083.0,240.0,-407.491731145703,-294.38775510204084,WAIT,True,False,556860.0,564160.0,-7300.0
2025-09-15,cape,2025,28083.0,29176.0,1093.0,112.86454262616444,-294.38775510204084,SPOT_INDEX,False,True,561660.0,561660.0,0.0
2025-09-16,cape,2025,29176.0,29238.0,62.0,661.2180637744533,-294.38775510204084,SPOT_INDEX,False,True,583520.0,583520.0,0.0
2025-09-17,cape,2025,29238.0,29980.0,742.0,16.058493113489416,-294.38775510204084,SPOT_INDEX,False,True,584760.0,584760.0,0.0
2025-09-18,cape,2025,29980.0,31142.0,1162.0,504.4123650833766,-294.38775510204084,SPOT_INDEX,False,True,599600.0,599600.0,0.0
2025-09-19,cape,2025,31142.0,31019.0,-123.0,661.2180637744533,-294.38775510204084,SPOT_INDEX,False,False,622840.0,622840.0,0.0
2025-09-22,cape,2025,31019.0,31129.0,110.0,-207.62433110679126,-294.38775510204084,SPOT_INDEX,False,False,620380.0,620380.0,0.0
2025-09-23,cape,2025,31129.0,31808.0,679.0,56.93648365086336,-294.38775510204084,SPOT_INDEX,False,True,622580.0,622580.0,0.0
2025-09-24,cape,2025,31808.0,32519.0,711.0,621.6151366125775,-294.38775510204084,SPOT_INDEX,False,True,636160.0,636160.0,0.0
2025-09-25,cape,2025,32519.0,32943.0,424.0,606.9674291048797,-294.38775510204084,SPOT_INDEX,False,True,650380.0,650380.0,0.0
2025-09-26,cape,2025,32943.0,32705.0,-238.0,306.0150290593499,-294.38775510204084,SPOT_INDEX,False,False,658860.0,658860.0,0.0
2025-09-29,cape,2025,32705.0,30939.0,-1766.0,-269.23561762751063,-294.38775510204084,SPOT_INDEX,False,True,654100.0,654100.0,0.0
2025-09-30,cape,2025,30939.0,28007.0,-2932.0,-1407.805548421153,-294.38775510204084,WAIT,True,True,618780.0,562640.0,56140.0
2025-10-01,cape,2025,28007.0,25663.0,-2344.0,-1319.070618371351,-294.38775510204084,WAIT,True,True,560140.0,515760.0,44380.0
2025-10-02,cape,2025,25663.0,25673.0,10.0,-1314.2307291313743,-294.38775510204084,WAIT,True,False,513260.0,515960.0,-2700.0
2025-10-10,cape,2025,25673.0,28397.0,2724.0,25.275675933031444,-294.38775510204084,SPOT_INDEX,False,True,513460.0,513460.0,0.0
2025-10-13,cape,2025,28397.0,30069.0,1672.0,977.799477738488,-294.38775510204084,SPOT_INDEX,False,True,567940.0,567940.0,0.0
2025-10-14,cape,2025,30069.0,28200.0,-1869.0,863.5226277530505,-294.38775510204084,SPOT_INDEX,False,False,601380.0,601380.0,0.0
2025-10-15,cape,2025,28200.0,28426.0,226.0,-1137.3061115758626,-294.38775510204084,WAIT,True,False,564000.0,571020.0,-7020.0
2025-10-16,cape,2025,28426.0,29543.0,1117.0,91.32038679751115,-294.38775510204084,SPOT_INDEX,False,True,568520.0,568520.0,0.0
2025-10-17,cape,2025,29543.0,29834.0,291.0,629.323095979546,-294.38775510204084,SPOT_INDEX,False,True,590860.0,590860.0,0.0
2025-10-20,cape,2025,29834.0,30386.0,552.0,162.29803063991417,-294.38775510204084,SPOT_INDEX,False,True,596680.0,596680.0,0.0
2025-10-21,cape,2025,30386.0,30193.0,-193.0,455.2000697023865,-294.38775510204084,SPOT_INDEX,False,False,607720.0,607720.0,0.0
2025-10-22,cape,2025,30193.0,29522.0,-671.0,-175.47198510953814,-294.38775510204084,SPOT_INDEX,False,True,603860.0,603860.0,0.0
2025-10-23,cape,2025,29522.0,27793.0,-1729.0,-555.0148121513821,-294.38775510204084,WAIT,True,True,590440.0,558360.0,32080.0
2025-10-24,cape,2025,27793.0,26987.0,-806.0,-1107.8749847544902,-294.38775510204084,WAIT,True,True,555860.0,542240.0,13620.0
2025-10-27,cape,2025,26987.0,26409.0,-578.0,-567.4846618398876,-294.38775510204084,WAIT,True,True,539740.0,530680.0,9060.0
2025-10-28,cape,2025,26409.0,26280.0,-129.0,-555.6271125715103,-294.38775510204084,WAIT,True,True,528180.0,528100.0,80.0
2025-10-29,cape,2025,26280.0,26873.0,593.0,-160.8254630681055,-294.38775510204084,SPOT_INDEX,False,False,525600.0,525600.0,0.0
2025-10-30,cape,2025,26873.0,27509.0,636.0,495.3244515809275,-294.38775510204084,SPOT_INDEX,False,True,537460.0,537460.0,0.0
2025-10-31,cape,2025,27509.0,26896.0,-613.0,493.16493959981693,-294.38775510204084,SPOT_INDEX,False,False,550180.0,550180.0,0.0
2025-11-03,cape,2025,26896.0,26451.0,-445.0,-537.7050457402845,-294.38775510204084,WAIT,True,True,537920.0,531520.0,6400.0
2025-11-04,cape,2025,26451.0,27291.0,840.0,-430.8482449287904,-294.38775510204084,WAIT,True,False,529020.0,548320.0,-19300.0
2025-11-05,cape,2025,27291.0,28804.0,1513.0,523.4143889531423,-294.38775510204084,SPOT_INDEX,False,True,545820.0,545820.0,0.0
2025-11-06,cape,2025,28804.0,30145.0,1341.0,837.8717999499863,-294.38775510204084,SPOT_INDEX,False,True,576080.0,576080.0,0.0
2025-11-07,cape,2025,30145.0,30188.0,43.0,806.5526299613389,-294.38775510204084,SPOT_INDEX,False,True,602900.0,602900.0,0.0
2025-11-10,cape,2025,30188.0,29263.0,-925.0,13.8006538852496,-294.38775510204084,SPOT_INDEX,False,False,603760.0,603760.0,0.0
2025-11-11,cape,2025,29263.0,28534.0,-729.0,-551.5710065133082,-294.38775510204084,WAIT,True,True,585260.0,573180.0,12080.0
2025-11-12,cape,2025,28534.0,27473.0,-1061.0,-547.855778222595,-294.38775510204084,WAIT,True,True,570680.0,551960.0,18720.0
2025-11-13,cape,2025,27473.0,28328.0,855.0,-574.3761921033177,-294.38775510204084,WAIT,True,False,549460.0,569060.0,-19600.0
2025-11-14,cape,2025,28328.0,29241.0,913.0,627.4812113699911,-294.38775510204084,SPOT_INDEX,False,True,566560.0,566560.0,0.0
2025-11-17,cape,2025,29241.0,30456.0,1215.0,627.4812113699911,-294.38775510204084,SPOT_INDEX,False,True,584820.0,584820.0,0.0
2025-11-18,cape,2025,30456.0,32076.0,1620.0,693.5405606714963,-294.38775510204084,SPOT_INDEX,False,True,609120.0,609120.0,0.0
2025-11-19,cape,2025,32076.0,32468.0,392.0,837.9602148188599,-294.38775510204084,SPOT_INDEX,False,True,641520.0,641520.0,0.0
2025-11-20,cape,2025,32468.0,31540.0,-928.0,228.13298687025446,-294.38775510204084,SPOT_INDEX,False,False,649360.0,649360.0,0.0
2025-11-21,cape,2025,31540.0,32157.0,617.0,-697.8616985992286,-294.38775510204084,WAIT,True,False,630800.0,645640.0,-14840.0
2025-11-24,cape,2025,32157.0,32722.0,565.0,493.16493959981693,-294.38775510204084,SPOT_INDEX,False,True,643140.0,643140.0,0.0
2025-11-25,cape,2025,32722.0,34409.0,1687.0,567.741688497723,-294.38775510204084,SPOT_INDEX,False,True,654440.0,654440.0,0.0
2025-11-27,cape,2025,34409.0,36226.0,1817.0,843.8259183619306,-294.38775510204084,SPOT_INDEX,False,True,688180.0,688180.0,0.0
2025-11-28,cape,2025,36226.0,38408.0,2182.0,877.6575616248404,-294.38775510204084,SPOT_INDEX,False,True,724520.0,724520.0,0.0
2025-12-01,cape,2025,38408.0,39232.0,824.0,887.5110804609913,-294.38775510204084,SPOT_INDEX,False,True,768160.0,768160.0,0.0
2025-12-02,cape,2025,39232.0,40092.0,860.0,526.0162836933832,-294.38775510204084,SPOT_INDEX,False,True,784640.0,784640.0,0.0
2025-12-03,cape,2025,40092.0,43189.0,3097.0,645.2815446751332,-294.38775510204084,SPOT_INDEX,False,True,801840.0,801840.0,0.0
2025-12-04,cape,2025,43189.0,41976.0,-1213.0,1796.597731575267,-294.38775510204084,SPOT_INDEX,False,False,863780.0,863780.0,0.0
2025-12-05,cape,2025,41976.0,40271.0,-1705.0,-986.9102886135781,-294.38775510204084,WAIT,True,True,839520.0,807920.0,31600.0
2025-12-08,cape,2025,40271.0,39496.0,-775.0,-1834.1175975441529,-294.38775510204084,WAIT,True,True,805420.0,792420.0,13000.0
2025-12-09,cape,2025,39496.0,36297.0,-3199.0,-1155.4182016640275,-294.38775510204084,WAIT,True,True,789920.0,728440.0,61480.0
2025-12-10,cape,2025,36297.0,33539.0,-2758.0,-2512.9605097823555,-294.38775510204084,WAIT,True,True,725940.0,673280.0,52660.0
2025-12-11,cape,2025,33539.0,31693.0,-1846.0,-1835.867668457971,-294.38775510204084,WAIT,True,True,670780.0,636360.0,34420.0
2025-12-12,cape,2025,31693.0,31446.0,-247.0,-1597.3700900818178,-294.38775510204084,WAIT,True,True,633860.0,631420.0,2440.0
2025-12-15,cape,2025,31446.0,32668.0,1222.0,-429.3175312788264,-294.38775510204084,WAIT,True,False,628920.0,655860.0,-26940.0
2025-12-16,cape,2025,32668.0,32999.0,331.0,581.2958529401407,-294.38775510204084,SPOT_INDEX,False,True,653360.0,653360.0,0.0
2025-12-17,cape,2025,32999.0,31567.0,-1432.0,34.1876735977261,-294.38775510204084,SPOT_INDEX,False,False,659980.0,659980.0,0.0
2025-12-18,cape,2025,31567.0,31463.0,-104.0,-1039.6414847979622,-294.38775510204084,WAIT,True,True,631340.0,631760.0,-420.0
2025-12-19,cape,2025,31463.0,31034.0,-429.0,-249.6777576053638,-294.38775510204084,SPOT_INDEX,False,True,629260.0,629260.0,0.0
2025-12-22,cape,2025,31034.0,29954.0,-1080.0,-543.7177797836907,-294.38775510204084,WAIT,True,True,620680.0,601580.0,19100.0
2025-12-23,cape,2025,29954.0,29300.0,-654.0,-733.6297446888365,-294.38775510204084,WAIT,True,True,599080.0,588500.0,10580.0
2025-12-24,cape,2025,29300.0,28405.0,-895.0,-633.3494155963353,-294.38775510204084,WAIT,True,True,586000.0,570600.0,15400.0
