freight_class,horizon,feature_set,target_transformation,alpha,num_features,val_MAE,val_RMSE,val_sMAPE,val_R2,val_DirAcc
kdci,1d,full,level,10.0,441,455.07,634.44,2.75,0.9739,62.0%
kdci,1d,full,level,100.0,441,494.61,646.52,2.99,0.9729,62.0%
kdci,1d,full,level,1000.0,441,551.02,713.05,3.29,0.967,58.7%
kdci,1d,full,level,5000.0,441,833.89,1039.16,5.13,0.93,53.0%
kdci,1d,full,level,10000.0,441,1021.07,1256.09,6.38,0.8977,53.5%
kdci,1d,full,abs_change,10.0,441,419.03,582.73,2.5,0.978,61.2%
kdci,1d,full,abs_change,100.0,441,388.57,530.17,2.32,0.9818,61.8%
kdci,1d,full,abs_change,1000.0,441,321.08,452.78,1.89,0.9867,65.4%
kdci,1d,full,abs_change,5000.0,441,310.09,446.95,1.82,0.9871,68.2%
kdci,1d,full,abs_change,10000.0,441,315.56,456.28,1.84,0.9865,67.7%
kdci,1d,full,pct_change,10.0,441,2258.0,3121.85,13.39,0.3684,54.8%
kdci,1d,full,pct_change,100.0,441,1478.07,2032.56,9.24,0.7323,51.2%
kdci,1d,full,pct_change,1000.0,441,939.68,1192.85,5.65,0.9078,51.7%
kdci,1d,full,pct_change,5000.0,441,596.61,781.82,3.49,0.9604,50.6%
kdci,1d,full,pct_change,10000.0,441,503.27,675.3,2.93,0.9704,50.4%
kdci,1d,compact,level,10.0,218,881.92,1291.72,5.51,0.8919,49.6%
kdci,1d,compact,level,100.0,218,893.85,1184.14,5.33,0.9091,47.8%
kdci,1d,compact,level,1000.0,218,1132.16,1502.4,6.86,0.8537,43.7%
kdci,1d,compact,level,5000.0,218,1580.68,2024.11,9.99,0.7345,46.3%
kdci,1d,compact,level,10000.0,218,1805.8,2296.17,11.46,0.6583,47.8%
kdci,1d,compact,abs_change,10.0,218,454.18,682.71,2.75,0.9698,60.5%
kdci,1d,compact,abs_change,100.0,218,387.02,548.49,2.29,0.9805,58.9%
kdci,1d,compact,abs_change,1000.0,218,344.22,495.83,2.03,0.9841,59.2%
kdci,1d,compact,abs_change,5000.0,218,343.93,492.52,2.02,0.9843,59.2%
kdci,1d,compact,abs_change,10000.0,218,346.74,494.89,2.03,0.9841,58.7%
kdci,1d,compact,pct_change,10.0,218,1428.05,2045.66,9.25,0.7288,57.4%
kdci,1d,compact,pct_change,100.0,218,715.11,961.83,4.36,0.94,56.8%
kdci,1d,compact,pct_change,1000.0,218,453.51,615.25,2.69,0.9755,58.4%
kdci,1d,compact,pct_change,5000.0,218,373.06,516.41,2.18,0.9827,54.5%
kdci,1d,compact,pct_change,10000.0,218,363.41,505.08,2.13,0.9835,51.7%
kdci,1d,top20,level,10.0,20,409.18,595.79,2.39,0.977,51.9%
kdci,1d,top20,level,100.0,20,636.73,893.1,3.69,0.9483,43.4%
kdci,1d,top20,level,1000.0,20,1126.12,1518.93,6.45,0.8505,50.4%
kdci,1d,top20,level,5000.0,20,1419.8,1899.03,8.11,0.7663,50.9%
kdci,1d,top20,level,10000.0,20,1627.26,2118.38,9.43,0.7092,51.2%
kdci,1d,top20,abs_change,10.0,20,325.35,475.54,1.9,0.9853,62.0%
kdci,1d,top20,abs_change,100.0,20,328.34,476.58,1.92,0.9853,62.0%
kdci,1d,top20,abs_change,1000.0,20,338.56,489.31,1.98,0.9845,62.0%
kdci,1d,top20,abs_change,5000.0,20,346.49,496.77,2.03,0.984,60.7%
kdci,1d,top20,abs_change,10000.0,20,347.98,498.23,2.04,0.9839,57.6%
kdci,1d,top20,pct_change,10.0,20,838.53,1274.77,4.81,0.8947,45.0%
kdci,1d,top20,pct_change,100.0,20,461.38,682.04,2.71,0.9699,47.8%
kdci,1d,top20,pct_change,1000.0,20,368.44,509.19,2.23,0.9832,50.4%
kdci,1d,top20,pct_change,5000.0,20,392.19,523.09,2.36,0.9823,45.7%
kdci,1d,top20,pct_change,10000.0,20,397.92,528.79,2.39,0.9819,45.2%
kdci,1d,top50,level,10.0,50,342.25,493.18,2.0,0.9842,56.8%
kdci,1d,top50,level,100.0,50,408.4,592.33,2.38,0.9773,43.9%
kdci,1d,top50,level,1000.0,50,619.65,865.41,3.57,0.9515,42.6%
kdci,1d,top50,level,5000.0,50,1123.01,1502.33,6.42,0.8537,47.5%
kdci,1d,top50,level,10000.0,50,1385.4,1833.75,7.95,0.7821,50.1%
kdci,1d,top50,abs_change,10.0,50,298.47,431.1,1.75,0.988,67.2%
kdci,1d,top50,abs_change,100.0,50,317.79,459.84,1.86,0.9863,65.1%
kdci,1d,top50,abs_change,1000.0,50,335.75,485.64,1.97,0.9847,59.4%
kdci,1d,top50,abs_change,5000.0,50,344.14,494.87,2.02,0.9841,59.2%
kdci,1d,top50,abs_change,10000.0,50,346.49,496.97,2.03,0.984,57.4%
kdci,1d,top50,pct_change,10.0,50,656.22,875.8,3.79,0.9503,51.9%
kdci,1d,top50,pct_change,100.0,50,602.79,786.21,3.53,0.9599,50.4%
kdci,1d,top50,pct_change,1000.0,50,451.08,585.6,2.7,0.9778,49.9%
kdci,1d,top50,pct_change,5000.0,50,409.98,539.51,2.46,0.9811,47.0%
kdci,1d,top50,pct_change,10000.0,50,407.29,536.73,2.44,0.9813,45.2%
kdci,1d,top100,level,10.0,100,345.4,494.69,2.02,0.9841,55.8%
kdci,1d,top100,level,100.0,100,395.16,561.07,2.32,0.9796,52.2%
kdci,1d,top100,level,1000.0,100,553.16,768.31,3.35,0.9617,40.3%
kdci,1d,top100,level,5000.0,100,885.75,1158.83,5.58,0.913,43.9%
kdci,1d,top100,level,10000.0,100,1091.53,1402.22,6.94,0.8726,47.3%
kdci,1d,top100,abs_change,10.0,100,304.98,437.22,1.8,0.9876,66.1%
kdci,1d,top100,abs_change,100.0,100,315.08,450.92,1.85,0.9868,66.7%
kdci,1d,top100,abs_change,1000.0,100,325.05,469.14,1.91,0.9857,63.6%
kdci,1d,top100,abs_change,5000.0,100,336.16,485.12,1.97,0.9847,63.6%
kdci,1d,top100,abs_change,10000.0,100,340.47,490.25,2.0,0.9844,63.0%
kdci,1d,top100,pct_change,10.0,100,1033.59,1358.32,6.33,0.8804,61.5%
kdci,1d,top100,pct_change,100.0,100,526.38,696.67,3.16,0.9685,60.5%
kdci,1d,top100,pct_change,1000.0,100,363.39,512.5,2.14,0.983,57.6%
kdci,1d,top100,pct_change,5000.0,100,340.27,487.87,1.99,0.9846,60.7%
kdci,1d,top100,pct_change,10000.0,100,348.1,493.25,2.04,0.9842,54.3%
kdci,7d,full,level,10.0,441,2908.7,3489.16,18.51,0.2505,54.0%
kdci,7d,full,level,100.0,441,2362.41,2984.89,14.63,0.4515,55.6%
kdci,7d,full,level,1000.0,441,1718.46,2309.3,10.28,0.6717,57.4%
kdci,7d,full,level,5000.0,441,1579.9,2161.7,9.65,0.7123,54.0%
kdci,7d,full,level,10000.0,441,1624.07,2199.5,10.08,0.7022,52.5%
kdci,7d,full,abs_change,10.0,441,2868.32,3449.28,18.17,0.2676,54.5%
kdci,7d,full,abs_change,100.0,441,2263.8,2874.15,13.96,0.4915,54.0%
kdci,7d,full,abs_change,1000.0,441,1602.71,2136.88,9.57,0.7189,57.9%
kdci,7d,full,abs_change,5000.0,441,1392.48,1963.26,8.26,0.7627,63.0%
kdci,7d,full,abs_change,10000.0,441,1390.07,1981.68,8.22,0.7582,65.6%
kdci,7d,full,pct_change,10.0,441,4110.1,5458.2,26.75,-0.834,56.6%
kdci,7d,full,pct_change,100.0,441,3478.97,4563.8,22.53,-0.2822,52.5%
kdci,7d,full,pct_change,1000.0,441,2367.34,3151.69,14.43,0.3885,49.6%
kdci,7d,full,pct_change,5000.0,441,1593.25,2280.59,9.38,0.6798,54.8%
kdci,7d,full,pct_change,10000.0,441,1489.09,2167.83,8.77,0.7107,59.4%
kdci,7d,compact,level,10.0,218,2332.61,2864.09,14.48,0.495,54.3%
kdci,7d,compact,level,100.0,218,2227.11,2812.34,13.56,0.5131,56.3%
kdci,7d,compact,level,1000.0,218,1913.11,2485.02,11.62,0.6198,51.9%
kdci,7d,compact,level,5000.0,218,2092.94,2629.52,13.19,0.5743,51.7%
kdci,7d,compact,level,10000.0,218,2223.09,2791.75,14.12,0.5202,53.7%
kdci,7d,compact,abs_change,10.0,218,2137.66,2635.22,13.07,0.5725,55.6%
kdci,7d,compact,abs_change,100.0,218,1928.62,2454.17,11.64,0.6292,57.4%
kdci,7d,compact,abs_change,1000.0,218,1518.8,2042.75,9.01,0.7431,58.1%
kdci,7d,compact,abs_change,5000.0,218,1462.98,2030.08,8.66,0.7463,58.9%
kdci,7d,compact,abs_change,10000.0,218,1486.98,2074.25,8.78,0.7351,57.9%
kdci,7d,compact,pct_change,10.0,218,3535.51,4723.09,23.74,-0.3733,56.6%
kdci,7d,compact,pct_change,100.0,218,2826.13,3639.82,17.56,0.1844,55.0%
kdci,7d,compact,pct_change,1000.0,218,1828.7,2454.04,10.92,0.6293,55.6%
kdci,7d,compact,pct_change,5000.0,218,1512.36,2074.29,8.94,0.7351,62.3%
kdci,7d,compact,pct_change,10000.0,218,1514.26,2094.74,8.94,0.7299,60.2%
kdci,7d,top20,level,10.0,20,1424.9,2085.45,8.36,0.7323,61.0%
kdci,7d,top20,level,100.0,20,1537.84,2154.52,9.09,0.7142,57.4%
kdci,7d,top20,level,1000.0,20,1757.8,2376.84,10.38,0.6522,55.0%
kdci,7d,top20,level,5000.0,20,1918.89,2542.27,11.38,0.6021,51.7%
kdci,7d,top20,level,10000.0,20,2053.93,2671.55,12.3,0.5606,53.2%
kdci,7d,top20,abs_change,10.0,20,1398.59,2053.1,8.23,0.7405,61.0%
kdci,7d,top20,abs_change,100.0,20,1402.59,1999.57,8.33,0.7539,57.6%
kdci,7d,top20,abs_change,1000.0,20,1485.86,2079.2,8.87,0.7339,51.9%
kdci,7d,top20,abs_change,5000.0,20,1527.21,2133.3,9.08,0.7198,52.7%
kdci,7d,top20,abs_change,10000.0,20,1535.89,2144.82,9.12,0.7168,54.0%
kdci,7d,top20,pct_change,10.0,20,1981.18,2787.91,11.7,0.5215,51.9%
kdci,7d,top20,pct_change,100.0,20,1642.18,2274.43,9.91,0.6815,47.8%
kdci,7d,top20,pct_change,1000.0,20,1477.94,2072.72,8.96,0.7355,58.1%
kdci,7d,top20,pct_change,5000.0,20,1553.42,2160.75,9.27,0.7126,55.6%
kdci,7d,top20,pct_change,10000.0,20,1576.25,2189.07,9.36,0.705,50.1%
kdci,7d,top50,level,10.0,50,1370.17,2032.6,8.13,0.7457,65.4%
kdci,7d,top50,level,100.0,50,1420.22,2052.59,8.42,0.7406,62.3%
kdci,7d,top50,level,1000.0,50,1614.59,2240.54,9.59,0.691,54.5%
kdci,7d,top50,level,5000.0,50,1923.69,2572.47,11.49,0.5926,52.5%
kdci,7d,top50,level,10000.0,50,2063.85,2726.05,12.36,0.5425,51.9%
kdci,7d,top50,abs_change,10.0,50,1367.01,2024.74,8.11,0.7476,63.6%
kdci,7d,top50,abs_change,100.0,50,1371.65,2007.8,8.14,0.7518,62.0%
kdci,7d,top50,abs_change,1000.0,50,1451.13,2054.41,8.67,0.7402,58.1%
kdci,7d,top50,abs_change,5000.0,50,1509.9,2113.8,8.99,0.7249,51.4%
kdci,7d,top50,abs_change,10000.0,50,1524.16,2130.89,9.06,0.7205,52.5%
kdci,7d,top50,pct_change,10.0,50,1741.06,2402.23,10.62,0.6447,53.7%
kdci,7d,top50,pct_change,100.0,50,1551.27,2237.6,9.47,0.6918,49.9%
kdci,7d,top50,pct_change,1000.0,50,1489.83,2121.16,9.06,0.723,51.7%
kdci,7d,top50,pct_change,5000.0,50,1537.24,2145.9,9.2,0.7165,57.9%
kdci,7d,top50,pct_change,10000.0,50,1562.58,2172.7,9.3,0.7094,54.0%
kdci,7d,top100,level,10.0,100,1650.57,2336.72,9.93,0.6639,55.6%
kdci,7d,top100,level,100.0,100,1489.52,2092.23,8.92,0.7305,58.4%
kdci,7d,top100,level,1000.0,100,1490.62,2049.57,9.09,0.7414,56.6%
kdci,7d,top100,level,5000.0,100,1705.77,2258.17,10.65,0.6861,52.5%
kdci,7d,top100,level,10000.0,100,1818.21,2376.88,11.46,0.6522,52.2%
kdci,7d,top100,abs_change,10.0,100,1625.34,2303.74,9.78,0.6733,57.4%
kdci,7d,top100,abs_change,100.0,100,1446.2,2040.86,8.64,0.7436,61.8%
kdci,7d,top100,abs_change,1000.0,100,1361.96,1923.92,8.19,0.7721,62.0%
kdci,7d,top100,abs_change,5000.0,100,1422.86,2003.84,8.53,0.7528,64.1%
kdci,7d,top100,abs_change,10000.0,100,1456.01,2046.38,8.7,0.7422,64.1%
kdci,7d,top100,pct_change,10.0,100,2219.11,2888.47,13.61,0.4864,58.9%
kdci,7d,top100,pct_change,100.0,100,1669.99,2332.61,9.92,0.665,63.3%
kdci,7d,top100,pct_change,1000.0,100,1435.39,2025.44,8.58,0.7474,58.4%
kdci,7d,top100,pct_change,5000.0,100,1433.75,2025.63,8.56,0.7474,62.0%
kdci,7d,top100,pct_change,10000.0,100,1467.01,2064.07,8.74,0.7377,63.8%
kdci,14d,full,level,10.0,441,4227.29,5271.09,27.73,-0.6365,59.4%
kdci,14d,full,level,100.0,441,3995.42,4769.71,26.01,-0.34,55.8%
kdci,14d,full,level,1000.0,441,2607.75,3465.2,15.71,0.2928,57.1%
kdci,14d,full,level,5000.0,441,2194.66,2997.01,13.43,0.471,56.8%
kdci,14d,full,level,10000.0,441,2209.71,2977.85,13.69,0.4777,56.1%
kdci,14d,full,abs_change,10.0,441,4189.4,5233.1,27.34,-0.613,59.4%
kdci,14d,full,abs_change,100.0,441,3890.55,4652.86,25.16,-0.2751,54.8%
kdci,14d,full,abs_change,1000.0,441,2465.19,3268.2,14.87,0.3709,58.9%
kdci,14d,full,abs_change,5000.0,441,2094.35,2848.54,12.5,0.5221,59.4%
kdci,14d,full,abs_change,10000.0,441,2137.24,2897.45,12.72,0.5055,61.2%
kdci,14d,full,pct_change,10.0,441,4988.05,6571.72,33.88,-1.5437,59.2%
kdci,14d,full,pct_change,100.0,441,4576.29,5747.41,30.15,-0.9456,54.3%
kdci,14d,full,pct_change,1000.0,441,3062.71,4110.63,18.92,0.0048,54.5%
kdci,14d,full,pct_change,5000.0,441,2210.92,3116.53,13.26,0.4279,61.2%
kdci,14d,full,pct_change,10000.0,441,2248.1,3071.25,13.45,0.4444,61.0%
kdci,14d,compact,level,10.0,218,3956.97,4818.02,25.5,-0.3673,56.3%
kdci,14d,compact,level,100.0,218,3683.91,4487.03,23.2,-0.1859,56.3%
kdci,14d,compact,level,1000.0,218,2482.14,3238.12,14.99,0.3824,59.7%
kdci,14d,compact,level,5000.0,218,2412.18,3021.38,15.26,0.4623,58.9%
kdci,14d,compact,level,10000.0,218,2508.57,3138.56,16.0,0.4198,58.4%
kdci,14d,compact,abs_change,10.0,218,3794.87,4662.57,24.07,-0.2805,55.8%
kdci,14d,compact,abs_change,100.0,218,3391.97,4150.65,21.13,-0.0147,55.8%
kdci,14d,compact,abs_change,1000.0,218,2344.31,3066.97,13.96,0.446,60.2%
kdci,14d,compact,abs_change,5000.0,218,2248.7,2958.0,13.27,0.4846,61.8%
kdci,14d,compact,abs_change,10000.0,218,2306.66,3056.39,13.56,0.4498,62.3%
kdci,14d,compact,pct_change,10.0,218,5169.7,6508.04,36.74,-1.4947,58.9%
kdci,14d,compact,pct_change,100.0,218,4294.1,5365.44,27.85,-0.6956,56.3%
kdci,14d,compact,pct_change,1000.0,218,2702.88,3535.84,16.31,0.2636,57.4%
kdci,14d,compact,pct_change,5000.0,218,2313.99,3062.24,13.77,0.4477,59.2%
kdci,14d,compact,pct_change,10000.0,218,2374.74,3151.42,14.03,0.415,59.9%
kdci,14d,top20,level,10.0,20,2192.89,3163.49,13.02,0.4106,64.9%
kdci,14d,top20,level,100.0,20,2174.89,3012.77,12.95,0.4654,59.4%
kdci,14d,top20,level,1000.0,20,2246.82,3061.53,13.47,0.4479,58.7%
kdci,14d,top20,level,5000.0,20,2315.76,3101.88,14.0,0.4333,53.0%
kdci,14d,top20,level,10000.0,20,2417.65,3162.04,14.77,0.4111,51.7%
kdci,14d,top20,abs_change,10.0,20,2170.76,3122.02,12.9,0.4259,65.6%
kdci,14d,top20,abs_change,100.0,20,2127.37,2887.37,12.71,0.509,61.2%
kdci,14d,top20,abs_change,1000.0,20,2324.76,3083.32,13.9,0.44,50.6%
kdci,14d,top20,abs_change,5000.0,20,2435.82,3225.82,14.48,0.3871,57.1%
kdci,14d,top20,abs_change,10000.0,20,2454.79,3254.82,14.56,0.376,56.3%
kdci,14d,top20,pct_change,10.0,20,2709.96,3831.13,16.64,0.1355,57.6%
kdci,14d,top20,pct_change,100.0,20,2262.87,3112.66,13.82,0.4293,53.5%
kdci,14d,top20,pct_change,1000.0,20,2322.14,3065.24,14.05,0.4466,63.6%
kdci,14d,top20,pct_change,5000.0,20,2488.37,3290.33,14.79,0.3623,52.7%
kdci,14d,top20,pct_change,10000.0,20,2522.13,3346.63,14.92,0.3403,48.6%
kdci,14d,top50,level,10.0,50,1991.62,2870.53,11.93,0.5147,68.5%
kdci,14d,top50,level,100.0,50,2038.85,2780.44,12.33,0.5447,63.0%
kdci,14d,top50,level,1000.0,50,2202.82,2920.04,13.39,0.4978,56.3%
kdci,14d,top50,level,5000.0,50,2365.92,3130.17,14.44,0.4229,55.6%
kdci,14d,top50,level,10000.0,50,2454.36,3218.84,15.03,0.3897,56.1%
kdci,14d,top50,abs_change,10.0,50,1981.52,2826.75,11.88,0.5294,66.9%
kdci,14d,top50,abs_change,100.0,50,2050.8,2719.88,12.47,0.5643,64.1%
kdci,14d,top50,abs_change,1000.0,50,2291.15,2973.41,13.87,0.4793,62.5%
kdci,14d,top50,abs_change,5000.0,50,2414.79,3176.18,14.4,0.4058,61.2%
kdci,14d,top50,abs_change,10000.0,50,2441.67,3224.56,14.51,0.3876,58.4%
kdci,14d,top50,pct_change,10.0,50,2669.71,3611.2,16.44,0.2319,56.1%
kdci,14d,top50,pct_change,100.0,50,2168.57,2983.96,13.36,0.4756,54.3%
kdci,14d,top50,pct_change,1000.0,50,2300.53,3018.7,14.06,0.4633,65.6%
kdci,14d,top50,pct_change,5000.0,50,2463.4,3240.57,14.71,0.3815,56.3%
kdci,14d,top50,pct_change,10000.0,50,2506.36,3313.07,14.86,0.3535,51.7%
kdci,14d,top100,level,10.0,100,2593.78,3501.61,15.91,0.2778,55.8%
kdci,14d,top100,level,100.0,100,2214.95,3046.97,13.34,0.4532,62.5%
kdci,14d,top100,level,1000.0,100,2158.73,2798.44,13.21,0.5387,58.9%
kdci,14d,top100,level,5000.0,100,2284.02,2939.67,14.27,0.491,60.5%
kdci,14d,top100,level,10000.0,100,2353.19,3030.96,14.83,0.4589,58.4%
kdci,14d,top100,abs_change,10.0,100,2564.08,3457.5,15.74,0.2959,57.9%
kdci,14d,top100,abs_change,100.0,100,2156.71,2963.98,12.97,0.4826,63.6%
kdci,14d,top100,abs_change,1000.0,100,2087.37,2716.22,12.62,0.5654,62.3%
kdci,14d,top100,abs_change,5000.0,100,2215.52,2889.94,13.37,0.5081,61.5%
kdci,14d,top100,abs_change,10000.0,100,2287.21,2994.51,13.75,0.4718,62.0%
kdci,14d,top100,pct_change,10.0,100,3097.7,4055.06,19.94,0.0315,63.8%
kdci,14d,top100,pct_change,100.0,100,2265.39,3106.14,13.79,0.4317,69.5%
kdci,14d,top100,pct_change,1000.0,100,2100.63,2784.6,12.71,0.5433,64.1%
kdci,14d,top100,pct_change,5000.0,100,2214.38,2907.7,13.35,0.502,65.1%
kdci,14d,top100,pct_change,10000.0,100,2294.72,3020.55,13.77,0.4626,63.0%
kdci,30d,full,level,10.0,441,4386.27,5818.31,31.14,-1.0173,67.2%
kdci,30d,full,level,100.0,441,4529.0,5700.26,31.12,-0.9363,62.0%
kdci,30d,full,level,1000.0,441,3724.16,4835.72,24.67,-0.3935,59.4%
kdci,30d,full,level,5000.0,441,2878.56,3879.3,18.53,0.1032,59.4%
kdci,30d,full,level,10000.0,441,2698.13,3669.68,17.2,0.1975,62.3%
kdci,30d,full,abs_change,10.0,441,4353.52,5768.75,30.81,-0.9831,67.2%
kdci,30d,full,abs_change,100.0,441,4434.94,5584.8,30.37,-0.8586,60.5%
kdci,30d,full,abs_change,1000.0,441,3548.36,4636.11,23.39,-0.2808,59.9%
kdci,30d,full,abs_change,5000.0,441,2762.13,3701.86,17.59,0.1834,58.9%
kdci,30d,full,abs_change,10000.0,441,2723.35,3618.23,17.1,0.2199,62.3%
kdci,30d,full,pct_change,10.0,441,5723.9,7271.57,39.22,-2.1509,59.7%
kdci,30d,full,pct_change,100.0,441,6010.41,7367.32,44.29,-2.2344,56.6%
kdci,30d,full,pct_change,1000.0,441,4628.55,5802.05,31.72,-1.0061,56.6%
kdci,30d,full,pct_change,5000.0,441,2832.91,3891.73,18.08,0.0975,65.1%
kdci,30d,full,pct_change,10000.0,441,2789.23,3669.51,17.56,0.1976,65.6%
kdci,30d,compact,level,10.0,218,5728.31,7560.78,43.78,-2.4065,64.3%
kdci,30d,compact,level,100.0,218,5116.16,6337.3,36.83,-1.3932,63.3%
kdci,30d,compact,level,1000.0,218,3362.9,4254.71,22.01,-0.0787,69.5%
kdci,30d,compact,level,5000.0,218,2633.36,3372.95,16.85,0.322,68.5%
kdci,30d,compact,level,10000.0,218,2596.32,3370.03,16.61,0.3232,69.3%
kdci,30d,compact,abs_change,10.0,218,5470.76,7307.68,41.56,-2.1823,63.0%
kdci,30d,compact,abs_change,100.0,218,4769.64,6071.54,34.41,-1.1967,62.8%
kdci,30d,compact,abs_change,1000.0,218,3387.65,4428.57,22.58,-0.1687,63.0%
kdci,30d,compact,abs_change,5000.0,218,2946.57,3744.41,18.3,0.1645,68.7%
kdci,30d,compact,abs_change,10000.0,218,2902.05,3756.05,17.76,0.1593,69.0%
kdci,30d,compact,pct_change,10.0,218,8067.32,10138.48,64.76,-5.1253,62.5%
kdci,30d,compact,pct_change,100.0,218,6941.86,8479.43,53.33,-3.2846,61.8%
kdci,30d,compact,pct_change,1000.0,218,4161.43,5395.29,28.85,-0.7346,62.3%
kdci,30d,compact,pct_change,5000.0,218,3029.34,3897.78,18.93,0.0947,62.8%
kdci,30d,compact,pct_change,10000.0,218,3007.63,3885.17,18.36,0.1005,64.3%
kdci,30d,top20,level,10.0,20,2260.66,3012.39,14.15,0.4592,76.2%
kdci,30d,top20,level,100.0,20,2385.27,3022.13,15.0,0.4557,72.6%
kdci,30d,top20,level,1000.0,20,2475.69,3181.85,15.57,0.3967,71.8%
kdci,30d,top20,level,5000.0,20,2613.82,3373.3,16.42,0.3219,68.5%
kdci,30d,top20,level,10000.0,20,2709.78,3455.1,17.02,0.2886,66.9%
kdci,30d,top20,abs_change,10.0,20,2842.26,3465.78,17.4,0.2842,67.2%
kdci,30d,top20,abs_change,100.0,20,3195.39,3944.75,19.36,0.0727,49.1%
kdci,30d,top20,abs_change,1000.0,20,3193.53,4036.89,19.24,0.0289,45.5%
kdci,30d,top20,abs_change,5000.0,20,3201.38,4109.2,19.37,-0.0062,49.4%
kdci,30d,top20,abs_change,10000.0,20,3220.29,4141.88,19.54,-0.0223,50.9%
kdci,30d,top20,pct_change,10.0,20,3665.55,4571.64,21.83,-0.2454,52.2%
kdci,30d,top20,pct_change,100.0,20,3629.49,4479.07,21.67,-0.1955,53.7%
kdci,30d,top20,pct_change,1000.0,20,3590.76,4467.61,21.26,-0.1894,48.1%
kdci,30d,top20,pct_change,5000.0,20,3553.24,4478.49,21.01,-0.1952,46.8%
kdci,30d,top20,pct_change,10000.0,20,3556.16,4492.56,21.02,-0.2027,46.8%
kdci,30d,top50,level,10.0,50,2499.38,3301.62,15.76,0.3504,74.7%
kdci,30d,top50,level,100.0,50,2431.62,3109.37,15.21,0.4239,71.6%
kdci,30d,top50,level,1000.0,50,2458.93,3077.38,15.47,0.4357,71.8%
kdci,30d,top50,level,5000.0,50,2541.95,3199.92,16.04,0.3898,71.6%
kdci,30d,top50,level,10000.0,50,2615.86,3292.28,16.49,0.3541,69.3%
kdci,30d,top50,abs_change,10.0,50,2507.79,3302.54,15.79,0.3501,73.1%
kdci,30d,top50,abs_change,100.0,50,2535.39,3210.27,15.73,0.3859,70.3%
kdci,30d,top50,abs_change,1000.0,50,2842.37,3550.22,17.44,0.2489,66.9%
kdci,30d,top50,abs_change,5000.0,50,3047.36,3870.81,18.47,0.1071,61.0%
kdci,30d,top50,abs_change,10000.0,50,3104.66,3974.03,18.8,0.0589,59.4%
kdci,30d,top50,pct_change,10.0,50,3032.4,3893.41,19.88,0.0967,64.1%
kdci,30d,top50,pct_change,100.0,50,2637.36,3387.64,16.75,0.3161,63.0%
kdci,30d,top50,pct_change,1000.0,50,3058.11,3750.14,18.82,0.1619,59.2%
kdci,30d,top50,pct_change,5000.0,50,3356.8,4192.83,20.1,-0.0476,49.1%
kdci,30d,top50,pct_change,10000.0,50,3432.69,4311.49,20.43,-0.1077,46.8%
kdci,30d,top100,level,10.0,100,3727.49,4743.15,23.55,-0.3406,61.2%
kdci,30d,top100,level,100.0,100,3011.78,3940.62,18.74,0.0746,65.1%
kdci,30d,top100,level,1000.0,100,2562.19,3267.57,15.95,0.3637,70.0%
kdci,30d,top100,level,5000.0,100,2547.79,3211.33,16.07,0.3855,70.5%
kdci,30d,top100,level,10000.0,100,2622.0,3308.99,16.61,0.3475,68.2%
kdci,30d,top100,abs_change,10.0,100,3686.74,4715.77,23.25,-0.3252,61.8%
kdci,30d,top100,abs_change,100.0,100,2937.17,3884.19,18.23,0.101,65.4%
kdci,30d,top100,abs_change,1000.0,100,2635.09,3374.69,16.3,0.3213,70.0%
kdci,30d,top100,abs_change,5000.0,100,2741.81,3494.66,16.92,0.2722,69.0%
kdci,30d,top100,abs_change,10000.0,100,2849.0,3644.85,17.55,0.2083,68.2%
kdci,30d,top100,pct_change,10.0,100,5092.79,6254.52,34.52,-1.3311,54.3%
kdci,30d,top100,pct_change,100.0,100,3686.67,4532.84,23.4,-0.2244,62.0%
kdci,30d,top100,pct_change,1000.0,100,2815.57,3563.95,17.54,0.2431,69.5%
kdci,30d,top100,pct_change,5000.0,100,2808.06,3536.77,17.41,0.2546,65.6%
kdci,30d,top100,pct_change,10000.0,100,2931.37,3709.68,18.04,0.1799,66.7%
cape,1d,full,level,10.0,441,1129.93,1521.72,4.91,0.9595,63.0%
cape,1d,full,level,100.0,441,1143.8,1545.38,4.77,0.9583,62.3%
cape,1d,full,level,1000.0,441,1786.25,2314.25,7.2,0.9064,58.9%
cape,1d,full,level,5000.0,441,3497.14,4340.42,14.59,0.6709,57.4%
cape,1d,full,level,10000.0,441,4340.41,5386.34,18.41,0.4932,56.6%
cape,1d,full,abs_change,10.0,441,1102.41,1487.88,4.81,0.9613,62.8%
cape,1d,full,abs_change,100.0,441,1001.99,1374.14,4.29,0.967,63.3%
cape,1d,full,abs_change,1000.0,441,906.39,1269.01,3.82,0.9719,64.9%
cape,1d,full,abs_change,5000.0,441,911.02,1290.8,3.81,0.9709,65.1%
cape,1d,full,abs_change,10000.0,441,928.17,1318.22,3.87,0.9696,64.3%
cape,1d,full,pct_change,10.0,441,1141.83,1585.88,4.75,0.9561,61.8%
cape,1d,full,pct_change,100.0,441,1024.01,1436.58,4.27,0.9639,64.3%
cape,1d,full,pct_change,1000.0,441,899.69,1255.33,3.77,0.9725,65.6%
cape,1d,full,pct_change,5000.0,441,898.9,1254.79,3.77,0.9725,64.3%
cape,1d,full,pct_change,10000.0,441,922.15,1287.48,3.86,0.971,64.1%
cape,1d,compact,level,10.0,218,2274.73,3055.61,10.02,0.8369,49.1%
cape,1d,compact,level,100.0,218,2476.75,3327.65,10.53,0.8066,50.1%
cape,1d,compact,level,1000.0,218,3339.4,4614.6,13.76,0.628,54.5%
cape,1d,compact,level,5000.0,218,4804.71,6410.03,20.31,0.2822,54.0%
cape,1d,compact,level,10000.0,218,5399.74,7100.33,23.24,0.1193,54.5%
cape,1d,compact,abs_change,10.0,218,1239.21,1674.33,5.29,0.951,55.8%
cape,1d,compact,abs_change,100.0,218,1124.08,1547.01,4.74,0.9582,54.8%
cape,1d,compact,abs_change,1000.0,218,1006.48,1422.41,4.21,0.9647,56.6%
cape,1d,compact,abs_change,5000.0,218,991.14,1398.7,4.15,0.9658,57.1%
cape,1d,compact,abs_change,10000.0,218,995.92,1402.42,4.16,0.9656,57.9%
cape,1d,compact,pct_change,10.0,218,1436.39,2032.4,5.98,0.9278,55.8%
cape,1d,compact,pct_change,100.0,218,1256.03,1721.66,5.15,0.9482,55.3%
cape,1d,compact,pct_change,1000.0,218,1025.81,1442.59,4.29,0.9636,55.6%
cape,1d,compact,pct_change,5000.0,218,993.04,1392.97,4.17,0.9661,54.8%
cape,1d,compact,pct_change,10000.0,218,1001.44,1399.5,4.2,0.9658,54.0%
cape,1d,top20,level,10.0,20,889.14,1277.81,3.72,0.9715,65.4%
cape,1d,top20,level,100.0,20,1045.16,1496.78,4.38,0.9609,52.7%
cape,1d,top20,level,1000.0,20,1621.76,2231.52,6.75,0.913,49.1%
cape,1d,top20,level,5000.0,20,2588.5,3477.95,10.57,0.7887,51.7%
cape,1d,top20,level,10000.0,20,3214.14,4267.43,13.13,0.6819,53.2%
cape,1d,top20,abs_change,10.0,20,875.58,1253.21,3.66,0.9726,66.1%
cape,1d,top20,abs_change,100.0,20,921.79,1323.67,3.85,0.9694,64.9%
cape,1d,top20,abs_change,1000.0,20,967.22,1377.06,4.04,0.9669,58.9%
cape,1d,top20,abs_change,5000.0,20,988.17,1399.25,4.14,0.9658,54.0%
cape,1d,top20,abs_change,10000.0,20,993.86,1404.67,4.16,0.9655,53.5%
cape,1d,top20,pct_change,10.0,20,882.85,1239.56,3.7,0.9732,66.7%
cape,1d,top20,pct_change,100.0,20,917.44,1309.56,3.85,0.97,63.8%
cape,1d,top20,pct_change,1000.0,20,964.09,1366.01,4.04,0.9674,57.6%
cape,1d,top20,pct_change,5000.0,20,985.84,1392.38,4.13,0.9661,57.6%
cape,1d,top20,pct_change,10000.0,20,993.09,1399.7,4.16,0.9658,58.4%
cape,1d,top50,level,10.0,50,901.17,1300.43,3.77,0.9705,66.1%
cape,1d,top50,level,100.0,50,1051.59,1504.43,4.39,0.9605,51.2%
cape,1d,top50,level,1000.0,50,1598.11,2198.41,6.64,0.9156,49.1%
cape,1d,top50,level,5000.0,50,2738.8,3667.79,11.15,0.765,52.7%
cape,1d,top50,level,10000.0,50,3464.77,4594.99,14.12,0.6311,54.3%
cape,1d,top50,abs_change,10.0,50,882.59,1267.41,3.69,0.9719,66.7%
cape,1d,top50,abs_change,100.0,50,924.07,1330.11,3.86,0.9691,63.6%
cape,1d,top50,abs_change,1000.0,50,963.26,1371.07,4.03,0.9672,58.4%
cape,1d,top50,abs_change,5000.0,50,983.17,1394.13,4.11,0.966,54.8%
cape,1d,top50,abs_change,10000.0,50,990.57,1401.18,4.14,0.9657,53.7%
cape,1d,top50,pct_change,10.0,50,886.29,1245.56,3.72,0.9729,65.1%
cape,1d,top50,pct_change,100.0,50,918.96,1317.03,3.85,0.9697,62.8%
cape,1d,top50,pct_change,1000.0,50,959.84,1360.73,4.03,0.9677,56.6%
cape,1d,top50,pct_change,5000.0,50,979.52,1385.69,4.11,0.9665,57.9%
cape,1d,top50,pct_change,10000.0,50,988.17,1394.76,4.14,0.966,57.1%
cape,1d,top100,level,10.0,100,997.69,1385.92,4.26,0.9664,59.4%
cape,1d,top100,level,100.0,100,1190.96,1628.0,5.1,0.9537,53.2%
cape,1d,top100,level,1000.0,100,1920.68,2489.36,8.15,0.8917,52.2%
cape,1d,top100,level,5000.0,100,3150.02,3994.22,13.13,0.7213,53.2%
cape,1d,top100,level,10000.0,100,3708.13,4767.44,15.26,0.6029,54.5%
cape,1d,top100,abs_change,10.0,100,929.46,1315.62,3.92,0.9698,61.8%
cape,1d,top100,abs_change,100.0,100,941.33,1345.26,3.94,0.9684,59.4%
cape,1d,top100,abs_change,1000.0,100,960.09,1366.09,4.02,0.9674,59.4%
cape,1d,top100,abs_change,5000.0,100,981.3,1388.94,4.11,0.9663,55.8%
cape,1d,top100,abs_change,10000.0,100,989.31,1397.38,4.14,0.9659,54.5%
cape,1d,top100,pct_change,10.0,100,968.8,1365.02,3.99,0.9674,60.2%
cape,1d,top100,pct_change,100.0,100,945.84,1355.8,3.92,0.9679,59.7%
cape,1d,top100,pct_change,1000.0,100,960.55,1361.16,4.02,0.9676,57.6%
cape,1d,top100,pct_change,5000.0,100,977.74,1381.75,4.11,0.9666,56.3%
cape,1d,top100,pct_change,10000.0,100,987.13,1391.8,4.14,0.9662,59.7%
cape,7d,full,level,10.0,441,6920.74,8378.75,34.64,-0.1814,55.6%
cape,7d,full,level,100.0,441,5680.72,7190.43,26.54,0.13,57.4%
cape,7d,full,level,1000.0,441,4562.98,6092.47,19.81,0.3754,56.8%
cape,7d,full,level,5000.0,441,4777.41,6490.93,20.53,0.291,54.8%
cape,7d,full,level,10000.0,441,5148.89,6939.47,22.22,0.1896,56.3%
cape,7d,full,abs_change,10.0,441,6906.13,8378.74,34.53,-0.1814,55.3%
cape,7d,full,abs_change,100.0,441,5590.32,7101.79,26.18,0.1513,56.6%
cape,7d,full,abs_change,1000.0,441,4116.62,5477.48,18.04,0.4951,55.6%
cape,7d,full,abs_change,5000.0,441,3729.77,5114.45,16.05,0.5598,57.4%
cape,7d,full,abs_change,10000.0,441,3745.95,5157.85,16.01,0.5523,61.2%
cape,7d,full,pct_change,10.0,441,6163.16,8345.02,27.07,-0.1719,59.7%
cape,7d,full,pct_change,100.0,441,5689.13,7413.8,25.47,0.0751,56.1%
cape,7d,full,pct_change,1000.0,441,4072.8,5345.4,17.62,0.5192,57.6%
cape,7d,full,pct_change,5000.0,441,3676.0,4909.86,15.77,0.5943,63.3%
cape,7d,full,pct_change,10000.0,441,3747.42,5054.44,15.93,0.5701,63.3%
cape,7d,compact,level,10.0,218,5770.21,7268.97,26.07,0.1109,55.0%
cape,7d,compact,level,100.0,218,5643.5,7238.58,25.33,0.1183,54.8%
cape,7d,compact,level,1000.0,218,5219.8,7025.03,22.35,0.1695,56.3%
cape,7d,compact,level,5000.0,218,5590.22,7517.03,24.13,0.0491,54.8%
cape,7d,compact,level,10000.0,218,5931.65,7843.06,25.93,-0.0351,54.8%
cape,7d,compact,abs_change,10.0,218,5292.77,6732.6,23.38,0.2372,55.6%
cape,7d,compact,abs_change,100.0,218,4899.93,6314.48,21.7,0.329,54.8%
cape,7d,compact,abs_change,1000.0,218,3971.08,5327.96,17.13,0.5223,54.8%
cape,7d,compact,abs_change,5000.0,218,3847.32,5238.48,16.35,0.5382,57.1%
cape,7d,compact,abs_change,10000.0,218,3891.45,5325.03,16.45,0.5228,57.9%
cape,7d,compact,pct_change,10.0,218,6221.82,7912.33,28.36,-0.0535,55.6%
cape,7d,compact,pct_change,100.0,218,5499.59,7103.02,24.19,0.151,56.3%
cape,7d,compact,pct_change,1000.0,218,3978.88,5137.88,17.15,0.5558,57.6%
cape,7d,compact,pct_change,5000.0,218,3856.09,5164.44,16.36,0.5512,62.8%
cape,7d,compact,pct_change,10000.0,218,3973.32,5371.66,16.66,0.5144,57.9%
cape,7d,top20,level,10.0,20,3505.13,5222.81,14.94,0.541,64.9%
cape,7d,top20,level,100.0,20,3511.28,5095.24,14.98,0.5631,62.3%
cape,7d,top20,level,1000.0,20,3883.98,5376.69,16.63,0.5135,56.3%
cape,7d,top20,level,5000.0,20,4293.76,5825.08,18.37,0.429,57.1%
cape,7d,top20,level,10000.0,20,4606.7,6147.04,19.73,0.3641,56.1%
cape,7d,top20,abs_change,10.0,20,3500.97,5227.1,14.94,0.5402,65.1%
cape,7d,top20,abs_change,100.0,20,3469.95,5085.52,14.8,0.5648,64.1%
cape,7d,top20,abs_change,1000.0,20,3675.34,5153.59,15.72,0.5531,58.4%
cape,7d,top20,abs_change,5000.0,20,3818.23,5291.82,16.27,0.5288,54.3%
cape,7d,top20,abs_change,10000.0,20,3870.13,5348.46,16.46,0.5186,51.4%
cape,7d,top20,pct_change,10.0,20,3663.29,5477.48,15.55,0.4951,70.0%
cape,7d,top20,pct_change,100.0,20,3496.62,5088.28,14.98,0.5643,68.7%
cape,7d,top20,pct_change,1000.0,20,3507.61,4956.78,15.17,0.5865,61.0%
cape,7d,top20,pct_change,5000.0,20,3718.47,5167.58,15.9,0.5506,68.0%
cape,7d,top20,pct_change,10000.0,20,3807.11,5275.73,16.18,0.5316,68.7%
cape,7d,top50,level,10.0,50,3683.89,5495.9,15.76,0.4917,65.6%
cape,7d,top50,level,100.0,50,3526.02,5165.54,15.01,0.551,61.8%
cape,7d,top50,level,1000.0,50,3824.69,5307.95,16.35,0.5259,59.4%
cape,7d,top50,level,5000.0,50,4358.26,5907.92,18.53,0.4126,56.6%
cape,7d,top50,level,10000.0,50,4723.13,6314.58,20.06,0.329,56.3%
cape,7d,top50,abs_change,10.0,50,3668.57,5492.63,15.71,0.4923,66.7%
cape,7d,top50,abs_change,100.0,50,3484.06,5169.01,14.84,0.5504,65.1%
cape,7d,top50,abs_change,1000.0,50,3632.25,5112.35,15.53,0.5602,57.6%
cape,7d,top50,abs_change,5000.0,50,3774.35,5244.68,16.11,0.5371,55.8%
cape,7d,top50,abs_change,10000.0,50,3838.15,5313.52,16.34,0.5249,54.8%
cape,7d,top50,pct_change,10.0,50,3741.28,5602.6,15.99,0.4718,70.0%
cape,7d,top50,pct_change,100.0,50,3565.81,5238.4,15.26,0.5382,72.4%
cape,7d,top50,pct_change,1000.0,50,3484.55,4931.37,15.1,0.5908,59.9%
cape,7d,top50,pct_change,5000.0,50,3646.06,5082.13,15.67,0.5654,61.0%
cape,7d,top50,pct_change,10000.0,50,3753.58,5207.25,16.01,0.5437,69.3%
cape,7d,top100,level,10.0,100,4607.42,6196.48,20.91,0.3539,53.0%
cape,7d,top100,level,100.0,100,4045.51,5490.02,17.72,0.4928,55.6%
cape,7d,top100,level,1000.0,100,3997.49,5436.26,17.11,0.5027,57.4%
cape,7d,top100,level,5000.0,100,4528.56,6071.25,19.15,0.3797,55.6%
cape,7d,top100,level,10000.0,100,4830.06,6419.18,20.45,0.3066,55.3%
cape,7d,top100,abs_change,10.0,100,4558.15,6158.38,20.65,0.3618,54.3%
cape,7d,top100,abs_change,100.0,100,3933.75,5419.46,17.18,0.5058,56.3%
cape,7d,top100,abs_change,1000.0,100,3646.37,5061.99,15.68,0.5688,58.7%
cape,7d,top100,abs_change,5000.0,100,3712.16,5158.19,15.87,0.5523,57.6%
cape,7d,top100,abs_change,10000.0,100,3788.58,5248.75,16.15,0.5364,57.1%
cape,7d,top100,pct_change,10.0,100,5131.35,6904.43,22.38,0.1978,56.8%
cape,7d,top100,pct_change,100.0,100,4080.31,5620.1,17.28,0.4685,59.4%
cape,7d,top100,pct_change,1000.0,100,3589.31,4946.22,15.46,0.5883,56.8%
cape,7d,top100,pct_change,5000.0,100,3620.99,5041.67,15.58,0.5723,66.7%
cape,7d,top100,pct_change,10000.0,100,3732.26,5182.3,15.94,0.5481,70.3%
cape,14d,full,level,10.0,441,9894.0,12182.03,55.4,-1.3715,59.2%
cape,14d,full,level,100.0,441,9107.56,11080.03,48.19,-0.9618,58.7%
cape,14d,full,level,1000.0,441,6503.21,8580.81,29.36,-0.1766,58.1%
cape,14d,full,level,5000.0,441,5670.0,7967.42,24.38,-0.0144,55.0%
cape,14d,full,level,10000.0,441,5719.03,8096.74,24.61,-0.0476,55.8%
cape,14d,full,abs_change,10.0,441,9869.43,12167.17,55.2,-1.3657,59.4%
cape,14d,full,abs_change,100.0,441,8976.8,10976.96,47.37,-0.9255,58.1%
cape,14d,full,abs_change,1000.0,441,6006.29,7905.33,27.14,0.0013,57.6%
cape,14d,full,abs_change,5000.0,441,5231.27,6922.55,22.53,0.2342,60.5%
cape,14d,full,abs_change,10000.0,441,5387.11,7026.84,23.0,0.211,63.3%
cape,14d,full,pct_change,10.0,441,9228.25,12311.02,41.42,-1.4219,63.3%
cape,14d,full,pct_change,100.0,441,9260.33,11530.87,48.18,-1.1247,56.6%
cape,14d,full,pct_change,1000.0,441,6390.79,8174.55,29.17,-0.0678,58.1%
cape,14d,full,pct_change,5000.0,441,5203.45,6841.19,22.32,0.2521,69.0%
cape,14d,full,pct_change,10000.0,441,5623.89,7145.2,23.81,0.1842,65.4%
cape,14d,compact,level,10.0,218,9199.21,11260.42,45.32,-1.0262,55.6%
cape,14d,compact,level,100.0,218,8765.42,10574.18,42.63,-0.7868,55.3%
cape,14d,compact,level,1000.0,218,6507.06,8651.38,28.19,-0.196,57.9%
cape,14d,compact,level,5000.0,218,6092.51,8234.55,26.7,-0.0836,54.0%
cape,14d,compact,level,10000.0,218,6261.79,8343.92,27.73,-0.1125,51.7%
cape,14d,compact,abs_change,10.0,218,8689.5,10823.5,41.61,-0.872,55.8%
cape,14d,compact,abs_change,100.0,218,7831.58,9706.74,36.95,-0.5056,55.8%
cape,14d,compact,abs_change,1000.0,218,5714.71,7353.23,24.91,0.136,57.9%
cape,14d,compact,abs_change,5000.0,218,5672.3,7207.25,24.06,0.1699,60.7%
cape,14d,compact,abs_change,10000.0,218,5794.97,7428.71,24.36,0.1181,61.5%
cape,14d,compact,pct_change,10.0,218,11291.81,13882.29,62.15,-2.0796,57.4%
cape,14d,compact,pct_change,100.0,218,9873.9,12088.27,51.53,-1.3351,58.4%
cape,14d,compact,pct_change,1000.0,218,5922.83,7240.04,26.33,0.1624,56.6%
cape,14d,compact,pct_change,5000.0,218,5820.33,7359.59,24.66,0.1345,61.5%
cape,14d,compact,pct_change,10000.0,218,6115.83,7900.43,25.34,0.0026,59.4%
cape,14d,top20,level,10.0,20,5706.73,7604.5,25.5,0.0759,55.8%
cape,14d,top20,level,100.0,20,5507.06,7271.94,23.64,0.155,54.3%
cape,14d,top20,level,1000.0,20,5462.61,7227.08,23.61,0.1654,54.3%
cape,14d,top20,level,5000.0,20,5603.1,7388.64,24.37,0.1276,53.2%
cape,14d,top20,level,10000.0,20,5765.42,7549.53,25.18,0.0892,53.0%
cape,14d,top20,abs_change,10.0,20,5903.92,7753.0,26.57,0.0395,54.0%
cape,14d,top20,abs_change,100.0,20,5652.58,7344.65,24.33,0.138,54.3%
cape,14d,top20,abs_change,1000.0,20,5531.27,7136.23,23.79,0.1862,53.7%
cape,14d,top20,abs_change,5000.0,20,5746.17,7362.89,24.55,0.1337,54.5%
cape,14d,top20,abs_change,10000.0,20,5865.47,7522.64,24.93,0.0957,51.4%
cape,14d,top20,pct_change,10.0,20,5707.33,7633.08,25.29,0.0689,61.5%
cape,14d,top20,pct_change,100.0,20,5458.88,7007.29,23.86,0.2154,58.1%
cape,14d,top20,pct_change,1000.0,20,5060.0,6536.03,22.11,0.3173,64.6%
cape,14d,top20,pct_change,5000.0,20,5501.57,7061.74,23.62,0.2031,72.1%
cape,14d,top20,pct_change,10000.0,20,5783.15,7438.49,24.48,0.1158,66.9%
cape,14d,top50,level,10.0,50,5305.12,7690.19,23.43,0.055,68.5%
cape,14d,top50,level,100.0,50,5046.05,6993.31,21.76,0.2185,65.1%
cape,14d,top50,level,1000.0,50,5239.55,6889.0,22.81,0.2416,58.1%
cape,14d,top50,level,5000.0,50,5498.1,7212.8,23.95,0.1687,57.6%
cape,14d,top50,level,10000.0,50,5661.31,7414.65,24.69,0.1215,55.6%
cape,14d,top50,abs_change,10.0,50,5293.46,7680.29,23.39,0.0574,69.0%
cape,14d,top50,abs_change,100.0,50,5029.14,6968.82,21.7,0.2239,66.9%
cape,14d,top50,abs_change,1000.0,50,5237.63,6790.38,22.7,0.2632,56.6%
cape,14d,top50,abs_change,5000.0,50,5562.76,7128.38,23.88,0.188,54.3%
cape,14d,top50,abs_change,10000.0,50,5722.42,7337.18,24.42,0.1397,53.2%
cape,14d,top50,pct_change,10.0,50,6278.96,9569.75,29.87,-0.4634,71.3%
cape,14d,top50,pct_change,100.0,50,5477.37,7816.18,25.17,0.0237,70.8%
cape,14d,top50,pct_change,1000.0,50,4994.36,6438.75,22.04,0.3375,68.2%
cape,14d,top50,pct_change,5000.0,50,5288.02,6748.27,23.0,0.2723,72.6%
cape,14d,top50,pct_change,10000.0,50,5570.23,7132.33,23.86,0.1871,73.9%
cape,14d,top100,level,10.0,100,6782.12,8806.71,32.7,-0.2394,56.3%
cape,14d,top100,level,100.0,100,5697.64,7643.75,25.41,0.0663,58.1%
cape,14d,top100,level,1000.0,100,5307.85,7085.88,22.67,0.1977,59.4%
cape,14d,top100,level,5000.0,100,5521.36,7333.95,23.65,0.1405,57.9%
cape,14d,top100,level,10000.0,100,5657.57,7482.86,24.44,0.1052,55.8%
cape,14d,top100,abs_change,10.0,100,6718.01,8748.78,32.3,-0.2231,56.6%
cape,14d,top100,abs_change,100.0,100,5545.71,7499.74,24.66,0.1012,58.1%
cape,14d,top100,abs_change,1000.0,100,5103.85,6724.81,22.09,0.2773,60.5%
cape,14d,top100,abs_change,5000.0,100,5428.19,6961.63,23.36,0.2255,55.0%
cape,14d,top100,abs_change,10000.0,100,5636.37,7210.83,24.13,0.1691,54.3%
cape,14d,top100,pct_change,10.0,100,9319.95,12189.34,47.92,-1.3743,56.8%
cape,14d,top100,pct_change,100.0,100,7191.89,9600.11,33.2,-0.4727,57.6%
cape,14d,top100,pct_change,1000.0,100,5260.96,6945.35,22.99,0.2292,59.4%
cape,14d,top100,pct_change,5000.0,100,5191.02,6648.82,22.7,0.2936,67.2%
cape,14d,top100,pct_change,10000.0,100,5500.14,7037.94,23.7,0.2085,73.6%
cape,30d,full,level,10.0,441,11139.84,14189.32,67.18,-2.1518,65.6%
cape,30d,full,level,100.0,441,10390.5,12919.65,60.49,-1.613,62.0%
cape,30d,full,level,1000.0,441,8193.09,10821.12,41.26,-0.8331,58.4%
cape,30d,full,level,5000.0,441,6846.22,9429.67,31.96,-0.392,57.6%
cape,30d,full,level,10000.0,441,6691.24,9216.02,30.75,-0.3296,56.8%
cape,30d,full,abs_change,10.0,441,11091.64,14135.44,66.83,-2.1279,65.9%
cape,30d,full,abs_change,100.0,441,10163.51,12736.59,58.76,-1.5395,62.3%
cape,30d,full,abs_change,1000.0,441,7356.48,10054.03,36.14,-0.5824,57.9%
cape,30d,full,abs_change,5000.0,441,6172.88,8233.22,27.76,-0.0612,62.3%
cape,30d,full,abs_change,10000.0,441,6208.63,8160.94,27.27,-0.0426,66.7%
cape,30d,full,pct_change,10.0,441,9559.06,11904.19,45.31,-1.2184,59.2%
cape,30d,full,pct_change,100.0,441,10453.61,13356.21,58.76,-1.7926,59.2%
cape,30d,full,pct_change,1000.0,441,9683.13,12429.76,50.32,-1.4186,58.1%
cape,30d,full,pct_change,5000.0,441,6837.93,8701.42,30.53,-0.1853,59.7%
cape,30d,full,pct_change,10000.0,441,6981.69,8523.78,29.93,-0.1374,58.4%
cape,30d,compact,level,10.0,218,12748.97,16974.14,66.54,-3.5104,60.2%
cape,30d,compact,level,100.0,218,11357.07,14042.08,64.24,-2.0867,60.2%
cape,30d,compact,level,1000.0,218,7868.23,10214.51,37.94,-0.6333,60.5%
cape,30d,compact,level,5000.0,218,6846.47,8894.74,31.58,-0.2385,59.2%
cape,30d,compact,level,10000.0,218,6838.94,8838.29,31.34,-0.2229,58.1%
cape,30d,compact,abs_change,10.0,218,12189.79,16511.32,62.95,-3.2678,59.2%
cape,30d,compact,abs_change,100.0,218,10388.44,13247.08,56.76,-1.7471,59.7%
cape,30d,compact,abs_change,1000.0,218,7317.84,9457.02,34.62,-0.4001,56.6%
cape,30d,compact,abs_change,5000.0,218,6748.34,8514.41,29.09,-0.1349,64.6%
cape,30d,compact,abs_change,10000.0,218,6766.72,8663.93,28.74,-0.1751,63.0%
cape,30d,compact,pct_change,10.0,218,20489.13,26618.12,107.16,-10.0916,56.3%
cape,30d,compact,pct_change,100.0,218,17088.69,20860.78,97.52,-5.8124,54.8%
cape,30d,compact,pct_change,1000.0,218,8882.98,10878.13,44.56,-0.8525,58.1%
cape,30d,compact,pct_change,5000.0,218,7210.31,8854.13,30.77,-0.2272,59.4%
cape,30d,compact,pct_change,10000.0,218,7814.43,9696.23,32.25,-0.4718,51.4%
cape,30d,top20,level,10.0,20,6363.48,8110.47,28.54,-0.0297,62.3%
cape,30d,top20,level,100.0,20,6177.03,7834.91,27.54,0.039,64.1%
cape,30d,top20,level,1000.0,20,6149.82,7823.67,27.37,0.0418,64.1%
cape,30d,top20,level,5000.0,20,6328.06,8037.1,28.18,-0.0112,63.0%
cape,30d,top20,level,10000.0,20,6484.5,8194.45,28.94,-0.0512,62.3%
cape,30d,top20,abs_change,10.0,20,6026.75,8137.78,26.8,-0.0367,68.7%
cape,30d,top20,abs_change,100.0,20,6082.76,7837.95,26.58,0.0383,67.4%
cape,30d,top20,abs_change,1000.0,20,6703.5,8444.9,28.69,-0.1164,65.6%
cape,30d,top20,abs_change,5000.0,20,7065.82,9060.53,29.85,-0.2851,59.4%
cape,30d,top20,abs_change,10000.0,20,7156.31,9225.27,30.16,-0.3323,59.7%
cape,30d,top20,pct_change,10.0,20,6629.27,8069.07,30.65,-0.0193,66.1%
cape,30d,top20,pct_change,100.0,20,6248.48,7545.45,27.53,0.1087,62.8%
cape,30d,top20,pct_change,1000.0,20,7936.23,9577.54,32.76,-0.436,47.8%
cape,30d,top20,pct_change,5000.0,20,8527.75,10571.89,34.19,-0.7496,43.9%
cape,30d,top20,pct_change,10000.0,20,8611.85,10771.98,34.33,-0.8165,43.9%
cape,30d,top50,level,10.0,50,6098.15,8768.0,27.83,-0.2035,68.0%
cape,30d,top50,level,100.0,50,5769.27,7802.7,25.39,0.0469,67.2%
cape,30d,top50,level,1000.0,50,5914.71,7504.63,26.25,0.1183,64.6%
cape,30d,top50,level,5000.0,50,6089.81,7734.4,27.14,0.0635,62.8%
cape,30d,top50,level,10000.0,50,6246.31,7931.47,27.87,0.0152,62.5%
cape,30d,top50,abs_change,10.0,50,5995.73,8602.0,27.18,-0.1583,67.7%
cape,30d,top50,abs_change,100.0,50,5857.43,7793.74,25.67,0.0491,66.4%
cape,30d,top50,abs_change,1000.0,50,6141.88,7756.73,26.93,0.0581,65.1%
cape,30d,top50,abs_change,5000.0,50,6432.34,8185.81,27.95,-0.049,65.6%
cape,30d,top50,abs_change,10000.0,50,6611.53,8506.62,28.51,-0.1328,65.1%
cape,30d,top50,pct_change,10.0,50,7220.06,10213.25,34.82,-0.6329,65.6%
cape,30d,top50,pct_change,100.0,50,5994.37,7498.2,28.39,0.1199,69.3%
cape,30d,top50,pct_change,1000.0,50,5818.87,7165.84,26.24,0.1962,67.4%
cape,30d,top50,pct_change,5000.0,50,6533.92,7983.36,28.63,0.0023,68.2%
cape,30d,top50,pct_change,10000.0,50,7105.12,8715.85,30.31,-0.1892,58.4%
cape,30d,top100,level,10.0,100,8033.6,10358.9,40.07,-0.6798,63.8%
cape,30d,top100,level,100.0,100,6668.53,9185.11,32.09,-0.3207,64.9%
cape,30d,top100,level,1000.0,100,5635.34,7963.76,24.9,0.0072,67.4%
cape,30d,top100,level,5000.0,100,5786.98,7836.67,25.44,0.0386,64.6%
cape,30d,top100,level,10000.0,100,5970.03,7899.24,26.41,0.0232,61.2%
cape,30d,top100,abs_change,10.0,100,7953.72,10302.88,39.43,-0.6617,64.3%
cape,30d,top100,abs_change,100.0,100,6483.79,9067.24,30.75,-0.287,64.1%
cape,30d,top100,abs_change,1000.0,100,5702.73,7956.49,24.99,0.009,64.9%
cape,30d,top100,abs_change,5000.0,100,6217.33,8177.05,26.99,-0.0467,58.4%
cape,30d,top100,abs_change,10000.0,100,6470.12,8457.27,27.91,-0.1197,58.4%
cape,30d,top100,pct_change,10.0,100,11034.15,14298.29,58.74,-2.2004,54.5%
cape,30d,top100,pct_change,100.0,100,9584.89,12688.21,49.5,-1.5202,61.0%
cape,30d,top100,pct_change,1000.0,100,6423.11,8502.23,30.14,-0.1316,62.5%
cape,30d,top100,pct_change,5000.0,100,6041.2,7600.63,26.92,0.0956,67.2%
cape,30d,top100,pct_change,10000.0,100,6655.37,8195.37,29.0,-0.0514,66.7%
panamax,1d,full,level,10.0,441,329.02,456.86,2.31,0.98,60.7%
panamax,1d,full,level,100.0,441,407.07,537.16,2.84,0.9724,52.5%
panamax,1d,full,level,1000.0,441,851.57,1034.99,6.43,0.8974,43.7%
panamax,1d,full,level,5000.0,441,1340.19,1606.1,10.06,0.753,42.6%
panamax,1d,full,level,10000.0,441,1523.67,1829.81,11.39,0.6794,42.1%
panamax,1d,full,abs_change,10.0,441,286.1,397.74,2.05,0.9849,63.6%
panamax,1d,full,abs_change,100.0,441,228.76,316.53,1.62,0.9904,70.5%
panamax,1d,full,abs_change,1000.0,441,197.69,271.55,1.4,0.9929,70.0%
panamax,1d,full,abs_change,5000.0,441,200.77,274.37,1.41,0.9928,66.7%
panamax,1d,full,abs_change,10000.0,441,205.04,281.22,1.43,0.9924,68.2%
panamax,1d,full,pct_change,10.0,441,536.28,749.39,3.64,0.9462,58.4%
panamax,1d,full,pct_change,100.0,441,321.32,434.38,2.23,0.9819,59.7%
panamax,1d,full,pct_change,1000.0,441,231.14,325.22,1.61,0.9899,64.6%
panamax,1d,full,pct_change,5000.0,441,208.01,291.54,1.45,0.9919,63.8%
panamax,1d,full,pct_change,10000.0,441,209.27,290.44,1.46,0.9919,63.6%
panamax,1d,compact,level,10.0,218,787.12,1382.03,6.08,0.8171,39.0%
panamax,1d,compact,level,100.0,218,974.95,1214.58,6.99,0.8587,39.5%
panamax,1d,compact,level,1000.0,218,1502.53,1774.76,10.99,0.6984,36.7%
panamax,1d,compact,level,5000.0,218,2159.48,2587.79,15.6,0.3587,39.3%
panamax,1d,compact,level,10000.0,218,2345.05,2810.45,16.86,0.2436,39.5%
panamax,1d,compact,abs_change,10.0,218,320.73,539.72,2.32,0.9721,52.2%
panamax,1d,compact,abs_change,100.0,218,260.44,358.92,1.85,0.9877,51.9%
panamax,1d,compact,abs_change,1000.0,218,230.05,315.24,1.61,0.9905,60.5%
panamax,1d,compact,abs_change,5000.0,218,229.05,312.74,1.59,0.9906,57.4%
panamax,1d,compact,abs_change,10000.0,218,229.34,313.25,1.6,0.9906,58.4%
panamax,1d,compact,pct_change,10.0,218,397.58,584.16,2.76,0.9673,49.6%
panamax,1d,compact,pct_change,100.0,218,278.57,384.5,1.93,0.9858,52.7%
panamax,1d,compact,pct_change,1000.0,218,238.43,330.31,1.66,0.9896,53.7%
panamax,1d,compact,pct_change,5000.0,218,230.35,316.64,1.6,0.9904,54.8%
panamax,1d,compact,pct_change,10000.0,218,229.67,315.16,1.6,0.9905,52.7%
panamax,1d,top20,level,10.0,20,207.42,285.29,1.45,0.9922,62.3%
panamax,1d,top20,level,100.0,20,335.2,425.14,2.4,0.9827,37.2%
panamax,1d,top20,level,1000.0,20,619.81,741.86,4.59,0.9473,34.4%
panamax,1d,top20,level,5000.0,20,790.14,952.58,5.96,0.9131,37.7%
panamax,1d,top20,level,10000.0,20,931.12,1146.02,7.06,0.8742,43.2%
panamax,1d,top20,abs_change,10.0,20,196.96,270.81,1.38,0.993,67.4%
panamax,1d,top20,abs_change,100.0,20,213.94,292.88,1.5,0.9918,57.1%
panamax,1d,top20,abs_change,1000.0,20,225.76,309.44,1.57,0.9908,49.6%
panamax,1d,top20,abs_change,5000.0,20,228.27,313.16,1.59,0.9906,51.7%
panamax,1d,top20,abs_change,10000.0,20,228.64,313.77,1.59,0.9906,53.7%
panamax,1d,top20,pct_change,10.0,20,241.05,325.28,1.7,0.9899,48.8%
panamax,1d,top20,pct_change,100.0,20,232.45,316.73,1.64,0.9904,47.8%
panamax,1d,top20,pct_change,1000.0,20,231.26,312.69,1.62,0.9906,47.0%
panamax,1d,top20,pct_change,5000.0,20,232.24,314.01,1.62,0.9906,45.2%
panamax,1d,top20,pct_change,10000.0,20,232.54,314.57,1.62,0.9905,44.7%
panamax,1d,top50,level,10.0,50,212.26,290.6,1.49,0.9919,62.3%
panamax,1d,top50,level,100.0,50,306.14,407.25,2.15,0.9841,43.4%
panamax,1d,top50,level,1000.0,50,754.3,898.11,5.55,0.9228,35.1%
panamax,1d,top50,level,5000.0,50,1145.52,1366.13,8.41,0.8213,37.7%
panamax,1d,top50,level,10000.0,50,1268.42,1523.89,9.31,0.7776,40.6%
panamax,1d,top50,abs_change,10.0,50,197.98,272.98,1.38,0.9929,69.0%
panamax,1d,top50,abs_change,100.0,50,208.98,290.99,1.45,0.9919,64.9%
panamax,1d,top50,abs_change,1000.0,50,219.78,305.34,1.53,0.9911,59.9%
panamax,1d,top50,abs_change,5000.0,50,225.0,310.47,1.57,0.9908,55.3%
panamax,1d,top50,abs_change,10000.0,50,226.5,311.94,1.58,0.9907,52.7%
panamax,1d,top50,pct_change,10.0,50,265.35,345.13,1.86,0.9886,52.7%
panamax,1d,top50,pct_change,100.0,50,228.05,312.8,1.6,0.9906,50.4%
panamax,1d,top50,pct_change,1000.0,50,226.2,309.04,1.58,0.9909,48.1%
panamax,1d,top50,pct_change,5000.0,50,228.72,311.02,1.6,0.9907,45.7%
panamax,1d,top50,pct_change,10000.0,50,230.04,312.38,1.61,0.9907,49.6%
panamax,1d,top100,level,10.0,100,270.6,335.71,1.97,0.9892,50.6%
panamax,1d,top100,level,100.0,100,426.3,511.62,3.18,0.9749,38.8%
panamax,1d,top100,level,1000.0,100,1047.56,1261.61,7.86,0.8476,37.2%
panamax,1d,top100,level,5000.0,100,1653.75,1992.49,12.17,0.6198,37.0%
panamax,1d,top100,level,10000.0,100,1839.27,2228.97,13.46,0.5242,37.7%
panamax,1d,top100,abs_change,10.0,100,226.47,290.63,1.63,0.9919,57.6%
panamax,1d,top100,abs_change,100.0,100,225.69,294.52,1.62,0.9917,55.6%
panamax,1d,top100,abs_change,1000.0,100,224.44,301.72,1.58,0.9913,56.1%
panamax,1d,top100,abs_change,5000.0,100,224.8,307.35,1.57,0.991,57.9%
panamax,1d,top100,abs_change,10000.0,100,225.57,309.57,1.57,0.9908,57.4%
panamax,1d,top100,pct_change,10.0,100,313.43,400.95,2.15,0.9846,50.9%
panamax,1d,top100,pct_change,100.0,100,246.92,320.61,1.73,0.9902,50.6%
panamax,1d,top100,pct_change,1000.0,100,220.83,300.38,1.55,0.9914,56.6%
panamax,1d,top100,pct_change,5000.0,100,223.19,306.11,1.56,0.991,57.4%
panamax,1d,top100,pct_change,10000.0,100,225.59,308.96,1.57,0.9909,56.1%
panamax,7d,full,level,10.0,441,2198.56,2688.73,15.72,0.3458,52.2%
panamax,7d,full,level,100.0,441,1692.44,2138.74,11.83,0.5861,54.5%
panamax,7d,full,level,1000.0,441,1451.35,1849.03,10.56,0.6906,51.2%
panamax,7d,full,level,5000.0,441,1812.21,2182.37,13.24,0.569,50.1%
panamax,7d,full,level,10000.0,441,1976.95,2349.75,14.4,0.5004,48.1%
panamax,7d,full,abs_change,10.0,441,2164.46,2634.43,15.55,0.372,52.2%
panamax,7d,full,abs_change,100.0,441,1650.92,2043.62,11.72,0.6221,56.8%
panamax,7d,full,abs_change,1000.0,441,1207.6,1533.72,8.59,0.7871,53.2%
panamax,7d,full,abs_change,5000.0,441,1104.59,1388.68,7.77,0.8255,57.4%
panamax,7d,full,abs_change,10000.0,441,1103.15,1379.42,7.7,0.8278,59.2%
panamax,7d,full,pct_change,10.0,441,2486.96,3170.51,17.84,0.0904,52.2%
panamax,7d,full,pct_change,100.0,441,1873.49,2404.67,13.12,0.4767,55.6%
panamax,7d,full,pct_change,1000.0,441,1266.45,1697.71,8.89,0.7392,54.3%
panamax,7d,full,pct_change,5000.0,441,1106.16,1433.59,7.72,0.814,58.4%
panamax,7d,full,pct_change,10000.0,441,1110.81,1406.2,7.72,0.8211,58.7%
panamax,7d,compact,level,10.0,218,1857.42,2280.62,13.21,0.5293,45.5%
panamax,7d,compact,level,100.0,218,1733.77,2117.04,12.15,0.5944,46.5%
panamax,7d,compact,level,1000.0,218,1877.31,2188.82,13.59,0.5665,42.6%
panamax,7d,compact,level,5000.0,218,2460.76,2911.69,17.68,0.2328,45.2%
panamax,7d,compact,level,10000.0,218,2619.87,3118.46,18.77,0.12,44.4%
panamax,7d,compact,abs_change,10.0,218,1584.47,1949.43,11.17,0.6561,51.4%
panamax,7d,compact,abs_change,100.0,218,1340.47,1682.51,9.41,0.7438,54.8%
panamax,7d,compact,abs_change,1000.0,218,1139.86,1430.64,7.94,0.8148,58.4%
panamax,7d,compact,abs_change,5000.0,218,1134.88,1408.78,7.86,0.8204,61.2%
panamax,7d,compact,abs_change,10000.0,218,1147.02,1418.07,7.94,0.818,61.5%
panamax,7d,compact,pct_change,10.0,218,1772.84,2254.11,12.39,0.5402,55.3%
panamax,7d,compact,pct_change,100.0,218,1464.83,1912.21,10.23,0.6691,56.1%
panamax,7d,compact,pct_change,1000.0,218,1184.17,1544.36,8.25,0.7842,58.9%
panamax,7d,compact,pct_change,5000.0,218,1145.75,1439.75,7.93,0.8124,56.6%
panamax,7d,compact,pct_change,10000.0,218,1154.25,1436.32,7.98,0.8133,54.0%
panamax,7d,top20,level,10.0,20,1176.68,1516.11,8.2,0.792,58.7%
panamax,7d,top20,level,100.0,20,1274.82,1585.81,9.09,0.7724,45.7%
panamax,7d,top20,level,1000.0,20,1437.81,1732.35,10.39,0.7284,42.6%
panamax,7d,top20,level,5000.0,20,1494.78,1795.5,10.98,0.7083,41.1%
panamax,7d,top20,level,10000.0,20,1539.87,1869.32,11.43,0.6838,44.7%
panamax,7d,top20,abs_change,10.0,20,1127.33,1447.24,7.86,0.8105,57.1%
panamax,7d,top20,abs_change,100.0,20,1144.89,1418.49,8.09,0.8179,47.8%
panamax,7d,top20,abs_change,1000.0,20,1158.15,1422.02,8.11,0.817,49.1%
panamax,7d,top20,abs_change,5000.0,20,1161.3,1429.99,8.09,0.815,50.9%
panamax,7d,top20,abs_change,10000.0,20,1161.98,1432.97,8.08,0.8142,52.2%
panamax,7d,top20,pct_change,10.0,20,1206.81,1504.55,8.51,0.7952,49.1%
panamax,7d,top20,pct_change,100.0,20,1160.86,1427.4,8.25,0.8156,45.7%
panamax,7d,top20,pct_change,1000.0,20,1166.99,1414.54,8.19,0.8189,51.7%
panamax,7d,top20,pct_change,5000.0,20,1179.53,1437.06,8.22,0.8131,48.1%
panamax,7d,top20,pct_change,10000.0,20,1182.76,1444.42,8.22,0.8112,43.2%
panamax,7d,top50,level,10.0,50,1128.38,1525.51,7.87,0.7894,60.7%
panamax,7d,top50,level,100.0,50,1133.82,1492.46,7.97,0.7984,57.1%
panamax,7d,top50,level,1000.0,50,1433.71,1740.02,10.4,0.726,42.4%
panamax,7d,top50,level,5000.0,50,1682.14,2018.43,12.34,0.6313,41.9%
panamax,7d,top50,level,10000.0,50,1755.98,2110.65,12.92,0.5969,42.4%
panamax,7d,top50,abs_change,10.0,50,1125.37,1514.79,7.84,0.7924,62.5%
panamax,7d,top50,abs_change,100.0,50,1082.34,1420.45,7.54,0.8174,66.9%
panamax,7d,top50,abs_change,1000.0,50,1117.56,1407.91,7.81,0.8206,55.0%
panamax,7d,top50,abs_change,5000.0,50,1143.61,1417.93,7.96,0.8181,51.9%
panamax,7d,top50,abs_change,10000.0,50,1150.23,1423.62,8.0,0.8166,51.4%
panamax,7d,top50,pct_change,10.0,50,1213.7,1531.57,8.53,0.7877,53.5%
panamax,7d,top50,pct_change,100.0,50,1124.01,1426.66,7.94,0.8158,53.0%
panamax,7d,top50,pct_change,1000.0,50,1135.08,1398.1,7.99,0.8231,49.9%
panamax,7d,top50,pct_change,5000.0,50,1162.13,1418.72,8.12,0.8179,48.8%
panamax,7d,top50,pct_change,10000.0,50,1170.88,1430.81,8.15,0.8147,50.4%
panamax,7d,top100,level,10.0,100,1569.84,1964.12,11.6,0.6509,55.3%
panamax,7d,top100,level,100.0,100,1419.06,1745.0,10.5,0.7245,55.0%
panamax,7d,top100,level,1000.0,100,1775.42,2098.42,13.0,0.6015,45.5%
panamax,7d,top100,level,5000.0,100,2199.18,2588.4,15.89,0.3937,44.7%
panamax,7d,top100,level,10000.0,100,2329.76,2753.1,16.79,0.3141,44.4%
panamax,7d,top100,abs_change,10.0,100,1538.54,1924.4,11.37,0.6649,54.0%
panamax,7d,top100,abs_change,100.0,100,1279.64,1579.64,9.43,0.7742,51.7%
panamax,7d,top100,abs_change,1000.0,100,1180.79,1427.56,8.5,0.8156,55.3%
panamax,7d,top100,abs_change,5000.0,100,1147.93,1401.46,8.08,0.8223,60.5%
panamax,7d,top100,abs_change,10000.0,100,1144.5,1405.17,8.0,0.8213,60.5%
panamax,7d,top100,pct_change,10.0,100,1425.47,1762.32,10.25,0.719,50.4%
panamax,7d,top100,pct_change,100.0,100,1218.12,1499.98,8.8,0.7964,55.6%
panamax,7d,top100,pct_change,1000.0,100,1135.26,1383.65,8.06,0.8268,52.7%
panamax,7d,top100,pct_change,5000.0,100,1140.21,1394.8,7.98,0.824,54.8%
panamax,7d,top100,pct_change,10000.0,100,1149.56,1408.38,8.01,0.8205,51.4%
panamax,14d,full,level,10.0,441,3042.05,3747.65,21.78,-0.2425,50.4%
panamax,14d,full,level,100.0,441,2467.13,3026.36,17.8,0.1898,54.0%
panamax,14d,full,level,1000.0,441,1961.91,2472.69,14.19,0.4591,52.2%
panamax,14d,full,level,5000.0,441,2220.61,2676.72,15.97,0.3662,49.4%
panamax,14d,full,level,10000.0,441,2369.0,2816.77,16.96,0.2981,50.6%
panamax,14d,full,abs_change,10.0,441,3005.77,3697.36,21.5,-0.2094,50.4%
panamax,14d,full,abs_change,100.0,441,2411.81,2943.54,17.45,0.2335,55.3%
panamax,14d,full,abs_change,1000.0,441,1835.77,2279.09,13.28,0.5405,53.2%
panamax,14d,full,abs_change,5000.0,441,1716.82,2070.47,12.27,0.6208,53.7%
panamax,14d,full,abs_change,10000.0,441,1724.74,2072.47,12.26,0.62,58.4%
panamax,14d,full,pct_change,10.0,441,3465.36,4299.29,25.94,-0.6352,51.9%
panamax,14d,full,pct_change,100.0,441,2642.56,3230.09,19.45,0.077,51.7%
panamax,14d,full,pct_change,1000.0,441,1852.71,2363.51,13.45,0.5058,50.9%
panamax,14d,full,pct_change,5000.0,441,1710.56,2105.2,12.28,0.6079,58.7%
panamax,14d,full,pct_change,10000.0,441,1738.94,2109.34,12.4,0.6064,58.7%
panamax,14d,compact,level,10.0,218,2663.3,3366.12,18.91,-0.0024,57.9%
panamax,14d,compact,level,100.0,218,2352.4,2988.0,16.59,0.2102,57.6%
panamax,14d,compact,level,1000.0,218,2062.48,2467.67,14.89,0.4613,52.5%
panamax,14d,compact,level,5000.0,218,2648.92,3096.96,18.99,0.1515,51.2%
panamax,14d,compact,level,10000.0,218,2814.62,3311.3,20.09,0.03,52.5%
panamax,14d,compact,abs_change,10.0,218,2599.69,3425.85,18.18,-0.0383,58.7%
panamax,14d,compact,abs_change,100.0,218,2162.15,2744.09,15.29,0.3339,60.2%
panamax,14d,compact,abs_change,1000.0,218,1705.7,2117.53,12.1,0.6033,63.6%
panamax,14d,compact,abs_change,5000.0,218,1694.89,2061.74,11.96,0.624,68.2%
panamax,14d,compact,abs_change,10000.0,218,1730.96,2097.95,12.21,0.6106,66.4%
panamax,14d,compact,pct_change,10.0,218,2804.68,3508.67,20.33,-0.0891,59.2%
panamax,14d,compact,pct_change,100.0,218,2279.42,2845.85,16.39,0.2835,58.7%
panamax,14d,compact,pct_change,1000.0,218,1773.97,2238.75,12.72,0.5566,62.8%
panamax,14d,compact,pct_change,5000.0,218,1723.3,2139.59,12.2,0.595,61.0%
panamax,14d,compact,pct_change,10000.0,218,1763.11,2159.91,12.45,0.5873,56.6%
panamax,14d,top20,level,10.0,20,1709.36,2249.22,12.04,0.5525,59.4%
panamax,14d,top20,level,100.0,20,1836.59,2263.18,13.23,0.5469,46.3%
panamax,14d,top20,level,1000.0,20,1954.61,2372.16,14.19,0.5022,43.9%
panamax,14d,top20,level,5000.0,20,1957.93,2392.77,14.3,0.4935,43.9%
panamax,14d,top20,level,10000.0,20,1963.78,2418.34,14.43,0.4826,45.5%
panamax,14d,top20,abs_change,10.0,20,1642.0,2176.19,11.56,0.581,63.0%
panamax,14d,top20,abs_change,100.0,20,1715.07,2128.09,12.33,0.5994,53.0%
panamax,14d,top20,abs_change,1000.0,20,1783.27,2166.11,12.74,0.5849,48.6%
panamax,14d,top20,abs_change,5000.0,20,1791.48,2182.83,12.73,0.5785,57.6%
panamax,14d,top20,abs_change,10000.0,20,1794.79,2190.17,12.73,0.5756,57.4%
panamax,14d,top20,pct_change,10.0,20,1811.52,2237.89,13.01,0.557,53.2%
panamax,14d,top20,pct_change,100.0,20,1739.26,2131.98,12.61,0.5979,48.6%
panamax,14d,top20,pct_change,1000.0,20,1803.6,2161.93,12.91,0.5865,57.1%
panamax,14d,top20,pct_change,5000.0,20,1841.36,2213.83,13.04,0.5664,47.0%
panamax,14d,top20,pct_change,10000.0,20,1852.65,2231.17,13.09,0.5596,43.2%
panamax,14d,top50,level,10.0,50,1575.11,1991.84,11.5,0.649,62.0%
panamax,14d,top50,level,100.0,50,1680.37,2066.3,12.35,0.6223,61.2%
panamax,14d,top50,level,1000.0,50,1918.82,2306.51,14.05,0.5294,57.6%
panamax,14d,top50,level,5000.0,50,2040.36,2445.44,14.96,0.471,51.9%
panamax,14d,top50,level,10000.0,50,2074.6,2500.05,15.25,0.4471,50.9%
panamax,14d,top50,abs_change,10.0,50,1576.37,1985.16,11.5,0.6514,61.8%
panamax,14d,top50,abs_change,100.0,50,1615.98,1980.64,11.84,0.653,63.8%
panamax,14d,top50,abs_change,1000.0,50,1663.93,2016.32,11.99,0.6403,67.2%
panamax,14d,top50,abs_change,5000.0,50,1729.95,2104.85,12.31,0.6081,68.5%
panamax,14d,top50,abs_change,10000.0,50,1755.54,2140.55,12.46,0.5947,66.9%
panamax,14d,top50,pct_change,10.0,50,1726.03,2114.15,12.65,0.6046,57.9%
panamax,14d,top50,pct_change,100.0,50,1675.72,2036.52,12.3,0.6331,58.4%
panamax,14d,top50,pct_change,1000.0,50,1716.25,2047.08,12.39,0.6293,57.1%
panamax,14d,top50,pct_change,5000.0,50,1797.94,2155.24,12.77,0.5891,49.4%
panamax,14d,top50,pct_change,10000.0,50,1824.31,2193.82,12.91,0.5742,45.2%
panamax,14d,top100,level,10.0,100,2176.06,2791.92,15.89,0.3104,56.3%
panamax,14d,top100,level,100.0,100,1912.59,2386.08,14.01,0.4963,53.2%
panamax,14d,top100,level,1000.0,100,2172.11,2565.45,15.77,0.4178,51.7%
panamax,14d,top100,level,5000.0,100,2557.85,2989.29,18.3,0.2095,50.9%
panamax,14d,top100,level,10000.0,100,2675.31,3136.3,19.08,0.1298,50.9%
panamax,14d,top100,abs_change,10.0,100,2148.21,2755.98,15.7,0.3281,55.6%
panamax,14d,top100,abs_change,100.0,100,1805.28,2258.09,13.21,0.5489,55.0%
panamax,14d,top100,abs_change,1000.0,100,1708.67,2047.47,12.32,0.6291,59.9%
panamax,14d,top100,abs_change,5000.0,100,1708.31,2058.34,12.2,0.6252,59.4%
panamax,14d,top100,abs_change,10000.0,100,1721.8,2086.11,12.26,0.615,61.2%
panamax,14d,top100,pct_change,10.0,100,1916.18,2374.46,14.0,0.5012,60.5%
panamax,14d,top100,pct_change,100.0,100,1732.46,2128.09,12.71,0.5994,56.8%
panamax,14d,top100,pct_change,1000.0,100,1680.74,2002.89,12.17,0.6451,58.4%
panamax,14d,top100,pct_change,5000.0,100,1727.82,2068.14,12.34,0.6216,59.9%
panamax,14d,top100,pct_change,10000.0,100,1757.66,2110.83,12.5,0.6058,55.0%
panamax,30d,full,level,10.0,441,2896.29,3440.47,21.31,-0.0586,61.0%
panamax,30d,full,level,100.0,441,2662.12,3271.65,19.61,0.0427,63.3%
panamax,30d,full,level,1000.0,441,2445.04,3102.14,18.05,0.1393,59.2%
panamax,30d,full,level,5000.0,441,2432.85,2982.65,17.51,0.2044,51.2%
panamax,30d,full,level,10000.0,441,2559.22,3066.44,18.33,0.159,52.2%
panamax,30d,full,abs_change,10.0,441,2863.32,3399.83,21.05,-0.0338,61.5%
panamax,30d,full,abs_change,100.0,441,2555.94,3166.71,18.9,0.1031,67.4%
panamax,30d,full,abs_change,1000.0,441,2386.99,2994.09,17.91,0.1983,65.6%
panamax,30d,full,abs_change,5000.0,441,2159.33,2662.21,15.85,0.3661,67.2%
panamax,30d,full,abs_change,10000.0,441,2183.29,2659.4,16.01,0.3675,70.0%
panamax,30d,full,pct_change,10.0,441,3499.15,4355.01,25.43,-0.6962,56.8%
panamax,30d,full,pct_change,100.0,441,3043.79,3678.41,22.84,-0.2101,70.0%
panamax,30d,full,pct_change,1000.0,441,2409.58,3006.59,17.96,0.1915,66.4%
panamax,30d,full,pct_change,5000.0,441,2139.6,2617.33,15.72,0.3873,68.7%
panamax,30d,full,pct_change,10000.0,441,2211.09,2641.31,16.17,0.3761,68.0%
panamax,30d,compact,level,10.0,218,3273.43,4183.73,25.22,-0.5654,66.1%
panamax,30d,compact,level,100.0,218,2954.19,3722.0,22.22,-0.239,72.6%
panamax,30d,compact,level,1000.0,218,2099.91,2669.07,15.44,0.3629,64.9%
panamax,30d,compact,level,5000.0,218,2501.56,2998.15,18.13,0.1961,59.2%
panamax,30d,compact,level,10000.0,218,2687.11,3255.59,19.36,0.0521,57.4%
panamax,30d,compact,abs_change,10.0,218,3191.36,4041.89,24.12,-0.4611,68.5%
panamax,30d,compact,abs_change,100.0,218,2788.68,3455.39,21.01,-0.0678,72.6%
panamax,30d,compact,abs_change,1000.0,218,2211.78,2747.18,16.75,0.325,77.3%
panamax,30d,compact,abs_change,5000.0,218,2102.99,2567.23,15.32,0.4106,79.1%
panamax,30d,compact,abs_change,10000.0,218,2164.29,2634.93,15.74,0.3791,79.3%
panamax,30d,compact,pct_change,10.0,218,3980.89,4952.23,31.24,-1.1934,70.5%
panamax,30d,compact,pct_change,100.0,218,3377.34,4014.36,25.72,-0.4412,72.1%
panamax,30d,compact,pct_change,1000.0,218,2295.03,2876.44,17.45,0.26,77.3%
panamax,30d,compact,pct_change,5000.0,218,2149.65,2620.91,15.65,0.3857,74.9%
panamax,30d,compact,pct_change,10000.0,218,2249.27,2691.23,16.29,0.3523,70.8%
panamax,30d,top20,level,10.0,20,1922.3,2357.62,14.03,0.5029,67.7%
panamax,30d,top20,level,100.0,20,2171.65,2582.01,15.79,0.4038,58.7%
panamax,30d,top20,level,1000.0,20,2234.35,2647.89,16.22,0.3729,54.8%
panamax,30d,top20,level,5000.0,20,2219.17,2631.12,16.19,0.3809,58.4%
panamax,30d,top20,level,10000.0,20,2211.22,2643.95,16.22,0.3748,62.3%
panamax,30d,top20,abs_change,10.0,20,1882.94,2345.77,13.71,0.5079,72.1%
panamax,30d,top20,abs_change,100.0,20,2128.07,2553.87,15.41,0.4167,58.9%
panamax,30d,top20,abs_change,1000.0,20,2233.99,2662.82,15.92,0.3659,51.7%
panamax,30d,top20,abs_change,5000.0,20,2354.51,2747.9,16.84,0.3247,51.2%
panamax,30d,top20,abs_change,10000.0,20,2417.54,2813.21,17.38,0.2922,51.2%
panamax,30d,top20,pct_change,10.0,20,2145.5,2552.82,15.71,0.4172,59.2%
panamax,30d,top20,pct_change,100.0,20,2309.75,2701.33,16.67,0.3474,54.3%
panamax,30d,top20,pct_change,1000.0,20,2493.91,2901.34,17.66,0.2472,48.1%
panamax,30d,top20,pct_change,5000.0,20,2596.69,2985.16,18.41,0.203,41.6%
panamax,30d,top20,pct_change,10000.0,20,2636.84,3021.79,18.73,0.1834,41.6%
panamax,30d,top50,level,10.0,50,1801.16,2337.99,13.23,0.5111,78.6%
panamax,30d,top50,level,100.0,50,1911.44,2358.32,14.04,0.5026,68.2%
panamax,30d,top50,level,1000.0,50,2193.36,2608.88,16.06,0.3913,60.2%
panamax,30d,top50,level,5000.0,50,2310.46,2739.63,16.89,0.3287,60.5%
panamax,30d,top50,level,10000.0,50,2334.07,2780.36,17.08,0.3086,62.0%
panamax,30d,top50,abs_change,10.0,50,1796.27,2335.55,13.2,0.5122,78.6%
panamax,30d,top50,abs_change,100.0,50,1851.9,2288.1,13.59,0.5318,69.0%
panamax,30d,top50,abs_change,1000.0,50,2037.53,2437.46,14.7,0.4686,69.0%
panamax,30d,top50,abs_change,5000.0,50,2250.71,2646.78,16.12,0.3735,64.3%
panamax,30d,top50,abs_change,10000.0,50,2334.06,2731.8,16.76,0.3326,63.8%
panamax,30d,top50,pct_change,10.0,50,2084.16,2596.16,15.36,0.3972,60.5%
panamax,30d,top50,pct_change,100.0,50,2120.55,2553.09,15.56,0.417,55.3%
panamax,30d,top50,pct_change,1000.0,50,2293.72,2652.42,16.56,0.3708,54.3%
panamax,30d,top50,pct_change,5000.0,50,2498.11,2873.96,17.8,0.2613,43.7%
panamax,30d,top50,pct_change,10000.0,50,2564.18,2946.21,18.25,0.2237,41.6%
panamax,30d,top100,level,10.0,100,2640.91,3326.68,19.44,0.0102,61.0%
panamax,30d,top100,level,100.0,100,2090.71,2718.06,15.33,0.3393,65.1%
panamax,30d,top100,level,1000.0,100,2179.09,2602.22,15.98,0.3944,63.8%
panamax,30d,top100,level,5000.0,100,2575.68,3064.97,18.61,0.1598,55.8%
panamax,30d,top100,level,10000.0,100,2730.83,3264.4,19.6,0.047,56.3%
panamax,30d,top100,abs_change,10.0,100,2629.76,3321.87,19.35,0.0131,61.0%
panamax,30d,top100,abs_change,100.0,100,2034.26,2670.99,14.87,0.362,69.0%
panamax,30d,top100,abs_change,1000.0,100,1933.49,2357.97,14.04,0.5027,73.9%
panamax,30d,top100,abs_change,5000.0,100,2087.16,2498.54,15.09,0.4417,75.7%
panamax,30d,top100,abs_change,10000.0,100,2176.52,2594.46,15.75,0.398,75.2%
panamax,30d,top100,pct_change,10.0,100,2982.2,3530.28,22.03,-0.1146,61.5%
panamax,30d,top100,pct_change,100.0,100,2305.0,2808.38,16.9,0.2946,57.9%
panamax,30d,top100,pct_change,1000.0,100,2024.99,2440.27,14.98,0.4674,66.4%
panamax,30d,top100,pct_change,5000.0,100,2212.53,2598.41,16.11,0.3962,71.1%
panamax,30d,top100,pct_change,10000.0,100,2316.47,2707.59,16.78,0.3443,67.4%
supramax,1d,full,level,10.0,441,304.48,444.05,2.23,0.972,63.8%
supramax,1d,full,level,100.0,441,467.76,558.71,3.47,0.9556,60.2%
supramax,1d,full,level,1000.0,441,567.24,703.78,4.32,0.9296,60.7%
supramax,1d,full,level,5000.0,441,835.72,1084.16,6.32,0.8329,57.9%
supramax,1d,full,level,10000.0,441,1135.72,1392.24,8.44,0.7244,51.4%
supramax,1d,full,abs_change,10.0,441,266.87,412.47,1.94,0.9758,60.2%
supramax,1d,full,abs_change,100.0,441,211.98,299.46,1.54,0.9872,65.9%
supramax,1d,full,abs_change,1000.0,441,157.11,216.23,1.16,0.9934,68.5%
supramax,1d,full,abs_change,5000.0,441,144.06,201.14,1.07,0.9942,68.7%
supramax,1d,full,abs_change,10000.0,441,145.54,203.61,1.07,0.9941,70.3%
supramax,1d,full,pct_change,10.0,441,683.9,1024.74,5.01,0.8507,40.1%
supramax,1d,full,pct_change,100.0,441,504.78,685.17,3.63,0.9332,45.5%
supramax,1d,full,pct_change,1000.0,441,278.38,355.73,2.02,0.982,48.8%
supramax,1d,full,pct_change,5000.0,441,195.35,259.99,1.42,0.9904,50.4%
supramax,1d,full,pct_change,10000.0,441,183.07,246.03,1.33,0.9914,50.4%
supramax,1d,compact,level,10.0,218,676.58,897.83,5.01,0.8854,50.1%
supramax,1d,compact,level,100.0,218,670.49,847.56,4.96,0.8978,50.9%
supramax,1d,compact,level,1000.0,218,1073.94,1424.18,7.83,0.7116,50.4%
supramax,1d,compact,level,5000.0,218,1928.67,2218.23,13.72,0.3003,47.0%
supramax,1d,compact,level,10000.0,218,2155.98,2435.63,15.35,0.1564,46.8%
supramax,1d,compact,abs_change,10.0,218,268.62,434.82,1.96,0.9731,59.9%
supramax,1d,compact,abs_change,100.0,218,196.45,273.15,1.44,0.9894,58.7%
supramax,1d,compact,abs_change,1000.0,218,167.13,230.91,1.22,0.9924,59.2%
supramax,1d,compact,abs_change,5000.0,218,171.9,234.29,1.24,0.9922,58.9%
supramax,1d,compact,abs_change,10000.0,218,173.92,235.52,1.25,0.9921,57.9%
supramax,1d,compact,pct_change,10.0,218,374.08,569.48,2.68,0.9539,54.0%
supramax,1d,compact,pct_change,100.0,218,268.68,357.67,1.92,0.9818,55.6%
supramax,1d,compact,pct_change,1000.0,218,188.78,255.91,1.36,0.9907,54.8%
supramax,1d,compact,pct_change,5000.0,218,171.69,235.92,1.24,0.9921,59.9%
supramax,1d,compact,pct_change,10000.0,218,172.24,235.22,1.24,0.9921,58.9%
supramax,1d,top20,level,10.0,20,308.22,402.83,2.2,0.9769,51.7%
supramax,1d,top20,level,100.0,20,562.56,759.46,3.98,0.918,53.0%
supramax,1d,top20,level,1000.0,20,748.79,1080.04,5.32,0.8341,51.9%
supramax,1d,top20,level,5000.0,20,851.67,1182.37,6.2,0.8012,48.8%
supramax,1d,top20,level,10000.0,20,951.47,1272.32,7.06,0.7698,48.1%
supramax,1d,top20,abs_change,10.0,20,145.51,204.13,1.05,0.9941,68.7%
supramax,1d,top20,abs_change,100.0,20,147.01,210.27,1.07,0.9937,64.3%
supramax,1d,top20,abs_change,1000.0,20,160.92,222.32,1.17,0.993,61.2%
supramax,1d,top20,abs_change,5000.0,20,167.44,228.27,1.21,0.9926,66.7%
supramax,1d,top20,abs_change,10000.0,20,168.51,229.29,1.22,0.9925,62.3%
supramax,1d,top20,pct_change,10.0,20,215.47,286.59,1.52,0.9883,58.7%
supramax,1d,top20,pct_change,100.0,20,157.15,221.11,1.14,0.993,59.4%
supramax,1d,top20,pct_change,1000.0,20,164.54,224.56,1.19,0.9928,53.7%
supramax,1d,top20,pct_change,5000.0,20,170.59,229.59,1.24,0.9925,44.4%
supramax,1d,top20,pct_change,10000.0,20,171.53,230.5,1.24,0.9924,44.4%
supramax,1d,top50,level,10.0,50,192.47,250.13,1.39,0.9911,63.3%
supramax,1d,top50,level,100.0,50,314.03,396.94,2.25,0.9776,56.8%
supramax,1d,top50,level,1000.0,50,553.95,702.07,3.98,0.9299,53.7%
supramax,1d,top50,level,5000.0,50,638.06,806.73,4.66,0.9075,53.0%
supramax,1d,top50,level,10000.0,50,673.71,848.72,4.98,0.8976,52.7%
supramax,1d,top50,abs_change,10.0,50,149.36,201.84,1.08,0.9942,72.4%
supramax,1d,top50,abs_change,100.0,50,144.21,200.51,1.05,0.9943,71.3%
supramax,1d,top50,abs_change,1000.0,50,151.81,212.63,1.1,0.9936,66.9%
supramax,1d,top50,abs_change,5000.0,50,162.95,223.86,1.18,0.9929,64.3%
supramax,1d,top50,abs_change,10000.0,50,165.89,226.75,1.2,0.9927,65.6%
supramax,1d,top50,pct_change,10.0,50,317.75,413.74,2.2,0.9757,57.6%
supramax,1d,top50,pct_change,100.0,50,192.59,258.75,1.36,0.9905,60.5%
supramax,1d,top50,pct_change,1000.0,50,153.72,216.3,1.12,0.9933,64.6%
supramax,1d,top50,pct_change,5000.0,50,164.28,224.15,1.19,0.9929,57.9%
supramax,1d,top50,pct_change,10000.0,50,167.89,227.25,1.22,0.9927,50.9%
supramax,1d,top100,level,10.0,100,241.7,302.13,1.7,0.987,58.1%
supramax,1d,top100,level,100.0,100,379.1,465.98,2.69,0.9691,56.6%
supramax,1d,top100,level,1000.0,100,583.45,751.09,4.34,0.9198,52.7%
supramax,1d,top100,level,5000.0,100,1134.45,1323.86,8.46,0.7508,45.2%
supramax,1d,top100,level,10000.0,100,1403.07,1599.16,10.39,0.6363,45.2%
supramax,1d,top100,abs_change,10.0,100,165.7,215.48,1.19,0.9934,70.8%
supramax,1d,top100,abs_change,100.0,100,148.37,202.2,1.08,0.9942,68.0%
supramax,1d,top100,abs_change,1000.0,100,149.86,208.8,1.1,0.9938,64.3%
supramax,1d,top100,abs_change,5000.0,100,161.87,221.1,1.18,0.993,60.7%
supramax,1d,top100,abs_change,10000.0,100,164.76,224.49,1.19,0.9928,59.7%
supramax,1d,top100,pct_change,10.0,100,369.67,469.41,2.53,0.9687,59.4%
supramax,1d,top100,pct_change,100.0,100,213.38,273.55,1.5,0.9894,58.4%
supramax,1d,top100,pct_change,1000.0,100,150.36,211.52,1.1,0.9936,66.1%
supramax,1d,top100,pct_change,5000.0,100,160.83,220.84,1.17,0.9931,65.4%
supramax,1d,top100,pct_change,10000.0,100,164.99,224.74,1.19,0.9928,60.5%
supramax,7d,full,level,10.0,441,1464.55,1811.74,10.54,0.553,62.8%
supramax,7d,full,level,100.0,441,1197.39,1448.43,8.76,0.7143,66.4%
supramax,7d,full,level,1000.0,441,922.98,1142.27,6.89,0.8223,70.3%
supramax,7d,full,level,5000.0,441,1036.13,1323.19,7.7,0.7616,66.4%
supramax,7d,full,level,10000.0,441,1297.62,1593.03,9.57,0.6544,58.1%
supramax,7d,full,abs_change,10.0,441,1451.14,1798.83,10.48,0.5594,62.8%
supramax,7d,full,abs_change,100.0,441,1107.46,1378.84,8.07,0.7411,65.6%
supramax,7d,full,abs_change,1000.0,441,886.12,1127.38,6.56,0.8269,65.4%
supramax,7d,full,abs_change,5000.0,441,828.76,1065.81,6.14,0.8453,65.1%
supramax,7d,full,abs_change,10000.0,441,845.44,1076.44,6.22,0.8422,64.9%
supramax,7d,full,pct_change,10.0,441,1836.44,2465.16,13.7,0.1725,58.9%
supramax,7d,full,pct_change,100.0,441,1344.06,1785.06,9.9,0.5661,62.0%
supramax,7d,full,pct_change,1000.0,441,955.13,1257.92,7.03,0.7845,58.7%
supramax,7d,full,pct_change,5000.0,441,855.6,1116.67,6.29,0.8302,61.2%
supramax,7d,full,pct_change,10000.0,441,873.04,1118.38,6.4,0.8297,62.3%
supramax,7d,compact,level,10.0,218,1447.68,1912.52,11.06,0.5019,64.9%
supramax,7d,compact,level,100.0,218,1178.84,1444.92,8.8,0.7157,62.5%
supramax,7d,compact,level,1000.0,218,1141.55,1548.36,8.48,0.6735,62.0%
supramax,7d,compact,level,5000.0,218,1953.67,2394.76,14.01,0.2191,47.8%
supramax,7d,compact,level,10000.0,218,2212.62,2631.4,15.8,0.0571,47.5%
supramax,7d,compact,abs_change,10.0,218,1196.88,1655.26,9.02,0.6269,66.1%
supramax,7d,compact,abs_change,100.0,218,1027.14,1298.24,7.6,0.7705,65.6%
supramax,7d,compact,abs_change,1000.0,218,891.47,1152.94,6.56,0.819,65.4%
supramax,7d,compact,abs_change,5000.0,218,929.3,1175.23,6.76,0.8119,65.4%
supramax,7d,compact,abs_change,10000.0,218,945.06,1193.03,6.86,0.8062,64.6%
supramax,7d,compact,pct_change,10.0,218,1512.23,2121.23,11.46,0.3873,61.2%
supramax,7d,compact,pct_change,100.0,218,1211.24,1612.87,8.94,0.6458,61.0%
supramax,7d,compact,pct_change,1000.0,218,957.5,1281.39,7.0,0.7764,62.8%
supramax,7d,compact,pct_change,5000.0,218,925.18,1202.0,6.73,0.8033,64.1%
supramax,7d,compact,pct_change,10000.0,218,940.45,1203.03,6.83,0.8029,63.6%
supramax,7d,top20,level,10.0,20,879.27,1230.22,6.41,0.7939,64.6%
supramax,7d,top20,level,100.0,20,950.77,1342.44,6.85,0.7546,62.3%
supramax,7d,top20,level,1000.0,20,1003.28,1413.9,7.24,0.7278,61.0%
supramax,7d,top20,level,5000.0,20,1049.18,1441.73,7.72,0.717,61.2%
supramax,7d,top20,level,10000.0,20,1121.05,1493.81,8.37,0.6961,59.7%
supramax,7d,top20,abs_change,10.0,20,804.61,1112.19,5.89,0.8316,65.4%
supramax,7d,top20,abs_change,100.0,20,805.61,1073.98,5.88,0.8429,63.3%
supramax,7d,top20,abs_change,1000.0,20,900.48,1141.01,6.57,0.8227,68.2%
supramax,7d,top20,abs_change,5000.0,20,932.51,1173.71,6.82,0.8124,58.9%
supramax,7d,top20,abs_change,10000.0,20,937.78,1179.5,6.86,0.8106,60.5%
supramax,7d,top20,pct_change,10.0,20,799.27,1107.06,5.83,0.8331,67.2%
supramax,7d,top20,pct_change,100.0,20,814.04,1081.82,5.96,0.8406,64.1%
supramax,7d,top20,pct_change,1000.0,20,921.43,1154.24,6.72,0.8186,59.4%
supramax,7d,top20,pct_change,5000.0,20,952.35,1184.34,6.95,0.809,42.4%
supramax,7d,top20,pct_change,10000.0,20,957.24,1189.59,6.98,0.8073,42.4%
supramax,7d,top50,level,10.0,50,887.87,1166.97,6.54,0.8146,67.2%
supramax,7d,top50,level,100.0,50,866.77,1141.77,6.32,0.8225,69.8%
supramax,7d,top50,level,1000.0,50,869.88,1198.53,6.31,0.8044,60.2%
supramax,7d,top50,level,5000.0,50,915.04,1243.4,6.7,0.7895,62.8%
supramax,7d,top50,level,10000.0,50,945.6,1263.71,7.0,0.7825,62.5%
supramax,7d,top50,abs_change,10.0,50,874.98,1146.09,6.44,0.8211,66.7%
supramax,7d,top50,abs_change,100.0,50,807.21,1057.01,5.92,0.8479,68.0%
supramax,7d,top50,abs_change,1000.0,50,848.09,1088.9,6.21,0.8385,68.5%
supramax,7d,top50,abs_change,5000.0,50,910.75,1152.26,6.67,0.8192,70.0%
supramax,7d,top50,abs_change,10000.0,50,925.04,1166.68,6.77,0.8147,62.5%
supramax,7d,top50,pct_change,10.0,50,901.48,1182.86,6.58,0.8095,66.9%
supramax,7d,top50,pct_change,100.0,50,823.3,1073.73,6.03,0.843,68.7%
supramax,7d,top50,pct_change,1000.0,50,861.28,1100.19,6.32,0.8352,68.7%
supramax,7d,top50,pct_change,5000.0,50,927.76,1160.73,6.78,0.8165,49.9%
supramax,7d,top50,pct_change,10000.0,50,942.36,1174.9,6.89,0.812,48.1%
supramax,7d,top100,level,10.0,100,1075.39,1335.72,7.87,0.7571,61.8%
supramax,7d,top100,level,100.0,100,954.03,1226.11,7.01,0.7953,62.5%
supramax,7d,top100,level,1000.0,100,957.27,1266.85,7.25,0.7815,59.2%
supramax,7d,top100,level,5000.0,100,1484.52,1755.38,11.03,0.5804,48.3%
supramax,7d,top100,level,10000.0,100,1698.76,1969.86,12.53,0.4716,47.3%
supramax,7d,top100,abs_change,10.0,100,1024.61,1275.23,7.52,0.7786,63.8%
supramax,7d,top100,abs_change,100.0,100,846.61,1113.19,6.3,0.8313,61.0%
supramax,7d,top100,abs_change,1000.0,100,878.92,1103.86,6.52,0.8341,59.7%
supramax,7d,top100,abs_change,5000.0,100,922.81,1149.9,6.78,0.8199,56.3%
supramax,7d,top100,abs_change,10000.0,100,926.66,1158.93,6.79,0.8171,55.6%
supramax,7d,top100,pct_change,10.0,100,1129.34,1418.74,8.1,0.7259,65.4%
supramax,7d,top100,pct_change,100.0,100,857.55,1118.79,6.3,0.8296,65.4%
supramax,7d,top100,pct_change,1000.0,100,864.59,1092.88,6.38,0.8374,60.2%
supramax,7d,top100,pct_change,5000.0,100,926.09,1154.82,6.77,0.8184,53.5%
supramax,7d,top100,pct_change,10000.0,100,937.58,1168.61,6.85,0.814,46.8%
supramax,14d,full,level,10.0,441,2248.79,2823.97,17.2,-0.0771,69.3%
supramax,14d,full,level,100.0,441,2046.87,2452.79,15.31,0.1874,65.6%
supramax,14d,full,level,1000.0,441,1316.88,1712.18,9.69,0.6041,69.3%
supramax,14d,full,level,5000.0,441,1225.84,1623.75,9.01,0.6439,72.4%
supramax,14d,full,level,10000.0,441,1485.83,1841.56,10.86,0.542,66.7%
supramax,14d,full,abs_change,10.0,441,2236.75,2818.56,17.18,-0.073,69.0%
supramax,14d,full,abs_change,100.0,441,1961.56,2418.59,14.77,0.2099,66.1%
supramax,14d,full,abs_change,1000.0,441,1445.62,1880.41,10.7,0.5224,64.6%
supramax,14d,full,abs_change,5000.0,441,1301.65,1724.72,9.59,0.5982,63.0%
supramax,14d,full,abs_change,10000.0,441,1339.02,1736.7,9.82,0.5926,62.8%
supramax,14d,full,pct_change,10.0,441,2996.48,3771.95,23.32,-0.9216,62.8%
supramax,14d,full,pct_change,100.0,441,2352.52,3069.04,17.93,-0.2722,63.8%
supramax,14d,full,pct_change,1000.0,441,1624.92,2180.28,12.06,0.358,60.7%
supramax,14d,full,pct_change,5000.0,441,1360.71,1827.3,9.98,0.549,66.1%
supramax,14d,full,pct_change,10000.0,441,1368.14,1798.94,10.01,0.5629,66.1%
supramax,14d,compact,level,10.0,218,2322.73,2770.58,17.59,-0.0368,64.1%
supramax,14d,compact,level,100.0,218,1997.99,2383.71,14.79,0.2326,63.3%
supramax,14d,compact,level,1000.0,218,1240.0,1579.09,9.2,0.6632,69.0%
supramax,14d,compact,level,5000.0,218,1889.23,2317.97,13.76,0.2743,51.9%
supramax,14d,compact,level,10000.0,218,2172.09,2639.99,15.64,0.0587,51.7%
supramax,14d,compact,abs_change,10.0,218,2075.25,2511.32,15.62,0.1482,64.6%
supramax,14d,compact,abs_change,100.0,218,1902.76,2359.7,14.36,0.2479,62.5%
supramax,14d,compact,abs_change,1000.0,218,1519.99,1973.59,11.23,0.4739,63.6%
supramax,14d,compact,abs_change,5000.0,218,1402.61,1815.36,10.17,0.5549,63.8%
supramax,14d,compact,abs_change,10000.0,218,1426.33,1829.91,10.31,0.5477,63.0%
supramax,14d,compact,pct_change,10.0,218,2596.45,3238.95,19.94,-0.4169,58.4%
supramax,14d,compact,pct_change,100.0,218,2213.4,2873.17,16.81,-0.115,57.4%
supramax,14d,compact,pct_change,1000.0,218,1692.64,2283.35,12.54,0.2958,58.7%
supramax,14d,compact,pct_change,5000.0,218,1437.13,1929.5,10.43,0.4972,63.0%
supramax,14d,compact,pct_change,10000.0,218,1437.7,1884.18,10.42,0.5205,62.3%
supramax,14d,top20,level,10.0,20,1248.69,1791.41,9.09,0.5666,71.6%
supramax,14d,top20,level,100.0,20,1225.24,1747.67,8.91,0.5875,67.7%
supramax,14d,top20,level,1000.0,20,1271.05,1767.24,9.32,0.5782,63.0%
supramax,14d,top20,level,5000.0,20,1311.93,1772.11,9.72,0.5759,63.3%
supramax,14d,top20,level,10000.0,20,1359.3,1793.2,10.16,0.5657,61.2%
supramax,14d,top20,abs_change,10.0,20,1215.99,1704.34,8.89,0.6077,69.0%
supramax,14d,top20,abs_change,100.0,20,1246.32,1633.37,9.1,0.6397,68.7%
supramax,14d,top20,abs_change,1000.0,20,1415.23,1778.71,10.34,0.5727,70.8%
supramax,14d,top20,abs_change,5000.0,20,1456.91,1826.79,10.65,0.5493,59.2%
supramax,14d,top20,abs_change,10000.0,20,1463.6,1835.64,10.7,0.5449,59.2%
supramax,14d,top20,pct_change,10.0,20,1205.07,1680.81,8.81,0.6184,71.1%
supramax,14d,top20,pct_change,100.0,20,1283.4,1659.58,9.42,0.628,69.3%
supramax,14d,top20,pct_change,1000.0,20,1460.72,1816.39,10.64,0.5544,47.8%
supramax,14d,top20,pct_change,5000.0,20,1498.1,1861.53,10.9,0.532,43.9%
supramax,14d,top20,pct_change,10000.0,20,1504.16,1869.46,10.94,0.528,43.9%
supramax,14d,top50,level,10.0,50,1365.99,1882.87,10.19,0.5212,72.4%
supramax,14d,top50,level,100.0,50,1270.84,1722.35,9.28,0.5993,71.6%
supramax,14d,top50,level,1000.0,50,1213.83,1639.5,8.92,0.637,66.7%
supramax,14d,top50,level,5000.0,50,1284.96,1664.34,9.5,0.6259,65.6%
supramax,14d,top50,level,10000.0,50,1304.36,1670.03,9.69,0.6233,63.8%
supramax,14d,top50,abs_change,10.0,50,1363.23,1868.62,10.18,0.5284,71.1%
supramax,14d,top50,abs_change,100.0,50,1228.45,1650.81,9.03,0.6319,68.7%
supramax,14d,top50,abs_change,1000.0,50,1303.04,1666.21,9.57,0.625,69.8%
supramax,14d,top50,abs_change,5000.0,50,1420.48,1786.3,10.4,0.569,66.4%
supramax,14d,top50,abs_change,10000.0,50,1442.99,1811.35,10.56,0.5569,58.7%
supramax,14d,top50,pct_change,10.0,50,1341.33,1842.99,9.97,0.5412,70.8%
supramax,14d,top50,pct_change,100.0,50,1226.82,1633.8,9.03,0.6395,67.2%
supramax,14d,top50,pct_change,1000.0,50,1348.58,1695.61,9.91,0.6117,72.1%
supramax,14d,top50,pct_change,5000.0,50,1461.05,1815.34,10.66,0.5549,50.1%
supramax,14d,top50,pct_change,10000.0,50,1481.9,1840.46,10.8,0.5425,47.0%
supramax,14d,top100,level,10.0,100,1661.53,2100.12,12.3,0.4043,64.9%
supramax,14d,top100,level,100.0,100,1457.18,1891.91,10.68,0.5166,65.6%
supramax,14d,top100,level,1000.0,100,1294.51,1677.05,9.74,0.6201,64.3%
supramax,14d,top100,level,5000.0,100,1729.91,2082.01,12.81,0.4145,56.1%
supramax,14d,top100,level,10000.0,100,1901.56,2261.3,13.98,0.3094,51.2%
supramax,14d,top100,abs_change,10.0,100,1627.55,2050.96,12.08,0.4319,64.6%
supramax,14d,top100,abs_change,100.0,100,1398.29,1810.01,10.31,0.5575,65.1%
supramax,14d,top100,abs_change,1000.0,100,1307.6,1666.42,9.69,0.6249,63.0%
supramax,14d,top100,abs_change,5000.0,100,1387.57,1746.63,10.19,0.588,60.7%
supramax,14d,top100,abs_change,10000.0,100,1410.31,1771.16,10.33,0.5763,61.0%
supramax,14d,top100,pct_change,10.0,100,1704.07,2135.42,12.5,0.3841,66.1%
supramax,14d,top100,pct_change,100.0,100,1366.45,1769.88,10.09,0.5769,61.2%
supramax,14d,top100,pct_change,1000.0,100,1336.38,1690.15,9.87,0.6142,61.5%
supramax,14d,top100,pct_change,5000.0,100,1428.54,1785.19,10.45,0.5696,53.5%
supramax,14d,top100,pct_change,10000.0,100,1453.09,1812.23,10.61,0.5564,49.9%
supramax,30d,full,level,10.0,441,3018.54,3890.62,24.37,-1.2166,66.1%
supramax,30d,full,level,100.0,441,3035.16,3721.55,24.31,-1.0282,63.8%
supramax,30d,full,level,1000.0,441,2405.25,3133.23,18.92,-0.4376,63.6%
supramax,30d,full,level,5000.0,441,1635.34,2220.18,12.36,0.2782,72.4%
supramax,30d,full,level,10000.0,441,1596.16,2088.37,11.86,0.3613,66.7%
supramax,30d,full,abs_change,10.0,441,3059.36,3910.85,24.69,-1.2397,63.6%
supramax,30d,full,abs_change,100.0,441,3060.31,3724.09,24.45,-1.0309,58.7%
supramax,30d,full,abs_change,1000.0,441,2635.66,3371.96,20.82,-0.665,60.7%
supramax,30d,full,abs_change,5000.0,441,2107.53,2758.92,16.08,-0.1146,61.5%
supramax,30d,full,abs_change,10000.0,441,1981.48,2608.01,14.97,0.004,60.5%
supramax,30d,full,pct_change,10.0,441,4017.79,4882.82,33.8,-2.4914,62.0%
supramax,30d,full,pct_change,100.0,441,3852.47,4634.99,31.98,-2.146,58.7%
supramax,30d,full,pct_change,1000.0,441,2831.89,3554.6,22.54,-0.8503,62.5%
supramax,30d,full,pct_change,5000.0,441,2069.72,2737.76,15.76,-0.0976,61.5%
supramax,30d,full,pct_change,10000.0,441,1922.6,2575.0,14.44,0.029,61.8%
supramax,30d,compact,level,10.0,218,3636.09,4792.34,32.67,-2.3632,61.5%
supramax,30d,compact,level,100.0,218,3091.99,3820.41,25.26,-1.1374,63.6%
supramax,30d,compact,level,1000.0,218,1834.95,2441.51,14.17,0.1271,74.4%
supramax,30d,compact,level,5000.0,218,1688.95,2125.43,12.54,0.3385,64.1%
supramax,30d,compact,level,10000.0,218,1916.64,2357.51,14.05,0.1861,62.5%
supramax,30d,compact,abs_change,10.0,218,3387.16,4567.81,30.04,-2.0554,63.3%
supramax,30d,compact,abs_change,100.0,218,3066.4,4017.96,25.69,-1.3641,65.9%
supramax,30d,compact,abs_change,1000.0,218,2506.86,3442.05,20.55,-0.735,66.9%
supramax,30d,compact,abs_change,5000.0,218,2077.28,2733.39,15.89,-0.0941,69.5%
supramax,30d,compact,abs_change,10000.0,218,1918.49,2546.63,14.43,0.0503,67.2%
supramax,30d,compact,pct_change,10.0,218,4013.97,4796.56,33.22,-2.3691,60.7%
supramax,30d,compact,pct_change,100.0,218,3626.92,4524.84,30.27,-1.9982,60.5%
supramax,30d,compact,pct_change,1000.0,218,2723.72,3705.3,22.53,-1.0105,63.8%
supramax,30d,compact,pct_change,5000.0,218,2129.41,2839.98,16.28,-0.1811,66.1%
supramax,30d,compact,pct_change,10000.0,218,1953.65,2617.53,14.6,-0.0033,61.5%
supramax,30d,top20,level,10.0,20,1754.64,2214.75,12.98,0.2817,70.8%
supramax,30d,top20,level,100.0,20,1571.76,2014.59,11.84,0.4057,70.8%
supramax,30d,top20,level,1000.0,20,1608.96,2063.26,12.19,0.3766,72.6%
supramax,30d,top20,level,5000.0,20,1579.4,2036.66,11.93,0.3926,74.4%
supramax,30d,top20,level,10000.0,20,1562.81,2016.59,11.78,0.4045,75.7%
supramax,30d,top20,abs_change,10.0,20,1664.22,2134.22,12.32,0.333,71.1%
supramax,30d,top20,abs_change,100.0,20,1659.69,2104.58,12.44,0.3514,72.6%
supramax,30d,top20,abs_change,1000.0,20,1904.9,2442.06,14.08,0.1267,68.7%
supramax,30d,top20,abs_change,5000.0,20,1966.24,2512.96,14.52,0.0752,59.4%
supramax,30d,top20,abs_change,10000.0,20,1979.3,2527.95,14.62,0.0642,56.8%
supramax,30d,top20,pct_change,10.0,20,1682.28,2127.34,12.57,0.3373,70.8%
supramax,30d,top20,pct_change,100.0,20,1742.7,2193.94,13.02,0.2951,72.6%
supramax,30d,top20,pct_change,1000.0,20,2020.85,2559.12,14.77,0.041,48.6%
supramax,30d,top20,pct_change,5000.0,20,2070.53,2624.44,15.08,-0.0086,48.6%
supramax,30d,top20,pct_change,10000.0,20,2080.69,2636.43,15.15,-0.0179,48.6%
supramax,30d,top50,level,10.0,50,1553.95,2078.66,11.72,0.3673,73.1%
supramax,30d,top50,level,100.0,50,1453.54,1861.26,10.89,0.4927,71.8%
supramax,30d,top50,level,1000.0,50,1594.71,1990.01,11.94,0.4201,71.8%
supramax,30d,top50,level,5000.0,50,1631.83,2087.1,12.24,0.3621,72.9%
supramax,30d,top50,level,10000.0,50,1619.95,2087.3,12.16,0.362,72.9%
supramax,30d,top50,abs_change,10.0,50,1560.65,2080.86,11.76,0.3659,73.1%
supramax,30d,top50,abs_change,100.0,50,1450.34,1869.82,10.84,0.488,71.3%
supramax,30d,top50,abs_change,1000.0,50,1736.57,2191.49,12.84,0.2967,70.0%
supramax,30d,top50,abs_change,5000.0,50,1899.84,2417.9,14.03,0.1439,64.1%
supramax,30d,top50,abs_change,10000.0,50,1935.38,2464.63,14.3,0.1105,68.2%
supramax,30d,top50,pct_change,10.0,50,1933.09,2434.89,14.58,0.1318,59.2%
supramax,30d,top50,pct_change,100.0,50,1681.8,2108.39,12.45,0.349,60.2%
supramax,30d,top50,pct_change,1000.0,50,1894.06,2364.99,13.91,0.1809,55.6%
supramax,30d,top50,pct_change,5000.0,50,2012.84,2536.55,14.71,0.0578,52.2%
supramax,30d,top50,pct_change,10000.0,50,2037.08,2572.9,14.87,0.0306,48.6%
supramax,30d,top100,level,10.0,100,2291.83,2774.0,17.19,-0.1269,70.0%
supramax,30d,top100,level,100.0,100,1869.63,2321.34,13.75,0.2109,70.5%
supramax,30d,top100,level,1000.0,100,1460.68,1916.76,11.0,0.462,71.6%
supramax,30d,top100,level,5000.0,100,1747.04,2215.68,12.98,0.2811,70.3%
supramax,30d,top100,level,10000.0,100,1913.84,2388.33,14.07,0.1647,63.8%
supramax,30d,top100,abs_change,10.0,100,2255.3,2741.61,16.87,-0.1007,69.8%
supramax,30d,top100,abs_change,100.0,100,1848.13,2305.7,13.55,0.2215,70.8%
supramax,30d,top100,abs_change,1000.0,100,1652.35,2108.95,12.17,0.3487,71.3%
supramax,30d,top100,abs_change,5000.0,100,1759.15,2253.61,12.93,0.2563,67.2%
supramax,30d,top100,abs_change,10000.0,100,1821.51,2330.81,13.41,0.2044,67.7%
supramax,30d,top100,pct_change,10.0,100,2550.06,3155.35,19.45,-0.458,62.8%
supramax,30d,top100,pct_change,100.0,100,1921.48,2379.27,14.31,0.171,61.5%
supramax,30d,top100,pct_change,1000.0,100,1743.73,2247.42,12.95,0.2604,65.6%
supramax,30d,top100,pct_change,5000.0,100,1881.96,2412.47,13.81,0.1477,65.1%
supramax,30d,top100,pct_change,10000.0,100,1937.87,2475.88,14.19,0.1023,51.7%
handy,1d,full,level,10.0,441,220.46,314.45,2.27,0.9747,54.5%
handy,1d,full,level,100.0,441,347.31,428.71,3.62,0.953,61.2%
handy,1d,full,level,1000.0,441,492.49,643.88,4.86,0.894,58.4%
handy,1d,full,level,5000.0,441,1014.17,1304.8,9.29,0.5645,47.3%
handy,1d,full,level,10000.0,441,1543.77,1775.15,14.08,0.194,42.9%
handy,1d,full,abs_change,10.0,441,150.78,223.93,1.51,0.9872,61.8%
handy,1d,full,abs_change,100.0,441,122.74,170.47,1.22,0.9926,66.4%
handy,1d,full,abs_change,1000.0,441,103.69,142.63,1.04,0.9948,65.1%
handy,1d,full,abs_change,5000.0,441,98.48,134.83,0.98,0.9954,63.3%
handy,1d,full,abs_change,10000.0,441,96.34,133.14,0.96,0.9955,65.1%
handy,1d,full,pct_change,10.0,441,274.7,415.52,2.8,0.9558,49.4%
handy,1d,full,pct_change,100.0,441,209.48,282.77,2.09,0.9795,52.7%
handy,1d,full,pct_change,1000.0,441,135.23,174.73,1.34,0.9922,55.0%
handy,1d,full,pct_change,5000.0,441,107.32,144.97,1.07,0.9946,56.3%
handy,1d,full,pct_change,10000.0,441,103.84,141.31,1.03,0.9949,56.8%
handy,1d,compact,level,10.0,218,441.94,652.55,4.43,0.8911,50.4%
handy,1d,compact,level,100.0,218,670.55,904.72,6.56,0.7906,48.8%
handy,1d,compact,level,1000.0,218,968.09,1469.17,9.08,0.4479,43.2%
handy,1d,compact,level,5000.0,218,2164.2,2466.72,19.53,-0.5564,42.9%
handy,1d,compact,level,10000.0,218,2522.31,2747.35,22.65,-0.9307,42.9%
handy,1d,compact,abs_change,10.0,218,167.85,275.26,1.7,0.9806,59.7%
handy,1d,compact,abs_change,100.0,218,133.97,183.34,1.35,0.9914,59.4%
handy,1d,compact,abs_change,1000.0,218,117.34,162.77,1.17,0.9932,58.4%
handy,1d,compact,abs_change,5000.0,218,117.78,166.12,1.17,0.9929,60.2%
handy,1d,compact,abs_change,10000.0,218,116.5,163.01,1.16,0.9932,59.4%
handy,1d,compact,pct_change,10.0,218,206.04,306.16,2.02,0.976,57.4%
handy,1d,compact,pct_change,100.0,218,154.81,204.35,1.51,0.9893,57.9%
handy,1d,compact,pct_change,1000.0,218,113.14,153.57,1.12,0.994,55.8%
handy,1d,compact,pct_change,5000.0,218,106.95,146.02,1.07,0.9945,58.1%
handy,1d,compact,pct_change,10000.0,218,107.8,146.33,1.07,0.9945,58.9%
handy,1d,top20,level,10.0,20,110.09,151.09,1.08,0.9942,66.4%
handy,1d,top20,level,100.0,20,170.0,232.49,1.66,0.9862,51.9%
handy,1d,top20,level,1000.0,20,325.16,417.46,3.14,0.9554,38.8%
handy,1d,top20,level,5000.0,20,413.38,517.72,4.2,0.9314,40.6%
handy,1d,top20,level,10000.0,20,524.15,639.32,5.54,0.8955,42.4%
handy,1d,top20,abs_change,10.0,20,93.35,125.81,0.92,0.996,67.7%
handy,1d,top20,abs_change,100.0,20,96.4,132.36,0.95,0.9955,68.0%
handy,1d,top20,abs_change,1000.0,20,99.65,136.09,0.99,0.9953,62.8%
handy,1d,top20,abs_change,5000.0,20,102.85,139.09,1.03,0.9951,61.5%
handy,1d,top20,abs_change,10000.0,20,103.43,139.66,1.03,0.995,57.4%
handy,1d,top20,pct_change,10.0,20,113.76,156.56,1.12,0.9937,62.3%
handy,1d,top20,pct_change,100.0,20,101.99,140.0,1.01,0.995,60.7%
handy,1d,top20,pct_change,1000.0,20,103.0,138.73,1.03,0.9951,49.6%
handy,1d,top20,pct_change,5000.0,20,104.63,140.15,1.05,0.995,42.6%
handy,1d,top20,pct_change,10000.0,20,104.93,140.43,1.05,0.995,42.9%
handy,1d,top50,level,10.0,50,130.96,174.63,1.3,0.9922,66.9%
handy,1d,top50,level,100.0,50,196.97,254.08,1.96,0.9835,56.1%
handy,1d,top50,level,1000.0,50,363.94,525.98,3.45,0.9292,46.3%
handy,1d,top50,level,5000.0,50,634.17,909.89,5.86,0.7882,49.1%
handy,1d,top50,level,10000.0,50,715.7,1008.64,6.72,0.7398,46.0%
handy,1d,top50,abs_change,10.0,50,101.81,135.64,1.0,0.9953,70.5%
handy,1d,top50,abs_change,100.0,50,97.08,130.25,0.95,0.9957,67.7%
handy,1d,top50,abs_change,1000.0,50,93.03,128.6,0.92,0.9958,67.4%
handy,1d,top50,abs_change,5000.0,50,99.15,135.44,0.99,0.9953,65.4%
handy,1d,top50,abs_change,10000.0,50,101.3,137.58,1.01,0.9952,66.4%
handy,1d,top50,pct_change,10.0,50,150.25,199.87,1.44,0.9898,62.3%
handy,1d,top50,pct_change,100.0,50,107.75,147.54,1.05,0.9944,64.6%
handy,1d,top50,pct_change,1000.0,50,96.51,132.67,0.96,0.9955,66.4%
handy,1d,top50,pct_change,5000.0,50,101.19,136.89,1.01,0.9952,64.6%
handy,1d,top50,pct_change,10000.0,50,102.95,138.55,1.03,0.9951,47.0%
handy,1d,top100,level,10.0,100,170.03,209.38,1.72,0.9888,52.5%
handy,1d,top100,level,100.0,100,260.63,310.92,2.65,0.9753,48.3%
handy,1d,top100,level,1000.0,100,388.76,541.88,3.81,0.9249,43.9%
handy,1d,top100,level,5000.0,100,1317.74,1435.65,12.55,0.4728,42.9%
handy,1d,top100,level,10000.0,100,1727.22,1829.81,16.22,0.1436,42.9%
handy,1d,top100,abs_change,10.0,100,120.91,154.23,1.19,0.9939,60.2%
handy,1d,top100,abs_change,100.0,100,101.79,133.44,1.01,0.9954,62.8%
handy,1d,top100,abs_change,1000.0,100,95.15,129.08,0.96,0.9957,61.0%
handy,1d,top100,abs_change,5000.0,100,99.6,134.73,1.0,0.9954,59.2%
handy,1d,top100,abs_change,10000.0,100,100.91,136.54,1.01,0.9952,59.9%
handy,1d,top100,pct_change,10.0,100,201.51,258.68,1.9,0.9829,57.1%
handy,1d,top100,pct_change,100.0,100,129.93,169.48,1.26,0.9927,62.0%
handy,1d,top100,pct_change,1000.0,100,97.43,134.88,0.97,0.9953,66.9%
handy,1d,top100,pct_change,5000.0,100,99.25,135.84,0.99,0.9953,66.1%
handy,1d,top100,pct_change,10000.0,100,101.02,137.29,1.01,0.9952,63.0%
handy,7d,full,level,10.0,441,1076.8,1525.4,10.63,0.4417,66.9%
handy,7d,full,level,100.0,441,904.27,1127.2,9.07,0.6951,63.8%
handy,7d,full,level,1000.0,441,720.12,954.27,7.0,0.7815,61.0%
handy,7d,full,level,5000.0,441,1118.31,1483.84,10.36,0.4717,53.2%
handy,7d,full,level,10000.0,441,1595.57,1931.49,14.68,0.1049,40.8%
handy,7d,full,abs_change,10.0,441,1028.5,1522.74,10.03,0.4437,70.0%
handy,7d,full,abs_change,100.0,441,768.6,1053.74,7.51,0.7336,70.8%
handy,7d,full,abs_change,1000.0,441,605.24,805.22,6.08,0.8444,68.5%
handy,7d,full,abs_change,5000.0,441,562.05,768.95,5.68,0.8581,62.8%
handy,7d,full,abs_change,10000.0,441,550.24,758.16,5.57,0.8621,61.5%
handy,7d,full,pct_change,10.0,441,969.44,1295.65,9.81,0.5972,64.6%
handy,7d,full,pct_change,100.0,441,772.73,1025.81,7.79,0.7475,66.9%
handy,7d,full,pct_change,1000.0,441,582.23,780.09,5.93,0.854,64.6%
handy,7d,full,pct_change,5000.0,441,507.1,695.7,5.2,0.8839,60.2%
handy,7d,full,pct_change,10000.0,441,505.48,692.75,5.19,0.8849,60.2%
handy,7d,compact,level,10.0,218,1128.16,1590.5,11.17,0.393,57.4%
handy,7d,compact,level,100.0,218,1204.73,1618.13,11.7,0.3718,56.1%
handy,7d,compact,level,1000.0,218,1150.99,1771.53,10.91,0.247,48.8%
handy,7d,compact,level,5000.0,218,2266.48,2759.93,20.42,-0.8276,40.1%
handy,7d,compact,level,10000.0,218,2625.78,3025.66,23.51,-1.1965,40.1%
handy,7d,compact,abs_change,10.0,218,940.99,1355.35,9.37,0.5592,61.0%
handy,7d,compact,abs_change,100.0,218,784.4,1095.62,7.77,0.712,62.3%
handy,7d,compact,abs_change,1000.0,218,608.44,874.42,6.12,0.8165,64.6%
handy,7d,compact,abs_change,5000.0,218,604.47,903.95,6.07,0.8039,60.5%
handy,7d,compact,abs_change,10000.0,218,606.78,897.02,6.1,0.8069,59.4%
handy,7d,compact,pct_change,10.0,218,992.95,1334.59,10.11,0.5727,57.6%
handy,7d,compact,pct_change,100.0,218,807.07,1041.14,8.1,0.7399,59.7%
handy,7d,compact,pct_change,1000.0,218,592.59,809.5,6.06,0.8428,59.7%
handy,7d,compact,pct_change,5000.0,218,550.15,755.43,5.67,0.8631,60.2%
handy,7d,compact,pct_change,10000.0,218,558.78,758.46,5.75,0.862,63.6%
handy,7d,top20,level,10.0,20,527.44,699.57,5.32,0.8826,65.4%
handy,7d,top20,level,100.0,20,516.69,697.35,5.24,0.8833,64.1%
handy,7d,top20,level,1000.0,20,644.38,813.65,6.56,0.8412,32.8%
handy,7d,top20,level,5000.0,20,710.13,881.07,7.35,0.8137,42.1%
handy,7d,top20,level,10000.0,20,765.27,958.79,8.05,0.7794,43.7%
handy,7d,top20,abs_change,10.0,20,520.02,688.71,5.26,0.8862,65.4%
handy,7d,top20,abs_change,100.0,20,482.76,655.54,4.93,0.8969,62.0%
handy,7d,top20,abs_change,1000.0,20,508.21,684.27,5.27,0.8877,63.0%
handy,7d,top20,abs_change,5000.0,20,521.91,697.0,5.43,0.8834,55.6%
handy,7d,top20,abs_change,10000.0,20,524.05,699.2,5.45,0.8827,55.0%
handy,7d,top20,pct_change,10.0,20,522.36,691.99,5.33,0.8851,64.3%
handy,7d,top20,pct_change,100.0,20,511.67,683.81,5.26,0.8878,60.5%
handy,7d,top20,pct_change,1000.0,20,527.66,699.3,5.46,0.8827,44.2%
handy,7d,top20,pct_change,5000.0,20,536.23,705.65,5.56,0.8805,40.1%
handy,7d,top20,pct_change,10000.0,20,537.73,706.86,5.57,0.8801,40.1%
handy,7d,top50,level,10.0,50,614.47,821.45,6.35,0.8381,68.7%
handy,7d,top50,level,100.0,50,526.3,705.49,5.32,0.8806,69.3%
handy,7d,top50,level,1000.0,50,601.63,764.38,6.0,0.8598,54.8%
handy,7d,top50,level,5000.0,50,861.54,1080.81,8.36,0.7197,48.1%
handy,7d,top50,level,10000.0,50,929.28,1171.16,9.05,0.6709,43.2%
handy,7d,top50,abs_change,10.0,50,604.87,805.22,6.24,0.8444,68.0%
handy,7d,top50,abs_change,100.0,50,515.55,689.89,5.22,0.8858,68.2%
handy,7d,top50,abs_change,1000.0,50,461.71,639.98,4.77,0.9017,64.6%
handy,7d,top50,abs_change,5000.0,50,502.41,679.36,5.22,0.8893,66.1%
handy,7d,top50,abs_change,10000.0,50,513.43,690.24,5.34,0.8857,61.5%
handy,7d,top50,pct_change,10.0,50,522.5,712.88,5.33,0.8781,69.3%
handy,7d,top50,pct_change,100.0,50,489.04,666.39,5.0,0.8935,68.2%
handy,7d,top50,pct_change,1000.0,50,483.56,659.83,5.0,0.8955,67.7%
handy,7d,top50,pct_change,5000.0,50,518.91,690.28,5.38,0.8857,45.0%
handy,7d,top50,pct_change,10000.0,50,527.47,698.31,5.47,0.883,45.0%
handy,7d,top100,level,10.0,100,796.72,980.12,8.21,0.7695,57.4%
handy,7d,top100,level,100.0,100,658.37,844.13,6.76,0.829,53.5%
handy,7d,top100,level,1000.0,100,735.8,902.03,7.54,0.8048,45.5%
handy,7d,top100,level,5000.0,100,1482.8,1666.94,14.33,0.3333,40.1%
handy,7d,top100,level,10000.0,100,1821.44,1998.56,17.31,0.0416,40.1%
handy,7d,top100,abs_change,10.0,100,762.7,943.87,7.81,0.7862,59.4%
handy,7d,top100,abs_change,100.0,100,584.85,750.88,6.01,0.8647,61.0%
handy,7d,top100,abs_change,1000.0,100,512.44,677.57,5.43,0.8898,58.1%
handy,7d,top100,abs_change,5000.0,100,524.56,685.66,5.5,0.8872,51.9%
handy,7d,top100,abs_change,10000.0,100,519.92,686.89,5.43,0.8868,53.5%
handy,7d,top100,pct_change,10.0,100,806.71,1003.15,7.96,0.7586,64.6%
handy,7d,top100,pct_change,100.0,100,601.33,781.65,6.08,0.8534,64.6%
handy,7d,top100,pct_change,1000.0,100,483.48,662.14,5.05,0.8948,60.2%
handy,7d,top100,pct_change,5000.0,100,512.9,681.65,5.34,0.8885,54.3%
handy,7d,top100,pct_change,10000.0,100,521.16,689.57,5.42,0.8859,47.8%
handy,14d,full,level,10.0,441,1712.2,2305.64,17.6,-0.2298,71.3%
handy,14d,full,level,100.0,441,1497.38,1857.41,15.21,0.2019,65.9%
handy,14d,full,level,1000.0,441,1011.85,1298.22,10.03,0.6101,66.7%
handy,14d,full,level,5000.0,441,1240.88,1654.66,11.77,0.3666,57.4%
handy,14d,full,level,10000.0,441,1668.46,2086.09,15.53,-0.0067,44.4%
handy,14d,full,abs_change,10.0,441,1673.55,2309.55,17.01,-0.2339,71.6%
handy,14d,full,abs_change,100.0,441,1375.96,1823.03,13.68,0.2312,72.6%
handy,14d,full,abs_change,1000.0,441,1027.0,1327.71,10.42,0.5922,69.0%
handy,14d,full,abs_change,5000.0,441,931.65,1286.41,9.48,0.6172,68.2%
handy,14d,full,abs_change,10000.0,441,918.87,1287.98,9.32,0.6162,67.7%
handy,14d,full,pct_change,10.0,441,1826.21,2273.16,19.21,-0.1954,64.9%
handy,14d,full,pct_change,100.0,441,1479.85,1897.4,15.48,0.1672,69.3%
handy,14d,full,pct_change,1000.0,441,1060.07,1402.35,11.15,0.5451,65.6%
handy,14d,full,pct_change,5000.0,441,866.23,1168.07,9.04,0.6844,65.1%
handy,14d,full,pct_change,10000.0,441,844.86,1149.62,8.78,0.6943,64.3%
handy,14d,compact,level,10.0,218,1836.65,2328.6,18.34,-0.2544,61.5%
handy,14d,compact,level,100.0,218,1704.03,2185.3,16.79,-0.1048,64.3%
handy,14d,compact,level,1000.0,218,1214.92,1702.62,11.83,0.3294,55.6%
handy,14d,compact,level,5000.0,218,2217.78,2770.74,20.25,-0.776,41.1%
handy,14d,compact,level,10000.0,218,2618.68,3121.69,23.56,-1.2543,40.6%
handy,14d,compact,abs_change,10.0,218,1680.98,2179.39,16.81,-0.0988,64.3%
handy,14d,compact,abs_change,100.0,218,1485.85,1872.77,14.75,0.1886,65.6%
handy,14d,compact,abs_change,1000.0,218,1075.5,1419.08,10.84,0.5341,68.2%
handy,14d,compact,abs_change,5000.0,218,949.87,1398.62,9.52,0.5475,69.5%
handy,14d,compact,abs_change,10000.0,218,964.92,1416.12,9.65,0.5361,67.7%
handy,14d,compact,pct_change,10.0,218,1963.9,2511.65,21.04,-0.4593,56.6%
handy,14d,compact,pct_change,100.0,218,1586.07,1962.64,16.49,0.1089,59.9%
handy,14d,compact,pct_change,1000.0,218,1105.05,1482.75,11.56,0.4914,61.0%
handy,14d,compact,pct_change,5000.0,218,897.15,1237.85,9.35,0.6455,66.4%
handy,14d,compact,pct_change,10000.0,218,898.43,1219.95,9.3,0.6557,61.5%
handy,14d,top20,level,10.0,20,914.36,1159.33,9.42,0.6891,66.4%
handy,14d,top20,level,100.0,20,838.57,1090.06,8.65,0.7251,59.7%
handy,14d,top20,level,1000.0,20,970.89,1217.74,9.98,0.657,35.7%
handy,14d,top20,level,5000.0,20,1013.47,1259.35,10.51,0.6331,43.2%
handy,14d,top20,level,10000.0,20,1034.38,1299.15,10.8,0.6096,46.8%
handy,14d,top20,abs_change,10.0,20,902.68,1148.37,9.32,0.6949,66.7%
handy,14d,top20,abs_change,100.0,20,809.29,1051.79,8.42,0.7441,66.9%
handy,14d,top20,abs_change,1000.0,20,853.47,1107.81,8.91,0.7161,59.7%
handy,14d,top20,abs_change,5000.0,20,873.29,1124.89,9.12,0.7073,57.1%
handy,14d,top20,abs_change,10000.0,20,876.33,1128.35,9.15,0.7055,56.8%
handy,14d,top20,pct_change,10.0,20,926.3,1144.98,9.53,0.6967,65.4%
handy,14d,top20,pct_change,100.0,20,860.89,1114.0,8.91,0.7129,61.8%
handy,14d,top20,pct_change,1000.0,20,902.82,1145.75,9.35,0.6963,44.2%
handy,14d,top20,pct_change,5000.0,20,915.83,1155.25,9.48,0.6913,40.6%
handy,14d,top20,pct_change,10000.0,20,918.26,1157.41,9.5,0.6901,40.6%
handy,14d,top50,level,10.0,50,1085.96,1455.26,11.76,0.5101,71.3%
handy,14d,top50,level,100.0,50,901.57,1162.59,9.32,0.6873,70.5%
handy,14d,top50,level,1000.0,50,870.02,1080.63,8.9,0.7299,60.2%
handy,14d,top50,level,5000.0,50,1098.19,1334.08,10.99,0.5883,49.4%
handy,14d,top50,level,10000.0,50,1143.94,1397.11,11.44,0.5485,45.7%
handy,14d,top50,abs_change,10.0,50,1066.85,1439.25,11.55,0.5208,71.1%
handy,14d,top50,abs_change,100.0,50,900.52,1176.11,9.37,0.68,70.3%
handy,14d,top50,abs_change,1000.0,50,752.61,1014.87,7.87,0.7617,71.3%
handy,14d,top50,abs_change,5000.0,50,839.36,1095.83,8.78,0.7222,66.9%
handy,14d,top50,abs_change,10000.0,50,858.63,1115.02,8.98,0.7124,59.2%
handy,14d,top50,pct_change,10.0,50,857.62,1154.97,9.04,0.6914,73.4%
handy,14d,top50,pct_change,100.0,50,810.52,1071.68,8.42,0.7343,73.1%
handy,14d,top50,pct_change,1000.0,50,818.2,1072.11,8.51,0.7341,70.8%
handy,14d,top50,pct_change,5000.0,50,888.55,1132.25,9.22,0.7034,45.0%
handy,14d,top50,pct_change,10000.0,50,902.26,1145.01,9.35,0.6967,40.6%
handy,14d,top100,level,10.0,100,1473.04,1746.1,15.27,0.2947,64.3%
handy,14d,top100,level,100.0,100,1123.29,1380.82,11.52,0.5589,61.5%
handy,14d,top100,level,1000.0,100,984.2,1231.01,10.27,0.6494,50.4%
handy,14d,top100,level,5000.0,100,1611.39,1887.82,15.77,0.1756,40.6%
handy,14d,top100,level,10000.0,100,1902.09,2168.45,18.27,-0.0878,40.6%
handy,14d,top100,abs_change,10.0,100,1448.98,1715.42,14.95,0.3193,66.1%
handy,14d,top100,abs_change,100.0,100,1059.36,1294.83,10.83,0.6121,66.4%
handy,14d,top100,abs_change,1000.0,100,815.42,1072.38,8.66,0.734,60.2%
handy,14d,top100,abs_change,5000.0,100,867.11,1095.99,9.13,0.7221,56.6%
handy,14d,top100,abs_change,10000.0,100,866.72,1098.66,9.09,0.7208,56.3%
handy,14d,top100,pct_change,10.0,100,1530.24,1833.74,15.42,0.2221,62.5%
handy,14d,top100,pct_change,100.0,100,1108.08,1354.17,11.24,0.5758,65.1%
handy,14d,top100,pct_change,1000.0,100,807.88,1069.04,8.51,0.7356,61.8%
handy,14d,top100,pct_change,5000.0,100,869.72,1104.43,9.09,0.7178,53.7%
handy,14d,top100,pct_change,10000.0,100,884.63,1120.09,9.21,0.7098,47.5%
handy,30d,full,level,10.0,441,2581.69,3361.72,30.69,-1.7265,57.9%
handy,30d,full,level,100.0,441,2237.03,2744.95,25.78,-0.8178,61.0%
handy,30d,full,level,1000.0,441,1883.98,2396.75,21.27,-0.3859,61.2%
handy,30d,full,level,5000.0,441,1297.68,1695.65,13.39,0.3063,63.0%
handy,30d,full,level,10000.0,441,1418.43,1833.3,13.96,0.1891,57.4%
handy,30d,full,abs_change,10.0,441,2532.68,3293.69,29.82,-1.6172,58.1%
handy,30d,full,abs_change,100.0,441,2119.64,2672.64,24.31,-0.7233,65.4%
handy,30d,full,abs_change,1000.0,441,2003.19,2552.51,22.85,-0.5719,66.7%
handy,30d,full,abs_change,5000.0,441,1639.68,2054.0,17.82,-0.0178,66.1%
handy,30d,full,abs_change,10000.0,441,1491.6,1888.53,15.99,0.1395,64.1%
handy,30d,full,pct_change,10.0,441,2881.29,3470.51,33.32,-1.9058,55.6%
handy,30d,full,pct_change,100.0,441,2615.57,3137.9,29.94,-1.3755,60.7%
handy,30d,full,pct_change,1000.0,441,2028.66,2518.85,22.9,-0.5307,64.1%
handy,30d,full,pct_change,5000.0,441,1459.81,1895.9,15.92,0.1328,66.4%
handy,30d,full,pct_change,10000.0,441,1297.81,1741.67,14.01,0.2682,67.2%
handy,30d,compact,level,10.0,218,2887.04,4148.71,35.38,-3.1525,61.0%
handy,30d,compact,level,100.0,218,2336.11,3000.55,27.48,-1.1721,66.4%
handy,30d,compact,level,1000.0,218,1436.3,1849.36,15.39,0.1749,68.0%
handy,30d,compact,level,5000.0,218,1724.37,2161.22,16.56,-0.1269,54.0%
handy,30d,compact,level,10000.0,218,2171.58,2578.86,20.29,-0.6045,47.3%
handy,30d,compact,abs_change,10.0,218,2890.64,4375.01,34.72,-3.6178,62.3%
handy,30d,compact,abs_change,100.0,218,2404.45,3367.25,30.2,-1.7355,64.3%
handy,30d,compact,abs_change,1000.0,218,1984.32,2766.77,24.38,-0.8468,68.7%
handy,30d,compact,abs_change,5000.0,218,1530.08,2064.46,16.82,-0.0282,69.5%
handy,30d,compact,abs_change,10000.0,218,1367.53,1855.2,14.64,0.1696,68.2%
handy,30d,compact,pct_change,10.0,218,3144.52,3857.44,37.48,-2.5899,60.7%
handy,30d,compact,pct_change,100.0,218,2755.07,3399.64,32.8,-1.7883,62.5%
handy,30d,compact,pct_change,1000.0,218,1995.36,2634.55,23.55,-0.6745,64.9%
handy,30d,compact,pct_change,5000.0,218,1427.09,1935.56,15.69,0.0962,67.2%
handy,30d,compact,pct_change,10000.0,218,1292.36,1761.04,13.86,0.2518,65.4%
handy,30d,top20,level,10.0,20,1310.13,1586.52,13.26,0.3927,68.0%
handy,30d,top20,level,100.0,20,1149.48,1415.05,11.93,0.5169,72.1%
handy,30d,top20,level,1000.0,20,1285.08,1633.43,13.31,0.3563,60.7%
handy,30d,top20,level,5000.0,20,1269.51,1650.46,13.1,0.3428,54.3%
handy,30d,top20,level,10000.0,20,1242.09,1644.93,12.83,0.3472,57.1%
handy,30d,top20,abs_change,10.0,20,1292.13,1574.6,12.96,0.4018,69.0%
handy,30d,top20,abs_change,100.0,20,1127.23,1388.89,11.68,0.5346,72.6%
handy,30d,top20,abs_change,1000.0,20,1202.3,1565.42,12.62,0.4088,67.2%
handy,30d,top20,abs_change,5000.0,20,1242.37,1621.49,13.03,0.3657,64.3%
handy,30d,top20,abs_change,10000.0,20,1252.91,1634.1,13.15,0.3558,59.7%
handy,30d,top20,pct_change,10.0,20,1415.76,1649.83,14.19,0.3433,65.9%
handy,30d,top20,pct_change,100.0,20,1302.81,1605.41,13.26,0.3782,66.9%
handy,30d,top20,pct_change,1000.0,20,1359.21,1706.56,13.94,0.2974,46.5%
handy,30d,top20,pct_change,5000.0,20,1376.26,1735.28,14.12,0.2735,46.5%
handy,30d,top20,pct_change,10000.0,20,1383.01,1742.11,14.19,0.2678,46.5%
handy,30d,top50,level,10.0,50,1212.97,1621.98,13.25,0.3653,77.0%
handy,30d,top50,level,100.0,50,1197.7,1481.9,12.22,0.4702,76.2%
handy,30d,top50,level,1000.0,50,2022.71,2333.38,19.03,-0.3136,46.5%
handy,30d,top50,level,5000.0,50,2060.03,2374.19,19.34,-0.3599,46.5%
handy,30d,top50,level,10000.0,50,1971.44,2291.16,18.69,-0.2665,46.5%
handy,30d,top50,abs_change,10.0,50,1208.46,1615.57,13.26,0.3703,77.8%
handy,30d,top50,abs_change,100.0,50,1153.1,1411.21,11.95,0.5195,77.8%
handy,30d,top50,abs_change,1000.0,50,1499.27,1833.24,14.78,0.1892,49.1%
handy,30d,top50,abs_change,5000.0,50,1331.61,1705.03,13.6,0.2986,46.5%
handy,30d,top50,abs_change,10000.0,50,1274.39,1663.88,13.22,0.3321,51.2%
handy,30d,top50,pct_change,10.0,50,1379.37,1689.3,14.51,0.3115,66.4%
handy,30d,top50,pct_change,100.0,50,1320.73,1597.64,13.47,0.3842,64.3%
handy,30d,top50,pct_change,1000.0,50,1563.79,1870.78,15.37,0.1556,48.8%
handy,30d,top50,pct_change,5000.0,50,1472.27,1805.7,14.81,0.2134,46.5%
handy,30d,top50,pct_change,10000.0,50,1422.1,1772.38,14.46,0.2421,46.5%
handy,30d,top100,level,10.0,100,1838.72,2262.69,19.12,-0.2352,69.3%
handy,30d,top100,level,100.0,100,1464.01,1752.13,15.05,0.2593,72.9%
handy,30d,top100,level,1000.0,100,1159.63,1560.09,12.04,0.4128,62.3%
handy,30d,top100,level,5000.0,100,1766.27,2155.11,17.17,-0.1205,46.8%
handy,30d,top100,level,10000.0,100,2007.44,2383.44,19.13,-0.3705,46.5%
handy,30d,top100,abs_change,10.0,100,1794.55,2228.65,18.64,-0.1983,70.3%
handy,30d,top100,abs_change,100.0,100,1346.14,1626.74,13.8,0.3616,75.2%
handy,30d,top100,abs_change,1000.0,100,1058.71,1420.14,11.08,0.5134,66.9%
handy,30d,top100,abs_change,5000.0,100,1119.22,1491.68,11.7,0.4632,62.8%
handy,30d,top100,abs_change,10000.0,100,1158.59,1522.47,12.12,0.4408,62.8%
handy,30d,top100,pct_change,10.0,100,2284.99,2851.81,24.38,-0.9621,64.6%
handy,30d,top100,pct_change,100.0,100,1627.2,1950.08,16.7,0.0826,64.9%
handy,30d,top100,pct_change,1000.0,100,1191.4,1545.02,12.49,0.4241,67.7%
handy,30d,top100,pct_change,5000.0,100,1228.09,1605.9,12.79,0.3778,55.6%
handy,30d,top100,pct_change,10000.0,100,1270.17,1642.62,13.18,0.349,46.5%
